TykTechnologies/graphql-translator	asyncapi/fixtures/user-api-2.0.0.yaml	https://github.com/TykTechnologies/graphql-translator/blob/15f82a5cf38ae80d5af538ca189a6f3f8cafa71c/asyncapi/fixtures/user-api-2.0.0.yaml
wso2/product-microgateway	samples/apiProjects/SampleWebsocketApi/Definitions/asyncapi.yaml	https://github.com/wso2/product-microgateway/blob/7f01aaeae542c8f659a81b6bb506688c1651c806/samples/apiProjects/SampleWebsocketApi/Definitions/asyncapi.yaml
lornajane/streamdeck-tricks	api/lights.yaml	https://github.com/lornajane/streamdeck-tricks/blob/a5bc414ebac3ffa192c0f51701f8fead296d7a67/api/lights.yaml
nikita-volkov/modeliero	hspec/ModelieroSpec/fixtures/async-api/network-address.yaml	https://github.com/nikita-volkov/modeliero/blob/54d83a2ad5cf03cda36b5ed476120c2027b5b2c9/hspec/ModelieroSpec/fixtures/async-api/network-address.yaml
8cH9azbsFifZ/hangboard	backend/database/database_api.yaml	https://github.com/8cH9azbsFifZ/hangboard/blob/d8c804969053ea9a6d25c7f0a7311166faa09f59/backend/database/database_api.yaml
Kong/spec-renderer	sandbox/public/specs/openapi-scema-in-async.yaml	https://github.com/Kong/spec-renderer/blob/41fbabedb5a7e2afe5a26955cb65e9423b289155/sandbox/public/specs/openapi-scema-in-async.yaml
ankush98m/harmonyHub	docs/webSocketAPI.yaml	https://github.com/ankush98m/harmonyHub/blob/0f7eed4b398b58a5c0bda8b2288524d28f088dac/docs/webSocketAPI.yaml
advanced-rest-client/api-body-document	demo/anyOf/anyOf.yaml	https://github.com/advanced-rest-client/api-body-document/blob/14df4fa657a7e4f1ac33718be28e3e822a521076/demo/anyOf/anyOf.yaml
api-components/amf-components	demo/apis/APIC-582/APIC-582.yaml	https://github.com/api-components/amf-components/blob/878425644eed032c2f2522d36fc9d9da16bc6710/demo/apis/APIC-582/APIC-582.yaml
daniloab/bull-named-asyncapi-example	script/asyncApiHeaderConfig.yaml	https://github.com/daniloab/bull-named-asyncapi-example/blob/1a5a7f1676ec2f7bcf4c00aa55e3a64db71f56ae/script/asyncApiHeaderConfig.yaml
eharishgit/test3	harish-event.yaml	https://github.com/eharishgit/test3/blob/3acfcf6a0ff5bc18a51942ca75965030d1911801/harish-event.yaml
tromgy/swagger-yaml-to-json-schema	sample/asyncapi_ref.yaml	https://github.com/tromgy/swagger-yaml-to-json-schema/blob/52f56435e13f6e5c7b4733f55a786f1682bc61f5/sample/asyncapi_ref.yaml
mvillarrealb/liquibase-demo	book-demo-micronaut/api/book-inventory.asyncapi.yaml	https://github.com/mvillarrealb/liquibase-demo/blob/7243c0c9643080b5ab759ca7fb59d050c5b79c34/book-demo-micronaut/api/book-inventory.asyncapi.yaml
amadeus4dev-examples/amadeus-async-flight-status	subscriber/asyncapi.yaml	https://github.com/amadeus4dev-examples/amadeus-async-flight-status/blob/ff433b6d320a3a6a2499976cbf0782353bc57c16/subscriber/asyncapi.yaml
eharishgit/hello-world	my-events-api.yaml	https://github.com/eharishgit/hello-world/blob/59ff9387d0301d151da8f23ef8124998774ededf/my-events-api.yaml
GramBelleg/Whisper_BackEnd	src/docs/asyncapi/messaging.yaml	https://github.com/GramBelleg/Whisper_BackEnd/blob/9292990108f4d1ab41e853c07bd1b09f8d01f116/src/docs/asyncapi/messaging.yaml
springwolf/springwolf-app	examples/kafka/files/example-consumer.yaml	https://github.com/springwolf/springwolf-app/blob/544b1a1a89964726b94ad70e888efbcc057ecab7/examples/kafka/files/example-consumer.yaml
zimoch84/HaggisProject	haggis-platform/docs/asyncApi/SerwerAPI.yaml	https://github.com/zimoch84/HaggisProject/blob/90e347632fb3209d2cb0adfe6cee6c76277e791f/haggis-platform/docs/asyncApi/SerwerAPI.yaml
EdithRW/rw-backend-dashboard	api-info/files-api.yaml	https://github.com/EdithRW/rw-backend-dashboard/blob/627e81060ed6b877580790222d5dfd1f3f102ebf/api-info/files-api.yaml
MEF-GIT/MEF-LSO-Legato-SDK	serviceApi/pm/streaming/performance.template.asyncapi.yaml	https://github.com/MEF-GIT/MEF-LSO-Legato-SDK/blob/397fab28e4cf3fe0e637ac43db467cc5afe5ef6a/serviceApi/pm/streaming/performance.template.asyncapi.yaml
choseenonee/websocket_example	static/asyncapi/asyncapi.yaml	https://github.com/choseenonee/websocket_example/blob/843bf6fa18f82837bdb71621b91a49b327fc42e5/static/asyncapi/asyncapi.yaml
marle3003/mokapi	examples/kafka/asyncapi-2/api.yaml	https://github.com/marle3003/mokapi/blob/a742cadbbd68b84c1c2524924261f980778ee4ce/examples/kafka/asyncapi-2/api.yaml
crybapp/crybapp.github.io	core/events.yaml	https://github.com/crybapp/crybapp.github.io/blob/296ea894816b323019b8ff45ccbe3e9d550db396/core/events.yaml
krishi-agrawal/generator-template	html-template/asyncapi.yaml	https://github.com/krishi-agrawal/generator-template/blob/5be789ec51a49d27e48cddde27b3ea3879df06ec/html-template/asyncapi.yaml
treeder/async-toy-store	app3/asyncapi.yaml	https://github.com/treeder/async-toy-store/blob/074c3557b4eb1c993bdcd1152bf8e63ae0592072/app3/asyncapi.yaml
advanced-rest-client/api-method-documentation	demo/APIC-582/APIC-582.yaml	https://github.com/advanced-rest-client/api-method-documentation/blob/ab29b649f1f1fd7c5de1bc560d043dd98794ed57/demo/APIC-582/APIC-582.yaml
unibuc-cs/IoT-application-set	apps/smartkettle/async-api.yaml	https://github.com/unibuc-cs/IoT-application-set/blob/b0d584caa9e2b37c270c34f1a0a768602dc8d619/apps/smartkettle/async-api.yaml
chvanam/fdp-rust-manifest	examples/asyncapi/1_message.yaml	https://github.com/chvanam/fdp-rust-manifest/blob/536f797305d6ba5e2c078e4687e758ae87d1cb3b/examples/asyncapi/1_message.yaml
wso2/bijira-samples	services/chat-service-nodejs/asyncapi.yaml	https://github.com/wso2/bijira-samples/blob/50433ae3939f8d5f19225fe541ec18347b9b68ec/services/chat-service-nodejs/asyncapi.yaml
Thushani-Jayasekera/websocket-servers	web_sockets/asyncapi.yaml	https://github.com/Thushani-Jayasekera/websocket-servers/blob/23ea9afec05260b0ef222902fb6e62c000913d5b/web_sockets/asyncapi.yaml
jbrannst/async	spec/async-error.yaml	https://github.com/jbrannst/async/blob/b5aa7deaf5109d26950aabb9a3973572593e9d77/spec/async-error.yaml
crivetechie/backstage-demo-component-producer	async-api.yaml	https://github.com/crivetechie/backstage-demo-component-producer/blob/15dae2e729591f3b0c5871fe25ca9a78b6be6328/async-api.yaml
Brico87/seed-kafka	examples/quarkus/event-producer-avro/contract_asyncapi_avro_v2.0.yaml	https://github.com/Brico87/seed-kafka/blob/e91ee1e1fe422b54a7ce04f1e22a203827578202/examples/quarkus/event-producer-avro/contract_asyncapi_avro_v2.0.yaml
edulucca/worker-notificacoes	catalog-info.yaml	https://github.com/edulucca/worker-notificacoes/blob/6cef07f17c8e63d71c01c5732b35d4425f568215/catalog-info.yaml
jbcodeforce/eda-demo-order-ms	src/main/apis/asyncapi.yaml	https://github.com/jbcodeforce/eda-demo-order-ms/blob/fb9a094099d56e8abfa0114e7b8138dfaefef576/src/main/apis/asyncapi.yaml
nsivanoly/bank-demo	platform/wso2-am/am-data/Chat/Definitions/asyncapi.yaml	https://github.com/nsivanoly/bank-demo/blob/bd1b95559e4d0ab1b7f96945db47c8d828e7365e/platform/wso2-am/am-data/Chat/Definitions/asyncapi.yaml
fmvilas/asyncapi-websockets-example	asyncapi.yaml	https://github.com/fmvilas/asyncapi-websockets-example/blob/a817e3a49044e5196b7b00be3c53e90154816768/asyncapi.yaml
dutradda/asyncapi-python	docs/src/gcloud_pubsub/api-spec.yaml	https://github.com/dutradda/asyncapi-python/blob/b9d3a9656e0da8230cffd462441e01b0fef19c93/docs/src/gcloud_pubsub/api-spec.yaml
online-bridge-hackathon/data-formats	apis/play-engine/asyncapi.yaml	https://github.com/online-bridge-hackathon/data-formats/blob/d9a0cc3aef4ccc017481b197de93663c6bc5ec03/apis/play-engine/asyncapi.yaml
BidnessForB/postman-sdk	fixtures/specs/asyncapi-2.0.yaml	https://github.com/BidnessForB/postman-sdk/blob/6fd9a0beb3de2bc4646fe10379a7a36e71f23daa/fixtures/specs/asyncapi-2.0.yaml
ln678090/ChatRealTime	src/main/java/com/java5/asm/util/h.yaml	https://github.com/ln678090/ChatRealTime/blob/715daacccafc0f0b6f40bea9203148ae07150d62/src/main/java/com/java5/asm/util/h.yaml
online-bridge-hackathon/gcp-cf-docsgen	templates/asyncapi.yaml	https://github.com/online-bridge-hackathon/gcp-cf-docsgen/blob/5d9d7f55c1d6be57b877dbf5874a764b9e814c8b/templates/asyncapi.yaml
qconn-io/apim-backstage	backstage/examples/invalid-asyncapi-api.yaml	https://github.com/qconn-io/apim-backstage/blob/f0db3f71ad2f7c3bf2ab3988160c0b31efa8f932/backstage/examples/invalid-asyncapi-api.yaml
asyncapi/python-paho-template	samples/temperature.yaml	https://github.com/asyncapi/python-paho-template/blob/babcb41288ff65fc5ea910f070f39294f5e7fcec/samples/temperature.yaml
bshongwe/fintech-api	docs/api-specs/asyncapi.yaml	https://github.com/bshongwe/fintech-api/blob/3ce597975b1edef2841c5c93e9d7cb94e554e807/docs/api-specs/asyncapi.yaml
arjungarg07/cupidDemo	examples/flightService/notifier.yaml	https://github.com/arjungarg07/cupidDemo/blob/7ecbffa0e2971e8065708a4a831f5acb6c1386ed/examples/flightService/notifier.yaml
echohello-dev/backstage	examples/apis/real-time-transactions-api.yaml	https://github.com/echohello-dev/backstage/blob/5925660719a89157c92516c283274d82c343decb/examples/apis/real-time-transactions-api.yaml
arjungarg07/relation-finder-prototype	flightService/notifier.yaml	https://github.com/arjungarg07/relation-finder-prototype/blob/47b317dac91bfc7188383fb2b429e3fe99f5ae05/flightService/notifier.yaml
WaleedAshraf/asyncapi-test-gh-action	asyncapi.yaml	https://github.com/WaleedAshraf/asyncapi-test-gh-action/blob/ec9fc9e3dd24061accb3ce414357d065fe20f452/asyncapi.yaml
ashtanko/log4fit-api	src/main/resources/asyncapi.yaml	https://github.com/ashtanko/log4fit-api/blob/80c73e7f32f59d9297004e8c19e355d8c4a49ab2/src/main/resources/asyncapi.yaml
DEFRA/ffc-demo-payment-service	docs/asyncapi.yaml	https://github.com/DEFRA/ffc-demo-payment-service/blob/fd2bb6ac3e5f7512867bb3d72695751fab6f886a/docs/asyncapi.yaml
wso2/choreo-samples	websocket-chat-app/websocket-chat-service-nodejs/asyncapi.yaml	https://github.com/wso2/choreo-samples/blob/3ce5e267f422e67795c8139c4ccbf9a81b4578f1/websocket-chat-app/websocket-chat-service-nodejs/asyncapi.yaml
daniloab/async-api-react-example	src/scripts/asyncApiHeaderConfig.yaml	https://github.com/daniloab/async-api-react-example/blob/55d040bdc216383d7861625fd8b3d438fc14ab8d/src/scripts/asyncApiHeaderConfig.yaml
aml-org/als	als-suggestions/shared/src/test/resources/test/AsyncAPI2/by-directory/components/schemas/schema-name-after-declaration.yaml	https://github.com/aml-org/als/blob/498c91e6ab0bf0a36edc2488410ae8bdbc52eaae/als-suggestions/shared/src/test/resources/test/AsyncAPI2/by-directory/components/schemas/schema-name-after-declaration.yaml
aml-org/amf	amf-cli/shared/src/test/resources/validations/async20/validations/mandatory-server-protocol.yaml	https://github.com/aml-org/amf/blob/2a4acce06661e470fe419ae2918785f834bdb7eb/amf-cli/shared/src/test/resources/validations/async20/validations/mandatory-server-protocol.yaml
aml-org/amf-custom-validator	test/data/production/asyncapi/negative13.yaml	https://github.com/aml-org/amf-custom-validator/blob/64506ed734c260c666792b66ded36f7273a984eb/test/data/production/asyncapi/negative13.yaml
yojo-generator/generator	src/test/resources/example/contract/upperCaseFields.yaml	https://github.com/yojo-generator/generator/blob/a272ab2f8e1c1a58c56d709e41d4ee2cb76e5fdd/src/test/resources/example/contract/upperCaseFields.yaml
asyncapi/tck	tests/asyncapi-2.0/Server Variable Object/Fields Types/invalid-default-type.yaml	https://github.com/asyncapi/tck/blob/1508a3c25498b0dc8b9bb98d562b15c16a8dc1aa/tests/asyncapi-2.0/Server%20Variable%20Object/Fields%20Types/invalid-default-type.yaml
chainloop-dev/chainloop	pkg/attestation/crafter/materials/testdata/asyncapi-3.0.yaml	https://github.com/chainloop-dev/chainloop/blob/c81540bf57aa7a07f021c1cd99dfaaae81178ab6/pkg/attestation/crafter/materials/testdata/asyncapi-3.0.yaml
ep-infosec/35_mulesoft_api-console	demo/models/anyOf/anyOf.yaml	https://github.com/ep-infosec/35_mulesoft_api-console/blob/a48673b3e0f7642e1767e5281e957e5521863b87/demo/models/anyOf/anyOf.yaml
ep-infosec/14_mulesoft_api-console	demo/models/anyOf/anyOf.yaml	https://github.com/ep-infosec/14_mulesoft_api-console/blob/b7a4fbd723730350cc2bf8aa785270b2f552781c/demo/models/anyOf/anyOf.yaml
PlutoneonConsultancy/api-console	demo/models/anyOf/anyOf.yaml	https://github.com/PlutoneonConsultancy/api-console/blob/a1b3fc59e2cad42c65405222d8d41a928215707d/demo/models/anyOf/anyOf.yaml
MEF-GIT/MEF-LSO-Interlude-SDK	serviceApi/pm/streaming/performance.template.asyncapi.yaml	https://github.com/MEF-GIT/MEF-LSO-Interlude-SDK/blob/aaa515d76a4f6dc095ecab13e1f385ef6b292458/serviceApi/pm/streaming/performance.template.asyncapi.yaml
MEF-GIT/MEF-LSO-Allegro-SDK	serviceApi/pm/streaming/performance.template.asyncapi.yaml	https://github.com/MEF-GIT/MEF-LSO-Allegro-SDK/blob/18b6cac661718e6f7f812c787d56ec22730d53c3/serviceApi/pm/streaming/performance.template.asyncapi.yaml
Thushani-Jayasekera/websocket-chat-application	chat-app-server/asyncapi.yaml	https://github.com/Thushani-Jayasekera/websocket-chat-application/blob/8ac9164a7b99f4ab96771c970976015133d87110/chat-app-server/asyncapi.yaml
kaje94/choreo-websocket-chat-app	websocket-chat-service-nodejs/asyncapi.yaml	https://github.com/kaje94/choreo-websocket-chat-app/blob/dfedb1b0ba6d42e676c118370c45c19393106804/websocket-chat-service-nodejs/asyncapi.yaml
kaviththiranga/choreo-test-samples	websocket-chat-app/websocket-chat-service-nodejs/asyncapi.yaml	https://github.com/kaviththiranga/choreo-test-samples/blob/e47230d7efb4cd00e5b1cd701ad1bd5496fb0d57/websocket-chat-app/websocket-chat-service-nodejs/asyncapi.yaml
jstoiko/amf	amf-client/shared/src/test/resources/validations/async20/validations/mandatory-server-protocol.yaml	https://github.com/jstoiko/amf/blob/379b0a80eb2a2ecdf670a8f68ae60af01921513a/amf-client/shared/src/test/resources/validations/async20/validations/mandatory-server-protocol.yaml
asyncapi/jasyncapi-idea-plugin	src/test/testData/yaml/reference/completion/2.0.0/reference.yaml	https://github.com/asyncapi/jasyncapi-idea-plugin/blob/be09627260ac048b4bdc022aa99916735be6b911/src/test/testData/yaml/reference/completion/2.0.0/reference.yaml
swagger-api/apidom	packages/apidom-ls/test/fixtures/sample-api-completion-async-root.yaml	https://github.com/swagger-api/apidom/blob/c20813a5f609bceea761085a65c54eb0ae971271/packages/apidom-ls/test/fixtures/sample-api-completion-async-root.yaml
philCryoport/jasyncapi-idea-plugin	src/test/testData/yaml/reference/completion/2.0.0/reference.yaml	https://github.com/philCryoport/jasyncapi-idea-plugin/blob/2e034ca65a83de37f38beb8e35d5050cd2f7da19/src/test/testData/yaml/reference/completion/2.0.0/reference.yaml
GreenRover/proto-schema-parser	test/simple.proto3.yaml	https://github.com/GreenRover/proto-schema-parser/blob/2fc3b2e362f9045d7e2036b522620b12532ac12d/test/simple.proto3.yaml
crustacgen/playground	test-generator/spec/basic.yaml	https://github.com/crustacgen/playground/blob/1c26a9afdadab7a30b59bbb5fd2ef80510f95e3d/test-generator/spec/basic.yaml
apiaddicts/sonar-asyncapi	asyncapi-front-end/src/test/resources/metrics/embedded-newlines-lines.yaml	https://github.com/apiaddicts/sonar-asyncapi/blob/c9bcd7a658b836fb8c570196bd2007df6c0a23e8/asyncapi-front-end/src/test/resources/metrics/embedded-newlines-lines.yaml
Raiffeisen-DGTL/rest-api-guide	spectral/tests/common/testData/asyncapi/external-ref-forbidden-spec-internal-blocks.yaml	https://github.com/Raiffeisen-DGTL/rest-api-guide/blob/b2afc8e0247d5ff43a3cb61b2c343752fd2f6ee6/spectral/tests/common/testData/asyncapi/external-ref-forbidden-spec-internal-blocks.yaml
apiaddicts/sonarasyncapi-rules	src/test/resources/checks/v2/examples/AAR031/message-examples.yaml	https://github.com/apiaddicts/sonarasyncapi-rules/blob/0bc5e34b1e8dcce2b6b95f392bf88288bd58a764/src/test/resources/checks/v2/examples/AAR031/message-examples.yaml
asyncapi/bundler	tests/base-option/asyncapi.yaml	https://github.com/asyncapi/bundler/blob/e45b541a1f0565064f3e732a6c3a348a33e09d99/tests/base-option/asyncapi.yaml
asyncapi/java-spring-cloud-stream-template	test/mocks/kafka-avro.yaml	https://github.com/asyncapi/java-spring-cloud-stream-template/blob/33363e8ccab429c69022a1eceae2aa20d685ac94/test/mocks/kafka-avro.yaml
Brico87/event-gateway	event-catalog/test-contract.asyncapi.yaml	https://github.com/Brico87/event-gateway/blob/4789d1620c7bb3d5ecd4a34b706afbec5444c762/event-catalog/test-contract.asyncapi.yaml
aml-org/amf-metadata	transform/src/test/resources/specs/async20/mqtt-operation-binding.yaml	https://github.com/aml-org/amf-metadata/blob/9473f7b7572564d5fed03ee5deea0a06964661f1/transform/src/test/resources/specs/async20/mqtt-operation-binding.yaml
asyncapi/parser-js	packages/parser/test/mocks/simple-with-refs.yaml	https://github.com/asyncapi/parser-js/blob/ef1aa36c23a4b6423eb4c74e68cd9b79ad614920/packages/parser/test/mocks/simple-with-refs.yaml
PcComponentes/open-api-messaging-context	tests/AsyncApi/valid-asyncapi-v20-spec.yaml	https://github.com/PcComponentes/open-api-messaging-context/blob/2faf8d3b950a6bf5a9654b2016c5af32adff2f20/tests/AsyncApi/valid-asyncapi-v20-spec.yaml
asyncapi/protobuf-schema-parser	test/documents/simple.proto2.yaml	https://github.com/asyncapi/protobuf-schema-parser/blob/685f881d085f3a98d4cedda98e92f14bb1584be9/test/documents/simple.proto2.yaml
wso2/product-apim	all-in-one-apim/modules/integration/tests-integration/tests-backend/src/test/resources/async/asyncapi.yaml	https://github.com/wso2/product-apim/blob/b8bc39149aec9d5a091f56755bb7899ed8bbd71a/all-in-one-apim/modules/integration/tests-integration/tests-backend/src/test/resources/async/asyncapi.yaml
supermodel/asyncapi-cli	test/asyncapi-minimal.yaml	https://github.com/supermodel/asyncapi-cli/blob/5d858de84dc99ce37cb8c4e89147856c6a950b40/test/asyncapi-minimal.yaml
aml-org/examples	AMF5/src/test/resources/examples/async.yaml	https://github.com/aml-org/examples/blob/ed94ed71fb79a8c5f1deb23dedba34aa73bd270d/AMF5/src/test/resources/examples/async.yaml
HeshanSudarshana/product-apim-workflow	all-in-one-apim/modules/integration/tests-integration/tests-backend/src/test/resources/async/asyncapi.yaml	https://github.com/HeshanSudarshana/product-apim-workflow/blob/25b0ef385958cf20e0016835818f758f10dc3e16/all-in-one-apim/modules/integration/tests-integration/tests-backend/src/test/resources/async/asyncapi.yaml
thil4n/wso2-apim-source	product-apim/all-in-one-apim/modules/integration/tests-integration/tests-backend/src/test/resources/async/asyncapi.yaml	https://github.com/thil4n/wso2-apim-source/blob/627da2d5021a50db69270d252709a2eb686b3902/product-apim/all-in-one-apim/modules/integration/tests-integration/tests-backend/src/test/resources/async/asyncapi.yaml
baldimir/kie-backend	quarkus/extensions/kogito-quarkus-serverless-workflow-extension/kogito-quarkus-serverless-workflow-integration-test/src/main/resources/specs/asyncAPI.yaml	https://github.com/baldimir/kie-backend/blob/c256c0cb8cf8dd37834ab141937486e0ba6a91ca/quarkus/extensions/kogito-quarkus-serverless-workflow-extension/kogito-quarkus-serverless-workflow-integration-test/src/main/resources/specs/asyncAPI.yaml
lerenn/asyncapi-codegen	test/v2/issues/73/asyncapi-2.0.0.yaml	https://github.com/lerenn/asyncapi-codegen/blob/2974485068d999cadbd12d8cd286e5dde4436050/test/v2/issues/73/asyncapi-2.0.0.yaml
SDA-SE/sda-dropwizard-commons	sda-commons-shared-asyncapi/src/test/resources/AsyncApiGeneratorTest/asyncapi_template.yaml	https://github.com/SDA-SE/sda-dropwizard-commons/blob/f007608e32b709250d111aef3d5ef6bb3dd32d5b/sda-commons-shared-asyncapi/src/test/resources/AsyncApiGeneratorTest/asyncapi_template.yaml
Netcracker/qubership-integration-runtime-catalog	src/test/resources/asyncapi/v3/kafka-v3-with-refs.yaml	https://github.com/Netcracker/qubership-integration-runtime-catalog/blob/c7295671d031ce7cfe9c8c9ee71283ff6656531e/src/test/resources/asyncapi/v3/kafka-v3-with-refs.yaml
codacy/codacy-spectral	docs/multiple-tests/conf-no-extends-standalone-rule/src/signup.yaml	https://github.com/codacy/codacy-spectral/blob/9d57be2121315b6fbda2a175ba7af835be6d7fd0/docs/multiple-tests/conf-no-extends-standalone-rule/src/signup.yaml
jamarcer/openapi-schema-parsers	tests/AsyncApi/valid-asyncapi-v20-spec.yaml	https://github.com/jamarcer/openapi-schema-parsers/blob/3dfc126b58831c5a3912aa90aa076160b0219acc/tests/AsyncApi/valid-asyncapi-v20-spec.yaml
xingyug/service2mcp	tests/fixtures/asyncapi_specs/simple_v3.yaml	https://github.com/xingyug/service2mcp/blob/52d46f21bf3087581fc007cbee03377ad50a9c4f/tests/fixtures/asyncapi_specs/simple_v3.yaml
dimonoff/asyncapi-codegen	test/v2/issues/73/asyncapi-2.0.0.yaml	https://github.com/dimonoff/asyncapi-codegen/blob/cd9302f8cc375019e54b9b61072db7866dba1384/test/v2/issues/73/asyncapi-2.0.0.yaml
Netcracker/qubership-integration-platform	runtime-catalog/src/test/resources/asyncapi/v3/kafka-v3-with-refs.yaml	https://github.com/Netcracker/qubership-integration-platform/blob/b05bac38998e14f8c810890a3bfdf8a8c22ceb8d/runtime-catalog/src/test/resources/asyncapi/v3/kafka-v3-with-refs.yaml
SDA-SE/sda-spring-boot-commons	sda-commons-asyncapi/src/test/resources/AsyncApiGeneratorTest/asyncapi_reference_failure_template.yaml	https://github.com/SDA-SE/sda-spring-boot-commons/blob/6db668ece46ba13e5e8fbe3088f2c4a6f3536994/sda-commons-asyncapi/src/test/resources/AsyncApiGeneratorTest/asyncapi_reference_failure_template.yaml
Netcracker/qubership-apihub-api-processor	test/projects/asyncapi-deduplication/root-info-change-multiple-operations/after.yaml	https://github.com/Netcracker/qubership-apihub-api-processor/blob/18c3a5d935e5aa9f80d186064e3bb4f21bb07eae/test/projects/asyncapi-deduplication/root-info-change-multiple-operations/after.yaml
WaleedAshraf/asyncapi-github-action	test/mock-invalid-schema.yaml	https://github.com/WaleedAshraf/asyncapi-github-action/blob/d31f1627ac7c24132e7c4e4b89948d43b619685a/test/mock-invalid-schema.yaml
zahash/jsoncodegen	test-data/asyncapi/asyncapi.yaml	https://github.com/zahash/jsoncodegen/blob/f93b7dbbcf6dc89decee034d2392f776909f42f1/test-data/asyncapi/asyncapi.yaml
swaggest/go-asyncapi	reflector/asyncapi-2.0.0/sample.yaml	https://github.com/swaggest/go-asyncapi/blob/8baf74c22ae95c86215b039780dcae869c2ad6fb/reflector/asyncapi-2.0.0/sample.yaml
mulesoft/api-console	demo/models/async-api/async-api.yaml	https://github.com/mulesoft/api-console/blob/38f14f91bd7174c80db57bb6ad8bb0f08ec7be91/demo/models/async-api/async-api.yaml
asyncapi/enterprise-patterns	selectors/asyncapi.yaml	https://github.com/asyncapi/enterprise-patterns/blob/715a698ef8f9a1a877c7ede37c6e94f4f4a2bb1f/selectors/asyncapi.yaml
ideacrew/aca_entities	lib/aca_entities/async_api/enroll/amqp_medicaid_atp_subscribe.yaml	https://github.com/ideacrew/aca_entities/blob/a50e53f9b8aec1c362d11de7d1233cfc64e61d6c/lib/aca_entities/async_api/enroll/amqp_medicaid_atp_subscribe.yaml
APIs-guru/asyncapi-directory	docs/APIs/jukeberry+asyncapiconfdemo@v1.0.0.yaml	https://github.com/APIs-guru/asyncapi-directory/blob/fc61804b654cbb116044f4712050a7b6de1e5a48/docs/APIs/jukeberry%2Basyncapiconfdemo@v1.0.0.yaml
edulucca/gateway-stripe-adapter	catalog-info.yaml	https://github.com/edulucca/gateway-stripe-adapter/blob/0c1bff66f02b841e0fa7f163be19ed9f43c1a139/catalog-info.yaml
Lap-Platform/LAP	examples/verbose/asyncapi/streaming-analytics.yaml	https://github.com/Lap-Platform/LAP/blob/31ac700f6453ac15649ab850251f97f3307344bb/examples/verbose/asyncapi/streaming-analytics.yaml
prafulrana/asyncAPIExamples	samples/sample.yaml	https://github.com/prafulrana/asyncAPIExamples/blob/dbdc7fb8e307f3ff4de8d24afec00e575c565b4e/samples/sample.yaml
manuelottlik/rest-vs-eda-talk	asyncapi.yaml	https://github.com/manuelottlik/rest-vs-eda-talk/blob/1634e4451ba44200f5b3b6e92da41f40b61dabe9/asyncapi.yaml
bump-sh/examples	hubs/examples/asyncapi-user-signup-asyncapi-source.yaml	https://github.com/bump-sh/examples/blob/d61f69b1e26389bf7b30d186c1d6b8d39635bef9/hubs/examples/asyncapi-user-signup-asyncapi-source.yaml
AccelByte/accelbyte-api-proto	asyncapi/accelbyte/reporting/reporting/v1/reporting.yaml	https://github.com/AccelByte/accelbyte-api-proto/blob/c48248d62b2f512ea979a780972950464068f501/asyncapi/accelbyte/reporting/reporting/v1/reporting.yaml
schetinnikov-otus/arch-labs	api-spec/message-bus/bus-asyncapi.yaml	https://github.com/schetinnikov-otus/arch-labs/blob/c99e95d0bb4dde338c6c62a11bf2ea14a515c21e/api-spec/message-bus/bus-asyncapi.yaml
ministryofjustice/hmpps-complexity-of-need	Complexity of Need Event Specification.yaml	https://github.com/ministryofjustice/hmpps-complexity-of-need/blob/0351db73ba7c4b17cac2fbfc0476d56e7fbff3d9/Complexity%20of%20Need%20Event%20Specification.yaml
Nordic-MVP-GitOps-Repos/hypersonic-lightweight-cp4i	components/apiconnect/base/apis/mq-queue-asyncapi.yaml	https://github.com/Nordic-MVP-GitOps-Repos/hypersonic-lightweight-cp4i/blob/5c7afa13c4c65d4231f34277d6ca212a8260309b/components/apiconnect/base/apis/mq-queue-asyncapi.yaml
event-catalog/eventcatalog	examples/default/domains/E-Commerce/subdomains/Orders/services/OrdersService/order-service-asyncapi.yaml	https://github.com/event-catalog/eventcatalog/blob/3306a33245e88f3cef38491acb4b7688fe6c5db9/examples/default/domains/E-Commerce/subdomains/Orders/services/OrdersService/order-service-asyncapi.yaml
eda-ecommerce/asyncapi	order/asyncapi.yaml	https://github.com/eda-ecommerce/asyncapi/blob/908b8760d17e2d9da74c2431688abdd7f0414801/order/asyncapi.yaml
SolaceLabs/solace-tools-typescript	docs/source/ep-async-api-importer/examples-content/files/NewApplication.yaml	https://github.com/SolaceLabs/solace-tools-typescript/blob/d4f1b51a10ce42daefaf180c8eb2abe35d3e5663/docs/source/ep-async-api-importer/examples-content/files/NewApplication.yaml
aklivity/zilla	examples/openapi.asyncapi.kakfa.proxy/etc/specs/kafka-asyncapi.yaml	https://github.com/aklivity/zilla/blob/e88ebe9752dc6664234aae73be1e204ab42c211d/examples/openapi.asyncapi.kakfa.proxy/etc/specs/kafka-asyncapi.yaml
advanced-rest-client/api-request	demo/async-api/async-api.yaml	https://github.com/advanced-rest-client/api-request/blob/e2503cfa42fba97f8f7f2b3183773f72372bdd9e/demo/async-api/async-api.yaml
dash0hq/otel-platform-demo	services/notification-service/catalog-info.yaml	https://github.com/dash0hq/otel-platform-demo/blob/bd3901a204cef241b3f6d3db864b26bbe0164d19/services/notification-service/catalog-info.yaml
advanced-rest-client/amf-helper-mixin	apis/async-api/async-api.yaml	https://github.com/advanced-rest-client/amf-helper-mixin/blob/e489ed42a2204eddc52f69c5611c224cf8f73dc6/apis/async-api/async-api.yaml
ibm-messaging/mq-dev-patterns	backstage/asyncapi/sample.yaml	https://github.com/ibm-messaging/mq-dev-patterns/blob/5909608f85a99ce97f85ce7dec381594ff390d25/backstage/asyncapi/sample.yaml
dalelane/event-endpoint-management-demo	08-publish-topics-to-eem/resources/api-specs/template-random_1.0.0.yaml	https://github.com/dalelane/event-endpoint-management-demo/blob/029104cce4a0a40f4a8c26cc4f9ec7bf685ed6dc/08-publish-topics-to-eem/resources/api-specs/template-random_1.0.0.yaml
music10/server	ws.api.yaml	https://github.com/music10/server/blob/300a668dd145fcdbac9a88a361747addbea9df0c/ws.api.yaml
mtturner57/AsyncApiGenerator	async-yaml-2_0.yaml	https://github.com/mtturner57/AsyncApiGenerator/blob/d65d1f49e85f8486051e864d4943d82f2eba2174/async-yaml-2_0.yaml
mzegarras/schemas-avros	customer-event.yaml	https://github.com/mzegarras/schemas-avros/blob/7225036a1826e7091ef11c789e8be614b03be017/customer-event.yaml
IMAGINARY/citizen-quest	specs/asyncapi.yaml	https://github.com/IMAGINARY/citizen-quest/blob/1848b2565c34e3e871a9d2fdbe85598fa7378c83/specs/asyncapi.yaml
arc-archive/api-navigation	demo/async-api/async-api.yaml	https://github.com/arc-archive/api-navigation/blob/0f39ad085540efe7bac9ca1ae2f869564ed1f96c/demo/async-api/async-api.yaml
eBay/event-notification-java-sdk	contract/priority_listing_revision.yaml	https://github.com/eBay/event-notification-java-sdk/blob/e61e189171f123d7f4ce91b734d8c3a9099186f8/contract/priority_listing_revision.yaml
arih1299/solacedemo-kafkasummitapac2021	EventPortal/DoctorMobileApp.yaml	https://github.com/arih1299/solacedemo-kafkasummitapac2021/blob/4699c8ea75fc4f16cfcf7cd689362f11eb353550/EventPortal/DoctorMobileApp.yaml
lmeilibr/asyncapi-demo	asyncapi.yaml	https://github.com/lmeilibr/asyncapi-demo/blob/4d95f5e43df3e1adb974222726628a47093629af/asyncapi.yaml
jonaslagoni/asyncapi-miniseries	AsyncAPI/GameServer.yaml	https://github.com/jonaslagoni/asyncapi-miniseries/blob/260bf05396f21e1ca5247dc331f73a336be95f70/AsyncAPI/GameServer.yaml
INSPIDE/DGT3.0Workshop_usecase_9	docs/dgt30_caso19_mqtt.yaml	https://github.com/INSPIDE/DGT3.0Workshop_usecase_9/blob/6d5229e77e4eee61e01927df3d27269656919f06/docs/dgt30_caso19_mqtt.yaml
edulucca/api-autenticacao	catalogo-info.yaml	https://github.com/edulucca/api-autenticacao/blob/959a4ca3d51aeb03ba11f38b2d2b28010f69683d/catalogo-info.yaml
SolaceLabs/solace-ansible-plugin	examples/asyncapi/myEventApi1-0.1.0.yaml	https://github.com/SolaceLabs/solace-ansible-plugin/blob/7271476b15aa29b8b6d29249b0e7529dde16b4d5/examples/asyncapi/myEventApi1-0.1.0.yaml
SourceOS-Linux/sourceos-spec	asyncapi.ops-history.patch.yaml	https://github.com/SourceOS-Linux/sourceos-spec/blob/d5af546333b4d05435055101cd4d349c7f501671/asyncapi.ops-history.patch.yaml
INSPIDE/DGT3.0Workshop_usecase_13	docs/dgt30_caso13_mqtt.yaml	https://github.com/INSPIDE/DGT3.0Workshop_usecase_13/blob/c6a17eeae1072ae42008119198a1c2f7d64a308e/docs/dgt30_caso13_mqtt.yaml
dalelane/eem-demo-datagen	specs/asyncapi/api-takeoffs_0.0.8.yaml	https://github.com/dalelane/eem-demo-datagen/blob/acab11d2acc3238009cb30b6b2721f665f79a23b/specs/asyncapi/api-takeoffs_0.0.8.yaml
tyntec/api-collection	conversations/v3/partner_api_webhook_events.yaml	https://github.com/tyntec/api-collection/blob/5660f690aef0d06ec5a364f71e8b6a66df60d3ae/conversations/v3/partner_api_webhook_events.yaml
hschaffner/AsyncAPI_Test	target/classes/SingaporeBusSimulator-4.yaml	https://github.com/hschaffner/AsyncAPI_Test/blob/84f5686deb8c15407a96b4a83ce1b587dea47d82/target/classes/SingaporeBusSimulator-4.yaml
CROprogrammer/microcks	user-signedup-avro-ref-asyncapi.yaml	https://github.com/CROprogrammer/microcks/blob/915738ac113f5f4013648f785d2db0fd8ce665e9/user-signedup-avro-ref-asyncapi.yaml
djoleant/IoTS-Smart-building	Smartbuilding_PROJ2/AsyncAPI/asyncapi.yaml	https://github.com/djoleant/IoTS-Smart-building/blob/6966a028cd81e63836c0fcde516dfedb3018c7a7/Smartbuilding_PROJ2/AsyncAPI/asyncapi.yaml
greenthegarden/enviropluspublisher	asyncapi.yaml	https://github.com/greenthegarden/enviropluspublisher/blob/fc7ef5ce0ca66ace611fee8921f77f002ae75229/asyncapi.yaml
edulucca/github-runners-manager	catalog-info.yaml	https://github.com/edulucca/github-runners-manager/blob/de8d7572f3a6d85bd4cf50da081055f115252ee6/catalog-info.yaml
ThinkportRepo/kafka-summit-solace-demo	EventPortal/Async/CheckoutToSupplierFilter.yaml	https://github.com/ThinkportRepo/kafka-summit-solace-demo/blob/b476673112e376d2ef61b95571e9e5fe01336759/EventPortal/Async/CheckoutToSupplierFilter.yaml
Mrc0113/asyncapi-codegen-scst	ExpenseIntegration.yaml	https://github.com/Mrc0113/asyncapi-codegen-scst/blob/ea4e7dfeeba0760b306706c6961d10d4d72bec99/ExpenseIntegration.yaml
atishagarwaal/SampleMicroservice.Net8	Contracts/AsyncAPI/Retail-Customers-AsyncAPI-v1.0.0.yaml	https://github.com/atishagarwaal/SampleMicroservice.Net8/blob/3f9507d9d665641d9bce01afda884a5a01caab96/Contracts/AsyncAPI/Retail-Customers-AsyncAPI-v1.0.0.yaml
bike4life-organization/bike4life	apps/notifier/src/swagger.yaml	https://github.com/bike4life-organization/bike4life/blob/189d1abb10782c11e10f532179eef66600a4a264/apps/notifier/src/swagger.yaml
tsurdilo/async-demo	banking.yaml	https://github.com/tsurdilo/async-demo/blob/03ecce82e22f307d590511fa989bcc41c16fe8bb/banking.yaml
INSPIDE/DGT3.0Workshop_usecase_5	docs/dgt30_caso5_mqtt.yaml	https://github.com/INSPIDE/DGT3.0Workshop_usecase_5/blob/278e2416b8de67af3de0d06bb34410d372e9e6a8/docs/dgt30_caso5_mqtt.yaml
maarten-vandeperre/developer-hub-documentation	configurations/catalog-entities/apis/async-api-api-spec-production.yaml	https://github.com/maarten-vandeperre/developer-hub-documentation/blob/da97cd4b2478f888b43f1b51c682e48390736100/configurations/catalog-entities/apis/async-api-api-spec-production.yaml
Mrc0113/workshop-scs-s1p	08-yellingArtifacts/NoYellingProcessor.yaml	https://github.com/Mrc0113/workshop-scs-s1p/blob/e4d846dc6be6c88b0829adf418b8c25c94d5cbb2/08-yellingArtifacts/NoYellingProcessor.yaml
kanekoshoyu/exchange-collection	asset/coincheck_ws_asyncapi.yaml	https://github.com/kanekoshoyu/exchange-collection/blob/68b68600603dc8f988bf2c581135fa733a0ced39/asset/coincheck_ws_asyncapi.yaml
INSPIDE/DGT3.0Workshop_usecase_12	docs/dgt30_caso12_mqtt.yaml	https://github.com/INSPIDE/DGT3.0Workshop_usecase_12/blob/74303afc75ff778f2cb5d85e40786dbfeb67216e/docs/dgt30_caso12_mqtt.yaml
qconn-io/stockmanagement-async-api	stockmanagement-async-api.yaml	https://github.com/qconn-io/stockmanagement-async-api/blob/1f02c21793a68d23b1f0a0c4fc7587ca8b949487/stockmanagement-async-api.yaml
SolaceLabs/solace-jenkins-plugin	asyncapi/acme-retail-customer-mobile.yaml	https://github.com/SolaceLabs/solace-jenkins-plugin/blob/bff0b43622ad650f24be1edbdcd1661463d4392c/asyncapi/acme-retail-customer-mobile.yaml
KeertiPusarlaa/idp-platform	catalog-apis.yaml	https://github.com/KeertiPusarlaa/idp-platform/blob/525a29ee10cfa89dded145264f401485a516eb1a/catalog-apis.yaml
ArtPro9/architecture-warmhouse	schemas/asyncapi.yaml	https://github.com/ArtPro9/architecture-warmhouse/blob/c1a2881e2029a747fa51fcbaf412fb1b252858ae/schemas/asyncapi.yaml
jhoncastro28/saga-choreography	services/payment-service/events/asyncapi.yaml	https://github.com/jhoncastro28/saga-choreography/blob/bfee50e83f48f12373f5abebdbd3f565198401a8/services/payment-service/events/asyncapi.yaml
sekharbans-ebay/event-notification-sdk	contract/asyncapi.yaml	https://github.com/sekharbans-ebay/event-notification-sdk/blob/9e490648185fe26993a991eb7615f4b2c7671e02/contract/asyncapi.yaml
bjuvensjo/backstage-slask	data/asyncexample/account-asyncapi-json.yaml	https://github.com/bjuvensjo/backstage-slask/blob/a128b175f2881b4e50c616af55a553856056bfe8/data/asyncexample/account-asyncapi-json.yaml
PacktPublishing/Software-Architecture-with-Cpp-2E	Chapter15/http/customer/src/customer/static/asyncapi.yaml	https://github.com/PacktPublishing/Software-Architecture-with-Cpp-2E/blob/6a257da5a493f71d442d591e9473a728cd99421b/Chapter15/http/customer/src/customer/static/asyncapi.yaml
SolaceLabs/ep-asyncapi-importer	example/asyncapi/bbc.yaml	https://github.com/SolaceLabs/ep-asyncapi-importer/blob/b3db7eeb51067c098c51318dc1db21348e8c4d19/example/asyncapi/bbc.yaml
IMAGINARY/future-mobility	specs/asyncapi.yaml	https://github.com/IMAGINARY/future-mobility/blob/4dc88b668b7787e8e4d4ffb1dd2934705ada6a8a/specs/asyncapi.yaml
reselbob/simpleasyncapi	gen/asyncapi.yaml	https://github.com/reselbob/simpleasyncapi/blob/e3f0384dc68f08b9798c8450ceb08bfece7918bf/gen/asyncapi.yaml
jabrena/asyncapi-poc	specs/account-service-asyncapi.yaml	https://github.com/jabrena/asyncapi-poc/blob/c213b2b04d5c437513e12ff5196207c1645acb01/specs/account-service-asyncapi.yaml
guilhermerodrigues680/globo-terrestre-iot	data/asyncapi/asyncapi.yaml	https://github.com/guilhermerodrigues680/globo-terrestre-iot/blob/51853f0b2e4f8d74e0c7f9675e3050d00d2286f4/data/asyncapi/asyncapi.yaml
ifox777/test_repo_gf	public/documentation/docs/manual/docs/examples/asyncapi.yaml	https://github.com/ifox777/test_repo_gf/blob/1f300a9e7a4de50921b1db4604bdbf935e4234f0/public/documentation/docs/manual/docs/examples/asyncapi.yaml
advanced-rest-client/api-documentation	demo/async-api/async-api.yaml	https://github.com/advanced-rest-client/api-documentation/blob/f18cacf4bcbeeee561190d70f8f8113dfdf67784/demo/async-api/async-api.yaml
MSA-SA-OTUS/architecture-labs	api-spec/message-bus/bus-asyncapi.yaml	https://github.com/MSA-SA-OTUS/architecture-labs/blob/c99e95d0bb4dde338c6c62a11bf2ea14a515c21e/api-spec/message-bus/bus-asyncapi.yaml
thealmikey/zilla-kt	examples/openapi.asyncapi.kakfa.proxy/etc/specs/kafka-asyncapi.yaml	https://github.com/thealmikey/zilla-kt/blob/7f9dc7b14d4ee5ab9b23b4f1a3031e1e88896d02/examples/openapi.asyncapi.kakfa.proxy/etc/specs/kafka-asyncapi.yaml
advanced-rest-client/api-endpoint-documentation	demo/async-api/async-api.yaml	https://github.com/advanced-rest-client/api-endpoint-documentation/blob/f979345d746c6e8b0b09dbc553dedd79480e7652/demo/async-api/async-api.yaml
advanced-rest-client/api-headers-document	demo/async-api/async-api.yaml	https://github.com/advanced-rest-client/api-headers-document/blob/9e50acee6440ca5154f1e38c5f2250a4238e578e/demo/async-api/async-api.yaml
arc-archive/api-request-panel	demo/async-api/async-api.yaml	https://github.com/arc-archive/api-request-panel/blob/1766428224b352a231717942aaa653fdc627f900/demo/async-api/async-api.yaml
yojo-generator/gradle-plugin	src/test/resources/example/contract/separated/stringValues.yaml	https://github.com/yojo-generator/gradle-plugin/blob/b1eba785e01bf2d3ec2eba93a69bc3a7b18e291b/src/test/resources/example/contract/separated/stringValues.yaml
api-components/api-model-generator	test/apis/asyncApi20.yaml	https://github.com/api-components/api-model-generator/blob/e31fcccb71c82a7a62675f1b07f314cd4c290634/test/apis/asyncApi20.yaml
microcks/microcks	webapp/src/test/resources/io/github/microcks/util/asyncapi/user-signedup-avro-ref-asyncapi.yaml	https://github.com/microcks/microcks/blob/aeaf66132d0fb6b7a4bdfec571d464d3384916a1/webapp/src/test/resources/io/github/microcks/util/asyncapi/user-signedup-avro-ref-asyncapi.yaml
WebFuzzing/Dataset	jdk_21_maven/cs/rest-gui/microcks/webapp/src/test/resources/io/github/microcks/util/asyncapi/user-signedup-avro-ref-asyncapi.yaml	https://github.com/WebFuzzing/Dataset/blob/915859080da033fc36feae54bab3ad4a7b04e872/jdk_21_maven/cs/rest-gui/microcks/webapp/src/test/resources/io/github/microcks/util/asyncapi/user-signedup-avro-ref-asyncapi.yaml
starnold-redhat/rhdh-install	configurations/catalog-entities/apis/async-api-api-spec-production.yaml	https://github.com/starnold-redhat/rhdh-install/blob/417d28549704ad7fc1ea7b67e1b709b0261ca59a/configurations/catalog-entities/apis/async-api-api-spec-production.yaml
Harsh4902/kubecon-eu-2026-tutorials	asyncapi/saga-order-2.0.0-asyncapi.yaml	https://github.com/Harsh4902/kubecon-eu-2026-tutorials/blob/25127d5ee6e00dc288cd26d43873194b536889f1/asyncapi/saga-order-2.0.0-asyncapi.yaml
XaaXaaX/eventcatalog-automation	specs/Order/2.0.0/asyncapi.yaml	https://github.com/XaaXaaX/eventcatalog-automation/blob/d96efa5162253285be8b5de35d585b037c2366bd/specs/Order/2.0.0/asyncapi.yaml
Pakisan/jasyncapi-idea-plugin-demo	mercure.yaml	https://github.com/Pakisan/jasyncapi-idea-plugin-demo/blob/182188fd9d67a2b5a2bbdad16547cf4833c0d2cc/mercure.yaml
spaced-repetition-learner/srscs-user-service	api/asyncAPI.yaml	https://github.com/spaced-repetition-learner/srscs-user-service/blob/52bd98d2e19c8c3ab3c42dba59e0b806059d5978/api/asyncAPI.yaml
Fortellis/example-spec	Async-API-Specs/HelloWorld.yaml	https://github.com/Fortellis/example-spec/blob/870a486f2d80930cc7f5041ff29395422657a400/Async-API-Specs/HelloWorld.yaml
lambertlabs/learning-sessions	session_15_websockets/asyncapi.yaml	https://github.com/lambertlabs/learning-sessions/blob/24ddf59c9372e4c3b844f6266896b7da999b94f4/session_15_websockets/asyncapi.yaml
DocHubTeam/dochub-manual	docs/manual/docs/examples/asyncapi.yaml	https://github.com/DocHubTeam/dochub-manual/blob/22a19aad06e72ee0e6a49941c4d5c43a17dd0a19/docs/manual/docs/examples/asyncapi.yaml
dvxam/example-backstage-app	apis/asyncapi.yaml	https://github.com/dvxam/example-backstage-app/blob/110fd27c39b339dda98d39ede4adced196d71a86/apis/asyncapi.yaml
derberg/shrekapp-asyncapi-designed	asyncapi.yaml	https://github.com/derberg/shrekapp-asyncapi-designed/blob/cee9b081e874a26e26bff6b829b1543af530060c/asyncapi.yaml
dickeyf/esp32-mqtt	asyncapi.yaml	https://github.com/dickeyf/esp32-mqtt/blob/fcbe958449704b1f9fbbc0618b95524c1c1d6c96/asyncapi.yaml
gsjurseth/apigee-kafka	asyncapi.yaml	https://github.com/gsjurseth/apigee-kafka/blob/2f9e4c02dc8c74b940de4287c0cc2853f6f2306c/asyncapi.yaml
marcgr9/ptbox-assignment	docs/asyncapi.yaml	https://github.com/marcgr9/ptbox-assignment/blob/47bdee5089c309e45a42045d87ea1efd32aa3882/docs/asyncapi.yaml
Mermade/openapi-filter	test/asyncapi/output.yaml	https://github.com/Mermade/openapi-filter/blob/a738d1da5275bf60514206bc94bd1c18d80d55e9/test/asyncapi/output.yaml
WaleedAshraf/asyncapi-validator	test/schemas/v2.0.0/deviceMessages.yaml	https://github.com/WaleedAshraf/asyncapi-validator/blob/90674de4a1b79781f6113449c471dc6fec9b5deb/test/schemas/v2.0.0/deviceMessages.yaml
baldimir/kie-frontend	packages/serverless-workflow-service-catalog/tests/channel/parsers/examples/http.yaml	https://github.com/baldimir/kie-frontend/blob/06a9718b0c581337c36201c00d00958729cdfbf5/packages/serverless-workflow-service-catalog/tests/channel/parsers/examples/http.yaml
ClearEyesFullHearts/asyncapi-pub-middleware	test/documents/servers.yaml	https://github.com/ClearEyesFullHearts/asyncapi-pub-middleware/blob/59cada2071dc09c5a0ad70dfcb6317e6c7ac8091/test/documents/servers.yaml
KTCrisis/event7	backend/tests/fixtures/asyncapi_import/02_kafka_rns.yaml	https://github.com/KTCrisis/event7/blob/fe4a0dd68f515ee358c27bb53a043d0e97d6a733/backend/tests/fixtures/asyncapi_import/02_kafka_rns.yaml
ifox777/seaf-archtool-core	public/documentation/docs/manual/docs/examples/asyncapi.yaml	https://github.com/ifox777/seaf-archtool-core/blob/4d771ab3204db375f1a04845839c2724eadffe5f/public/documentation/docs/manual/docs/examples/asyncapi.yaml
rpiontik/DocHubDoc	docs/manual/docs/examples/asyncapi.yaml	https://github.com/rpiontik/DocHubDoc/blob/10d89575cb6d2cc1e836675af4d1c7c9a186d5b1/docs/manual/docs/examples/asyncapi.yaml
RabotaRu/DocHubDemo	documentation/docs/manual/docs/examples/asyncapi.yaml	https://github.com/RabotaRu/DocHubDemo/blob/0a5c043a5fd3bfc634559b5f2dabf5002e86edd2/documentation/docs/manual/docs/examples/asyncapi.yaml
invivo-digital-factory/openapi-compiler-ts	packages/openapi-filter/test/asyncapi/output.yaml	https://github.com/invivo-digital-factory/openapi-compiler-ts/blob/a9106b7961b4c0097155694b321b8b57698a0cbc/packages/openapi-filter/test/asyncapi/output.yaml
ora0600/confluentstreamgovernance	data/AccountService2.yaml	https://github.com/ora0600/confluentstreamgovernance/blob/3a868c2559596032cdb082c097c1dcb26f27e649/data/AccountService2.yaml
ripple/rippled-api-spec	async_api/websocket_api_v2.yaml	https://github.com/ripple/rippled-api-spec/blob/e906cd8a70d25c764b6e3bc925fe215d9f477356/async_api/websocket_api_v2.yaml
ngscheurich/elixirconf-eu-2024	asyncapi.yaml	https://github.com/ngscheurich/elixirconf-eu-2024/blob/b3119d8a4534ebe937eeee968d68d06c06d5ffa8/asyncapi.yaml
api-client/amf-store	demo/async-api/async-api.yaml	https://github.com/api-client/amf-store/blob/20349fce20150115aa956a41515888a2c695968d/demo/async-api/async-api.yaml
ibm-cloud-architecture/vaccine-freezer-mgr	src/main/asynchapi/reeferapi.yaml	https://github.com/ibm-cloud-architecture/vaccine-freezer-mgr/blob/1326669abf905545050d07d373cd40303bc783ad/src/main/asynchapi/reeferapi.yaml
masterjohndoe/pw-auto	docs/asyncApi.yaml	https://github.com/masterjohndoe/pw-auto/blob/57b21f0d11182ea99b7d26cbdc68dfab7627b741/docs/asyncApi.yaml
Ferror/asyncapi-event-catalog	account-service/asyncapi.yaml	https://github.com/Ferror/asyncapi-event-catalog/blob/9a1565d99697dc8b510cce424481327485c891bd/account-service/asyncapi.yaml
Client-Engineering-Indonesia/workshop-event-automation	cp4i-demo/assemblies/16.1.0/common/00-assembly-mq-asyncapi.yaml	https://github.com/Client-Engineering-Indonesia/workshop-event-automation/blob/cd5009388da4056f4f6b63d8d34bf46daa742472/cp4i-demo/assemblies/16.1.0/common/00-assembly-mq-asyncapi.yaml
MaxwellGBrown/aws_websockets_eventbus	event_definition.yaml	https://github.com/MaxwellGBrown/aws_websockets_eventbus/blob/7d3223fd4566630eb244eb9516b679703f6d2d5b/event_definition.yaml
vhurryharry/OOT	docs/asyncapi.yaml	https://github.com/vhurryharry/OOT/blob/66595097a12ff8a5c1b38f46cafbda82e8c8778a/docs/asyncapi.yaml
VersaceXcodes/calender-system-basic-lpjlzi	backend/asyncapi.yaml	https://github.com/VersaceXcodes/calender-system-basic-lpjlzi/blob/81ba6a9113c6ab25983723b0f44c7a98d375e19c/backend/asyncapi.yaml
fmvilas/workshop-ride-app	services/control/asyncapi.yaml	https://github.com/fmvilas/workshop-ride-app/blob/d08d44113a4da8217307d1a8cdfe61f15c9f6995/services/control/asyncapi.yaml
somosphi/ts-seed-hexagonal	docs/asyncapi.yaml	https://github.com/somosphi/ts-seed-hexagonal/blob/d82f9433d62a41caf6bd02d406f190f5ded9f7bf/docs/asyncapi.yaml
jh4843/devitworld-nodejs-basic	VX.WEB.DEVICE/asyncapi/asyncapi.yaml	https://github.com/jh4843/devitworld-nodejs-basic/blob/0e10159993cfda58b22816b164a6a14dd50b57c6/VX.WEB.DEVICE/asyncapi/asyncapi.yaml
eclipse-thingweb/td-tools	node/async-api-converter/examples/asyncapi.yaml	https://github.com/eclipse-thingweb/td-tools/blob/13a3930584296c5bfd13e67656f8b0bf22452ba8/node/async-api-converter/examples/asyncapi.yaml
yutari/vieten	asyncapi.yaml	https://github.com/yutari/vieten/blob/531f86a82869279350187620db41d331b23286ab/asyncapi.yaml
olaviolacerda/notification	docs/asyncapi.yaml	https://github.com/olaviolacerda/notification/blob/9ff2d3280892680c662426d6e6a6d27e8647b024/docs/asyncapi.yaml
SebastianBorchardt1984/incubator-kie-kogito-runtimes	quarkus/extensions/kogito-quarkus-serverless-workflow-extension/kogito-quarkus-serverless-workflow-integration-test/src/main/resources/specs/callbackResults.yaml	https://github.com/SebastianBorchardt1984/incubator-kie-kogito-runtimes/blob/b42a86cfea863870325966669f96ba12c563db0b/quarkus/extensions/kogito-quarkus-serverless-workflow-extension/kogito-quarkus-serverless-workflow-integration-test/src/main/resources/specs/callbackResults.yaml
tiagobento/kie-monorepo	packages/serverless-workflow-service-catalog/tests/channel/parsers/examples/http.yaml	https://github.com/tiagobento/kie-monorepo/blob/2dc501d14bb4a3fd24c58d950c13a9be018d38c3/packages/serverless-workflow-service-catalog/tests/channel/parsers/examples/http.yaml
Axway/agent-sdk	pkg/apic/testdata/asyncapi-sample.yaml	https://github.com/Axway/agent-sdk/blob/e01acd39a955e472aa811edfd281fea2978d901d/pkg/apic/testdata/asyncapi-sample.yaml
baldimir/kie-cloud	incubator-kie-kogito-serverless-operator/workflowproj/testdata/valid-asyncapi.yaml	https://github.com/baldimir/kie-cloud/blob/a390baa33d219527776c23558772e2b3eb24bdfe/incubator-kie-kogito-serverless-operator/workflowproj/testdata/valid-asyncapi.yaml
Jan-IngenHousz-Institute/open-jii	apps/docs/static/api/mqtt/asyncapi.yaml	https://github.com/Jan-IngenHousz-Institute/open-jii/blob/6c37369d3f6e83d329cb64724869594444239e1b/apps/docs/static/api/mqtt/asyncapi.yaml
kwontaeim/event-notification-java-sdk	contract/asyncapi.yaml	https://github.com/kwontaeim/event-notification-java-sdk/blob/58e59ddaa5481440c7046a4c40d10c7013135c07/contract/asyncapi.yaml
apideck-io/api-registry	specs/ebay/marketplace-account-deletion-asyncapi-1.0.0-2021-05-21.yaml	https://github.com/apideck-io/api-registry/blob/5fd99163e496ad3dc8929465238a42fbfb44ef0a/specs/ebay/marketplace-account-deletion-asyncapi-1.0.0-2021-05-21.yaml
Ferror/asyncapi-event-catalog-v2	account-service/asyncapi.yaml	https://github.com/Ferror/asyncapi-event-catalog-v2/blob/7d6abb38daffe78dfcd33f07388a0cf72e8da809/account-service/asyncapi.yaml
arielril/hexagonal-architecture	docs/asyncapi.yaml	https://github.com/arielril/hexagonal-architecture/blob/12a9dd05d1e4a4f6fd336c7843edf8bd74fead5e/docs/asyncapi.yaml
launchany/addr-examples	bookstore/3d-design-async/Shopping-API-events-v1.asyncapi.yaml	https://github.com/launchany/addr-examples/blob/61753d2bbb35ac0f1bfb296716f79a0d04a37c54/bookstore/3d-design-async/Shopping-API-events-v1.asyncapi.yaml
enisspahi/async-api-example	src/main/resources/async-api.yaml	https://github.com/enisspahi/async-api-example/blob/446fe67389d4db59fbb79cd46966083c45c9cfd7/src/main/resources/async-api.yaml
ccastromar/asyncapi	asyncapi.yaml	https://github.com/ccastromar/asyncapi/blob/33c0a1e874245fe150b6c4e273cf474621c278d4/asyncapi.yaml
paynejacob/speakerbob	docs/asyncapi.yaml	https://github.com/paynejacob/speakerbob/blob/266520f619f4d9f9f45af3442286bba442875e26/docs/asyncapi.yaml
Navdeep-12/Backstage	plugins/api-docs/dev/asyncapi-example-api.yaml	https://github.com/Navdeep-12/Backstage/blob/708e754f91709b887dbc075927a4cf17c0e06aab/plugins/api-docs/dev/asyncapi-example-api.yaml
xtm-group/XTRFCloudInternalEventBus	spec/ChatBusinessEvents.yaml	https://github.com/xtm-group/XTRFCloudInternalEventBus/blob/5b53bc79a61dbb7f9da758a978725503a198cc00/spec/ChatBusinessEvents.yaml
panand13/backstage	plugins/api-docs/dev/asyncapi-example-api.yaml	https://github.com/panand13/backstage/blob/6cebb9d587224c055516d1ab2958f34bd3659c43/plugins/api-docs/dev/asyncapi-example-api.yaml
golemfoundation/octant	backend/v2/info/static/websockets-api.yaml	https://github.com/golemfoundation/octant/blob/90a873fac66af2fef277181de972fec5d5f51d44/backend/v2/info/static/websockets-api.yaml
ziyashaw/backstage_demo2	packages/catalog-model/examples/apis/streetlights-api.yaml	https://github.com/ziyashaw/backstage_demo2/blob/4db6b3989a9ff10b509566f5469aa0fd187a7f5d/packages/catalog-model/examples/apis/streetlights-api.yaml
acdgbrasil/contracts	services/people/asyncapi/asyncapi.yaml	https://github.com/acdgbrasil/contracts/blob/b3df049310b90144a1b0e6181ec0f5f8650f6de8/services/people/asyncapi/asyncapi.yaml
bang-olufsen/beoremote-halo	beoremote-halo-spec.yaml	https://github.com/bang-olufsen/beoremote-halo/blob/e8c7f0d2bfb32caae38b9b36350ec4ec2ad8f37a/beoremote-halo-spec.yaml
TamimiGitHub/solace-retail-workshop	pos/Point of Sale-0.1.0.yaml	https://github.com/TamimiGitHub/solace-retail-workshop/blob/4bb6e415bdac975233e023a7dcf26f50563e7e16/pos/Point%20of%20Sale-0.1.0.yaml
yuvraj-chouhan-dev/ready-now-server	config/asyncapi.yaml	https://github.com/yuvraj-chouhan-dev/ready-now-server/blob/7c8b6f3c173f51a9d563b9abb23b05627c6e7881/config/asyncapi.yaml
Mrc0113/smarttown	asyncapi/Heating Cooling Controllers - EXTERNAL.yaml	https://github.com/Mrc0113/smarttown/blob/e7e9d2b221b87cc8a64f6c091f7bbf24556a0761/asyncapi/Heating%20Cooling%20Controllers%20-%20EXTERNAL.yaml
keithralphs/DiscoveryTest	rawAPIDefinitions/subscriptions.yaml	https://github.com/keithralphs/DiscoveryTest/blob/8c2890e57353a95fe7728b0dacd5238922880c68/rawAPIDefinitions/subscriptions.yaml
lucasheld/wg-ha-app-backend	docs/asyncapi.yaml	https://github.com/lucasheld/wg-ha-app-backend/blob/497600f44a2c43db9411387e512770c6b3552f7c/docs/asyncapi.yaml
markbac/examples-diags-apis	APIs/asyncapi.yaml	https://github.com/markbac/examples-diags-apis/blob/ebb377257659ddd6427a069ad09e6e8596da5a45/APIs/asyncapi.yaml
VersaceXcodes/project-management-software-ewjt80	backend/asyncapi.yaml	https://github.com/VersaceXcodes/project-management-software-ewjt80/blob/89640e6565f8e571960bf82e5156ff69a801df31/backend/asyncapi.yaml
MasterVentures/cea-docs	docs/orderbook.yaml	https://github.com/MasterVentures/cea-docs/blob/b00b23cdd4c42f855286c7a594b14e83e93cdeb0/docs/orderbook.yaml
pagopa/idpay-notification-manager	specs/asyncapi.yaml	https://github.com/pagopa/idpay-notification-manager/blob/84424a0d09308909dce6de2599758125ab1fad40/specs/asyncapi.yaml
encypher-studio/newsware-docs	asyncapi/asyncapi-v2.0.0.yaml	https://github.com/encypher-studio/newsware-docs/blob/d79795a7c4f9d9ce6fef80311233de5fcfa8d92c/asyncapi/asyncapi-v2.0.0.yaml
Archi-Lab-FAE/fae-team-2-service	api-docs/asyncapi.yaml	https://github.com/Archi-Lab-FAE/fae-team-2-service/blob/8ceee88d5625cd40cfa0175d59cb7378a9660abf/api-docs/asyncapi.yaml
kevinswiber/spectral-function-past-tense	example/streetlights.yaml	https://github.com/kevinswiber/spectral-function-past-tense/blob/3fd5d1ad2a01c6c9aef6113d7acf6845f92ee50b/example/streetlights.yaml
one-2-one/task-manager	lab1/backend/server/doc.yaml	https://github.com/one-2-one/task-manager/blob/91177331f64390d0b541cf69f57b00b5366f28e9/lab1/backend/server/doc.yaml
bitrockteam/kafka-dvs-api	src/main/resources/asyncapi.yaml	https://github.com/bitrockteam/kafka-dvs-api/blob/a8162ad5e6b682ce2e108cf02d3336ad08d3231c/src/main/resources/asyncapi.yaml
raulMrello/AstCalendar	doc/mqtt_api/AstCalendar.yaml	https://github.com/raulMrello/AstCalendar/blob/12d63bf6685d81bca52cb81502dc825d26cf6334/doc/mqtt_api/AstCalendar.yaml
edwmurph/api-docs	definitions/asyncapi/streetlights.yaml	https://github.com/edwmurph/api-docs/blob/b6174ece7cb98da12fc94ffb88179f54d130b269/definitions/asyncapi/streetlights.yaml
FranMoraton/DDD-EDA-TDD-skeleton	docs/asyncapi.yaml	https://github.com/FranMoraton/DDD-EDA-TDD-skeleton/blob/c4d826bcec8fdcab06fc87035543840389cf80ca/docs/asyncapi.yaml
VersaceXcodes/calender-system-software-basic-9xvak1	backend/asyncapi.yaml	https://github.com/VersaceXcodes/calender-system-software-basic-9xvak1/blob/a3be0b8c51b533f6df4ccf636ef83726fcb084cb/backend/asyncapi.yaml
victorbahl/mulequiz	mulequiz/src/main/resources/api/asyncapi.yaml	https://github.com/victorbahl/mulequiz/blob/6012c87e915800b2d4a6d97f78021e202e31c1dc/mulequiz/src/main/resources/api/asyncapi.yaml
rpeyron/plugin-drawio-editors	src/asyncapi/asyncapi-example.yaml	https://github.com/rpeyron/plugin-drawio-editors/blob/4123205288f45594996e6228373891ea086c06de/src/asyncapi/asyncapi-example.yaml
deltaeight/ma2-websocket-api	src/GrandMA2.yaml	https://github.com/deltaeight/ma2-websocket-api/blob/3cc091d0066f4895e7a1a65c0fc44fa96eda3607/src/GrandMA2.yaml
bb-frc-workshops/wpilib-ws-schema	schema/wpilib-ws.yaml	https://github.com/bb-frc-workshops/wpilib-ws-schema/blob/fb60cfd378c1b46b042e9b48b9a83e67a965e408/schema/wpilib-ws.yaml
dweber019/backstage-plugins	plugins/api-docs-spectral-linter/dev/asyncapi-example-api.yaml	https://github.com/dweber019/backstage-plugins/blob/78b52a5d0de9e75f4c3b2baca15a1319132dd9c2/plugins/api-docs-spectral-linter/dev/asyncapi-example-api.yaml
FlorinaMt/SEP4	asyncapi.yaml	https://github.com/FlorinaMt/SEP4/blob/553b5ec7ec78ad235d4e7ead940dfd3b9b208991/asyncapi.yaml
wso2-open-operations/cs-tools	apps/customer-portal/backend/asyncapi.yaml	https://github.com/wso2-open-operations/cs-tools/blob/8439957e6ffc42bedab88dd96a5e5a6de28b2a93/apps/customer-portal/backend/asyncapi.yaml
VersaceXcodes/make-a-task-ma-uonxvv	backend/asyncapi.yaml	https://github.com/VersaceXcodes/make-a-task-ma-uonxvv/blob/a5366d71cb50c2db83b6f93d439dd46d9f28ef36/backend/asyncapi.yaml
somosphi/ts-seed-jest	docs/asyncapi.yaml	https://github.com/somosphi/ts-seed-jest/blob/f05ef8afecbedc8af64ebbfc76c8723c033f41a0/docs/asyncapi.yaml
jsa4000/Internal-Development-Platform	samples/entities/apis/streetlights-api.yaml	https://github.com/jsa4000/Internal-Development-Platform/blob/cbf0565ec91246d9ac9ab77137cf3ad11661d6b8/samples/entities/apis/streetlights-api.yaml
VersaceXcodes/airbnb-management-properties-eco-friendly	backend/asyncapi.yaml	https://github.com/VersaceXcodes/airbnb-management-properties-eco-friendly/blob/a91a49588d522059e707d976d7ee9645d420c461/backend/asyncapi.yaml
spaced-repetition-learner/srscs-deck-service	api/asyncAPI.yaml	https://github.com/spaced-repetition-learner/srscs-deck-service/blob/199a9cfdc387374caf12b6afb8e5bc51aad8b429/api/asyncAPI.yaml
Alex009/architecture-sprint-3	docs/4-devices-integration.yaml	https://github.com/Alex009/architecture-sprint-3/blob/4ab77bded3fc98ff68e9f7d946f01811fe02d445/docs/4-devices-integration.yaml
mattbishop/asyncapi-hotels	hotels.yaml	https://github.com/mattbishop/asyncapi-hotels/blob/27a6d479df7667115b29980983b8be8b02013645/hotels.yaml
pagopa/idpay-onboarding-workflow	specs/asyncapi.yaml	https://github.com/pagopa/idpay-onboarding-workflow/blob/05a8221614961be66b0f2718c77af6e50e2fa01d/specs/asyncapi.yaml
isehuetdk/backstage	plugins/api-docs/dev/asyncapi-example-api.yaml	https://github.com/isehuetdk/backstage/blob/22eca5b841b8c3b7e6029ea120786f437a3cca04/plugins/api-docs/dev/asyncapi-example-api.yaml
yousuf7474/meerkat	specs/asyncapi.yaml	https://github.com/yousuf7474/meerkat/blob/30d346ed3abf00d8fa6371730bee854eb376762d/specs/asyncapi.yaml
runwisp/runwisp	packages/asyncapi/asyncapi.yaml	https://github.com/runwisp/runwisp/blob/3fd5f7145605c84ed407c286915061ee53df7bc1/packages/asyncapi/asyncapi.yaml
danf425/idp-examples-public	harness-services/Service/streetlights/streetlights-api.yaml	https://github.com/danf425/idp-examples-public/blob/0916ea7b7923ceedee9afc5c9d63f43df6cd78bd/harness-services/Service/streetlights/streetlights-api.yaml
code-lab-org/nost-tools	examples/snow_observing_systems/sos.yaml	https://github.com/code-lab-org/nost-tools/blob/0d265c79125dc36e5a436933c968088fab36f85f/examples/snow_observing_systems/sos.yaml
cristianve/VibrationsGame-Backend	api/vibration-async.yaml	https://github.com/cristianve/VibrationsGame-Backend/blob/27d626fa569f6525639ac483f982871a76a77c27/api/vibration-async.yaml
SAP/asyncapi-specification	examples/consume-example.yaml	https://github.com/SAP/asyncapi-specification/blob/74b5c6f61f476eac0f0f8813deb227f578f58653/examples/consume-example.yaml
ciel334288/ghoulies	core/app/wsdocs/asyncapi.yaml	https://github.com/ciel334288/ghoulies/blob/ae232ba6760b8fed84086b9c20dd3141cce3eef9/core/app/wsdocs/asyncapi.yaml
UNIZAR-30226-2021-13/UniTrivia_backend	api/asyncapi.yaml	https://github.com/UNIZAR-30226-2021-13/UniTrivia_backend/blob/6a82b5b5e3727196eb25d962fc127103158e05fe/api/asyncapi.yaml
dlcastra/WABToDo-back-end-	asyncapi.yaml	https://github.com/dlcastra/WABToDo-back-end-/blob/f73b765dbfec90fa36e62ca3bcc0b8865ba496cf/asyncapi.yaml
VersaceXcodes/ui-design-tjtwx4	backend/asyncapi.yaml	https://github.com/VersaceXcodes/ui-design-tjtwx4/blob/a4cb2ad870a4bdf0f402e6619ebab504430f3289/backend/asyncapi.yaml
openagents-org/openagents	sdk/src/openagents/mods/discovery/agent_discovery/eventdef.yaml	https://github.com/openagents-org/openagents/blob/6ca378be02b64cfcc9697ad448c034d283c35251/sdk/src/openagents/mods/discovery/agent_discovery/eventdef.yaml
aklivity/zilla-demos	petstore/petstore-kafka-asyncapi-v2.yaml	https://github.com/aklivity/zilla-demos/blob/524b9decbb58fc7eefc2ab595943185eac4110c1/petstore/petstore-kafka-asyncapi-v2.yaml
project-ascend-io/intracom-backend	asyncapi.yaml	https://github.com/project-ascend-io/intracom-backend/blob/213c15267fb2dd782bb130c0c3e301030e695704/asyncapi.yaml
heartbridgeapp/heartbridge-server	asyncapi.yaml	https://github.com/heartbridgeapp/heartbridge-server/blob/c5ce7b2441d4b7bb8bf1b1bdf204653c7afdd5ce/asyncapi.yaml
sohailhaider/backstage-search-github-issues-plugin	plugins/api-docs/dev/asyncapi-example-api.yaml	https://github.com/sohailhaider/backstage-search-github-issues-plugin/blob/8138adcbf41d3925dc861a8ec242fe7bf8b45d78/plugins/api-docs/dev/asyncapi-example-api.yaml
BalaNarvar/BackStage1	plugins/api-docs/dev/asyncapi-example-api.yaml	https://github.com/BalaNarvar/BackStage1/blob/9b3b2e6594c111a5bf6d90183714dfd64625547f/plugins/api-docs/dev/asyncapi-example-api.yaml
McLaouth/backstage	plugins/api-docs/dev/asyncapi-example-api.yaml	https://github.com/McLaouth/backstage/blob/80c627d098d8ae9aa1b6e73911e442d2fe6aab27/plugins/api-docs/dev/asyncapi-example-api.yaml
arnaldoprado74/backstage	oss/backstage/plugins/api-docs/dev/asyncapi-example-api.yaml	https://github.com/arnaldoprado74/backstage/blob/cf5f12dd90e4706236bf07bab27e7551b4de3401/oss/backstage/plugins/api-docs/dev/asyncapi-example-api.yaml
ziyashaw/backstage_demo	packages/catalog-model/examples/apis/streetlights-api.yaml	https://github.com/ziyashaw/backstage_demo/blob/e884b579ba3ca5ff7d7fb34e5e6966000cf2ddf1/packages/catalog-model/examples/apis/streetlights-api.yaml
lucasheld/masterarbeit-files	wg-ha-app-backend/docs/asyncapi.yaml	https://github.com/lucasheld/masterarbeit-files/blob/a5e51fa3ebe4500f980a9aa77f77f09bf26864bc/wg-ha-app-backend/docs/asyncapi.yaml
VersaceXcodes/project-management-software-8xnw1g	backend/asyncapi.yaml	https://github.com/VersaceXcodes/project-management-software-8xnw1g/blob/42da11d8878218c805276549bd81369a83a67d90/backend/asyncapi.yaml
atharvagadkari05/template_EDA_API	output/asyncapi.yaml	https://github.com/atharvagadkari05/template_EDA_API/blob/a30ae280d6cf8e0cb63ed81c1c5245286d47ab88/output/asyncapi.yaml
ZiyamSanthosh/AsyncApiAmf	streetlights.yaml	https://github.com/ZiyamSanthosh/AsyncApiAmf/blob/aa157eb3c0bdb090d66d06a9a6ab5e75ae26140d/streetlights.yaml
VersaceXcodes/calender-system-software-basic-cie8og	backend/asyncapi.yaml	https://github.com/VersaceXcodes/calender-system-software-basic-cie8og/blob/88832ca039d48157fb575eb686ba36f5fb2081ba/backend/asyncapi.yaml
VersaceXcodes/calender-system-software-basic-lkt6hq	backend/asyncapi.yaml	https://github.com/VersaceXcodes/calender-system-software-basic-lkt6hq/blob/8eec100f7da74e93dbe57ac1892a40d89091f64b/backend/asyncapi.yaml
VersaceXcodes/calender-system-software-basic-hoigmu	backend/asyncapi.yaml	https://github.com/VersaceXcodes/calender-system-software-basic-hoigmu/blob/4661292d7a04a0fd4ef37ef368b5a03b44a6db3f/backend/asyncapi.yaml
konfig-dev/backstage-plugin-konfig	plugins/backstage-plugin-konfig/dev/asyncapi-example-api.yaml	https://github.com/konfig-dev/backstage-plugin-konfig/blob/c588e6475b2b166c6077cbbd307fc2d1e861a9a5/plugins/backstage-plugin-konfig/dev/asyncapi-example-api.yaml
SEP4Y-2025/SEP4	asyncapi.yaml	https://github.com/SEP4Y-2025/SEP4/blob/d64de6003c3e42be3757b63682b99e1661b7f1ec/asyncapi.yaml
DemoBackstage/mysecondrepopublic	backstage/packages/catalog-model/examples/apis/streetlights-api.yaml	https://github.com/DemoBackstage/mysecondrepopublic/blob/6441fdb08ec189481e856e3b8bae5d90e2de419a/backstage/packages/catalog-model/examples/apis/streetlights-api.yaml
hekonsek/pieronek	quickstart/catalog-model/apis/streetlights-api.yaml	https://github.com/hekonsek/pieronek/blob/f4bbd81208a236a02ef1aa4d75624bc1d11ca24e/quickstart/catalog-model/apis/streetlights-api.yaml
grafana/backstage-plugin-grafana-catalog	tests/integration/app-config/catalog/apis/streetlights-api.yaml	https://github.com/grafana/backstage-plugin-grafana-catalog/blob/396a8f3b019d8ad2a6ad1ff741cb81de274cb58d/tests/integration/app-config/catalog/apis/streetlights-api.yaml
adityasneo/Backstage.io	plugins/api-docs/dev/asyncapi-example-api.yaml	https://github.com/adityasneo/Backstage.io/blob/06cb0eca90103493d602a76096ddb0fa25c7cd28/plugins/api-docs/dev/asyncapi-example-api.yaml
davidosantos/backstage	plugins/api-docs/dev/asyncapi-example-api.yaml	https://github.com/davidosantos/backstage/blob/d820584c6df4aa66c927622f86898aa2c1a4fc3f/plugins/api-docs/dev/asyncapi-example-api.yaml
lloydchang/harness-backstage	plugins/api-docs/dev/asyncapi-example-api.yaml	https://github.com/lloydchang/harness-backstage/blob/b132b9db13775609624e1fbdcc1028657ab821e3/plugins/api-docs/dev/asyncapi-example-api.yaml
wilsoniaan/backstage	plugins/api-docs/dev/asyncapi-example-api.yaml	https://github.com/wilsoniaan/backstage/blob/7ea94a0fc9e4825b5bc80fe038056697589994ba/plugins/api-docs/dev/asyncapi-example-api.yaml
SolaceLabs/ep-asyncapi	ep-asyncapi/test/data/tbd/asyncapi/weather.yaml	https://github.com/SolaceLabs/ep-asyncapi/blob/abd7e6a7f72c1e8ec0d9d17f8a336e8eb7320480/ep-asyncapi/test/data/tbd/asyncapi/weather.yaml
VersaceXcodes/ui-design-h3glv2	backend/asyncapi.yaml	https://github.com/VersaceXcodes/ui-design-h3glv2/blob/15f06d453b3522886421211eaf44e14591446632/backend/asyncapi.yaml
VersaceXcodes/ui-design-l3w1mm	backend/asyncapi.yaml	https://github.com/VersaceXcodes/ui-design-l3w1mm/blob/6990a400a6e96e5f850f6efd5132b8b76eb9cd76/backend/asyncapi.yaml
VersaceXcodes/ui-design-voraox	backend/asyncapi.yaml	https://github.com/VersaceXcodes/ui-design-voraox/blob/05da3e62327a3230a4310de145a7826a6a8f310e/backend/asyncapi.yaml
VersaceXcodes/ui-design-7jcl18	backend/asyncapi.yaml	https://github.com/VersaceXcodes/ui-design-7jcl18/blob/27b4b1e523b1fc101383a3c16566f7ed13e81110/backend/asyncapi.yaml
tenacious89/open_agent_hackathon	src/openagents/mods/discovery/agent_discovery/eventdef.yaml	https://github.com/tenacious89/open_agent_hackathon/blob/a5a120c37089430f1dd8988ebd42fd028eebb42f/src/openagents/mods/discovery/agent_discovery/eventdef.yaml
ivamuno/redoc-asyncapi	demo/asyncapi.yaml	https://github.com/ivamuno/redoc-asyncapi/blob/0b73f9e3d7a3244b6f2efbb95f32c712eebcf7da/demo/asyncapi.yaml
SolaceLabs/sol-ep-asyncapi-importer	asyncapi-importer-core/src/test/resources/asyncapi/FlightSvc-0.2.0.yaml	https://github.com/SolaceLabs/sol-ep-asyncapi-importer/blob/d0b65b2ba59744c8da11a098deedd1845458dbc5/asyncapi-importer-core/src/test/resources/asyncapi/FlightSvc-0.2.0.yaml
thim81/asyncapi-format	test/json-custom-yaml/output.yaml	https://github.com/thim81/asyncapi-format/blob/be502324b14ba4148bbaf5b40a0d8783d87d2d4c/test/json-custom-yaml/output.yaml
pb33f/libasyncapi	test_fixtures/multi-protocol.yaml	https://github.com/pb33f/libasyncapi/blob/1e291829f9219cb6dbf4214a11fd07b5c83e561d/test_fixtures/multi-protocol.yaml
SolaceLabs/solace-ep-codegen	src/test/resources/asyncapi/UpdateInventory-0.1.0 (1).yaml	https://github.com/SolaceLabs/solace-ep-codegen/blob/d9e14883a8f0d6f087818d4e08974dbaa0e925a7/src/test/resources/asyncapi/UpdateInventory-0.1.0%20(1).yaml
LowellObservatory/Lorax	PWMountAgent/extern/example_api.yaml	https://github.com/LowellObservatory/Lorax/blob/fadf1241c54fe01160fc12456107f6490a7c643e/PWMountAgent/extern/example_api.yaml
CreditMutuelArkea/asyncapi-parser	src/test/resources/asyncapi.yaml	https://github.com/CreditMutuelArkea/asyncapi-parser/blob/940aad38ae49c779555a29600495300a0f011c56/src/test/resources/asyncapi.yaml
ClearEyesFullHearts/asyncapi-sub-middleware	test/utils/api.yaml	https://github.com/ClearEyesFullHearts/asyncapi-sub-middleware/blob/50bbbcef579d18102e4e24d7035a7f611071a50a/test/utils/api.yaml
GreenRover/async-api-validator	tests/controllers/apis/monalesy_metric_2.0.yaml	https://github.com/GreenRover/async-api-validator/blob/cd80ed58662281eda73765cbf0d4741afd36e45a/tests/controllers/apis/monalesy_metric_2.0.yaml
Elhebert/asyncapi-validation	tests/fixtures/valid-schema-2.0.0.yaml	https://github.com/Elhebert/asyncapi-validation/blob/302c5e29f8da7e3215017ef49a0a080188cdd11e/tests/fixtures/valid-schema-2.0.0.yaml
AccelByte/extend-event-handler-with-mongodb-csharp	src/AccelByte.PluginArch.EventHandler.Demo.Server/Protos/iam/oauth/v1/oauth.yaml	https://github.com/AccelByte/extend-event-handler-with-mongodb-csharp/blob/bcda6e34e9f4cec5c1c716419714e561f6ad0d3e/src/AccelByte.PluginArch.EventHandler.Demo.Server/Protos/iam/oauth/v1/oauth.yaml
wpilibsuite/allwpilib	simulation/halsim_ws_core/doc/wpilib-ws.yaml	https://github.com/wpilibsuite/allwpilib/blob/e35ca772fdbba7d3f73efffabcb2448f4b495263/simulation/halsim_ws_core/doc/wpilib-ws.yaml
christian-photo/ninaAPI	ninaAPI/websocket_spec.yaml	https://github.com/christian-photo/ninaAPI/blob/dee9cc7be52c729c54371784a439f51b9a872bd7/ninaAPI/websocket_spec.yaml
asyncapi/cli	openapi.yaml	https://github.com/asyncapi/cli/blob/28de806a8659341bed91b1414805fa65bff0e5b9/openapi.yaml
ayointegral/cloud-sandbox-backstage	catalog/apis-and-resources.yaml	https://github.com/ayointegral/cloud-sandbox-backstage/blob/95e9e83b1c9b982495a827fc835e622729a57d35/catalog/apis-and-resources.yaml
supermodel/formats	supermodel/formats/asyncapi/asyncapi@2.yaml	https://github.com/supermodel/formats/blob/176c96cdc055f05e42336a2bbc97e51c9f8ed6fe/supermodel/formats/asyncapi/asyncapi@2.yaml
VersaceXcodes/ad-performance	backend/asyncapi.yaml	https://github.com/VersaceXcodes/ad-performance/blob/da8386203fb03c025db4dd093332832f7deab865/backend/asyncapi.yaml
GabrielAderaldo/Merma_a_musica	handbook/doc/30-specs/04-websocket.yaml	https://github.com/GabrielAderaldo/Merma_a_musica/blob/c8a1b285f05630bf6ba2867d1260a4d23fd97966/handbook/doc/30-specs/04-websocket.yaml
IntelIP/Neural	docs/openapi/websocket-api.yaml	https://github.com/IntelIP/Neural/blob/3c4621cecb2c6efc83cf91aa6d9cf17f815bb311/docs/openapi/websocket-api.yaml
metricq/metricq-rpc-docs	manager.asyncapi.yaml	https://github.com/metricq/metricq-rpc-docs/blob/50d5371a73ff919dbd1c559bd5278b6db387fead/manager.asyncapi.yaml
ravecat/moda	apps/ash_framework/priv/specs/asyncapi.yaml	https://github.com/ravecat/moda/blob/b885687c6c0824b901a2c18954594a6f89afff26/apps/ash_framework/priv/specs/asyncapi.yaml
Nauchara/Dumai-Arduino-LED-Panel	docs/asyncapi-v2.yaml	https://github.com/Nauchara/Dumai-Arduino-LED-Panel/blob/6d1cf82344287522de2985ecde846131c902b7ee/docs/asyncapi-v2.yaml
call-sofia/callsofia-webhooks-docs	asyncapi/webhooks.yaml	https://github.com/call-sofia/callsofia-webhooks-docs/blob/26197a64187576da454d5a42bbc0f3b11d47907c/asyncapi/webhooks.yaml
mnabli94/ecommerce-microservices	events-api/src/main/resources/asyncapi.yaml	https://github.com/mnabli94/ecommerce-microservices/blob/458171bcb228c1b02286a13e63479254bfc46059/events-api/src/main/resources/asyncapi.yaml
straylight-archive/render-api	api/render.asyncapi.yaml	https://github.com/straylight-archive/render-api/blob/36d9366b2c0be6bbc3c51d8e3d80e7e8403e7ec3/api/render.asyncapi.yaml
bian-official/staging	release12.0.0/semantic-apis/async/yamls/AccountReconciliationBOM.yaml	https://github.com/bian-official/staging/blob/34d46874bf0f3ba237fc21589f1bf2e1471a10bc/release12.0.0/semantic-apis/async/yamls/AccountReconciliationBOM.yaml
Chinitsu-Challenge/chinitsu-demo	docs/asyncapi.zh.yaml	https://github.com/Chinitsu-Challenge/chinitsu-demo/blob/a9960f1c70edf1ed1bc46bd40181eb899baeba4a/docs/asyncapi.zh.yaml
Owen-Richards/ai-nutritionist	docs/api-reference/asyncapi/ai-nutritionist-events.yaml	https://github.com/Owen-Richards/ai-nutritionist/blob/8eb8fd1f2689fd564133c41c850ade2e59a99771/docs/api-reference/asyncapi/ai-nutritionist-events.yaml
umdloop/umdloop_gui	camera-streaming-backend/asyncapi.yaml	https://github.com/umdloop/umdloop_gui/blob/5c4778847b41b984c68335d0d7c41d1a7a535a4b/camera-streaming-backend/asyncapi.yaml
magazino/api-docs	mfm-node-red/0.0.1/asyncapi.yaml	https://github.com/magazino/api-docs/blob/2225e40c652fb74ecfdc545d45ea31a9cf1762c9/mfm-node-red/0.0.1/asyncapi.yaml
VersaceXcodes/delivery-service-within-24-hours-51mbar	backend/asyncapi.yaml	https://github.com/VersaceXcodes/delivery-service-within-24-hours-51mbar/blob/658127b7b8ca300ce2e454f3254068211da53ed2/backend/asyncapi.yaml
VersaceXcodes/construction-materials-supplies-markets-snmlrq	backend/asyncapi.yaml	https://github.com/VersaceXcodes/construction-materials-supplies-markets-snmlrq/blob/3b928a347f8bf07f834a770aa23f94915b958ae1/backend/asyncapi.yaml
justynroberts/emea-backstage-demo	catalog/apis/asyncapi-apis.yaml	https://github.com/justynroberts/emea-backstage-demo/blob/276776815a7f8b2907d079073a92b91d3a02cedb/catalog/apis/asyncapi-apis.yaml
manuschillerdev/esphome-elero	components/elero_web/frontend/app/asyncapi.yaml	https://github.com/manuschillerdev/esphome-elero/blob/4ded05b35257076810c5c4f337acf3ec6ba7dd61/components/elero_web/frontend/app/asyncapi.yaml
gmnielsen/wpilib	simulation/halsim_ws_core/doc/wpilib-ws.yaml	https://github.com/gmnielsen/wpilib/blob/a7ae22d7640c3395e9a8ca37dc8c5fe0b7a2a559/simulation/halsim_ws_core/doc/wpilib-ws.yaml
Schreglmann/gameshow	specs/api/asyncapi.yaml	https://github.com/Schreglmann/gameshow/blob/20cd78c6d0311e06871cfa63d8a2f32c0febf0ef/specs/api/asyncapi.yaml
pagopa/idpay-reward-calculator	specs/asyncapi.yaml	https://github.com/pagopa/idpay-reward-calculator/blob/44e16e2bd8147d2e3011d1fc92ce9f52a3c537c4/specs/asyncapi.yaml
EthanSheehan/Grid-Sentinel	docs/asyncapi.yaml	https://github.com/EthanSheehan/Grid-Sentinel/blob/33d99efaac9ea5758fc27120b467eca96ad020d9/docs/asyncapi.yaml
VersaceXcodes/taxi-package-delivery-same-day-6im713	backend/asyncapi.yaml	https://github.com/VersaceXcodes/taxi-package-delivery-same-day-6im713/blob/0a313f242d966d162c8b5023094eaf49a7836aa7/backend/asyncapi.yaml
agiopen-org/lux-desktop	asyncapi/asyncapi.yaml	https://github.com/agiopen-org/lux-desktop/blob/d326cf3f3e75f92b4f90592e7ce2ab19a72358b2/asyncapi/asyncapi.yaml
kidoneself/DockPilot	dockpilot-backend/src/main/resources/asyncapi.yaml	https://github.com/kidoneself/DockPilot/blob/0471fd480216e1a5f53b9a2dcda29d1f3ba7a5a8/dockpilot-backend/src/main/resources/asyncapi.yaml
Elgcopilot/ISUZU-MOCK	asyncapi.yaml	https://github.com/Elgcopilot/ISUZU-MOCK/blob/c79bc7fa8eec589b9055dfeb45039d6312a1e1c7/asyncapi.yaml
VersaceXcodes/make-a-task-management-app-ce9fn3	backend/asyncapi.yaml	https://github.com/VersaceXcodes/make-a-task-management-app-ce9fn3/blob/0e321cad9df5607660782aa47f03d257b1f9d2a6/backend/asyncapi.yaml
VersaceXcodes/real-time-pickups-rvxv5p	backend/asyncapi.yaml	https://github.com/VersaceXcodes/real-time-pickups-rvxv5p/blob/3ac292f15cd319bce745b039bc9a2b9d2bb18e00/backend/asyncapi.yaml
CoolSpy3/CSPackets	generator_specification.yaml	https://github.com/CoolSpy3/CSPackets/blob/e9d5ee690b8f8790f041ab6f726afe10aff4a829/generator_specification.yaml
Gradient-DS/AGORA	docs/hai-contract/asyncapi.yaml	https://github.com/Gradient-DS/AGORA/blob/6d1dd2f17947fc6bfe37255f03c23d6feeea6a2c/docs/hai-contract/asyncapi.yaml
dgnsrekt/gexbot-faker-api	api/asyncapi.yaml	https://github.com/dgnsrekt/gexbot-faker-api/blob/df8f09c8a4a0680961cb0c2268f478aebb3dbd1a/api/asyncapi.yaml
germanProgq/crypto-hackathon	docs/asyncapi.yaml	https://github.com/germanProgq/crypto-hackathon/blob/d57dfef0f4f7505b71c763e4b26abe048f05c12d/docs/asyncapi.yaml
ravecat/songy	priv/specs/asyncapi.yaml	https://github.com/ravecat/songy/blob/0812625432c6d63e8fcc188be64d071f2859c1ad/priv/specs/asyncapi.yaml
speechmatics/docs	spec/realtime.yaml	https://github.com/speechmatics/docs/blob/0b3127398bdf4b1a07d4cb1a36f34fa4c619e9ac/spec/realtime.yaml
kanekoshoyu/asyncapi-rust-ws-template	test/input/v2.yaml	https://github.com/kanekoshoyu/asyncapi-rust-ws-template/blob/d6c4082bd58a58a2c2f254d4d2ec3d7d6d7530ad/test/input/v2.yaml
ravecat/asyncapi	test/fixtures/smoke/realtime-room.asyncapi.yaml	https://github.com/ravecat/asyncapi/blob/4b0f533ddb3daeba401dfe2b032cd7632d2197d3/test/fixtures/smoke/realtime-room.asyncapi.yaml
mdurrani808/umdloop_gui	camera-streaming-backend/asyncapi.yaml	https://github.com/mdurrani808/umdloop_gui/blob/d61771fd059e79f75d9e286727b6fc02b99265ed/camera-streaming-backend/asyncapi.yaml
VersaceXcodes/delivery-service-within-24-hours-45vzsd	backend/asyncapi.yaml	https://github.com/VersaceXcodes/delivery-service-within-24-hours-45vzsd/blob/d697aecd6a629fe8e424ce3de1136c2a813eb47b/backend/asyncapi.yaml
cudy789/MAPLE	lib/allwpilib/simulation/halsim_ws_core/doc/wpilib-ws.yaml	https://github.com/cudy789/MAPLE/blob/3be596cac6f3a64b5baebad1baf13641c5c535fe/lib/allwpilib/simulation/halsim_ws_core/doc/wpilib-ws.yaml
VersaceXcodes/make-a-task-management-app-c5nq9q	backend/asyncapi.yaml	https://github.com/VersaceXcodes/make-a-task-management-app-c5nq9q/blob/1ebbfdf4c249eb811a978b905642e773c87087d2/backend/asyncapi.yaml
VersaceXcodes/make-a-task-management-app-jza64k	backend/asyncapi.yaml	https://github.com/VersaceXcodes/make-a-task-management-app-jza64k/blob/f712066af870f4f06809b99dcd9bd9409af14a66/backend/asyncapi.yaml
VersaceXcodes/make-a-task-management-app-pvh6mg	backend/asyncapi.yaml	https://github.com/VersaceXcodes/make-a-task-management-app-pvh6mg/blob/9ea4513f0e8c192dd22ee03408af288bf29d8e02/backend/asyncapi.yaml
VersaceXcodes/make-a-task-management-app-ehq8um	backend/asyncapi.yaml	https://github.com/VersaceXcodes/make-a-task-management-app-ehq8um/blob/0fa35120cf1b880ed9cbf05cfcb9eb1cc432211e/backend/asyncapi.yaml
VersaceXcodes/make-a-task-management-app-rlzksr	backend/asyncapi.yaml	https://github.com/VersaceXcodes/make-a-task-management-app-rlzksr/blob/085a3d310a6f3088630f6a2bcf031aae449d70ee/backend/asyncapi.yaml
VersaceXcodes/make-a-task-management-app-lzi7ep	backend/asyncapi.yaml	https://github.com/VersaceXcodes/make-a-task-management-app-lzi7ep/blob/3b4c0d337384cf5ebb5e2af34cb258f341f0fba7/backend/asyncapi.yaml
VersaceXcodes/make-a-task-management-app-ad6v3v	backend/asyncapi.yaml	https://github.com/VersaceXcodes/make-a-task-management-app-ad6v3v/blob/930d223a70f9409ac4db1b6c57d705230d9ed98a/backend/asyncapi.yaml
VersaceXcodes/make-a-task-management-app-7kdo5d	backend/asyncapi.yaml	https://github.com/VersaceXcodes/make-a-task-management-app-7kdo5d/blob/36bc3b0d7574c77630d32f2da68c0351db70ff98/backend/asyncapi.yaml
VersaceXcodes/make-a-task-management-app-plclb4	backend/asyncapi.yaml	https://github.com/VersaceXcodes/make-a-task-management-app-plclb4/blob/8928a0dfacb542435ff703d84a9815cbf04d17a9/backend/asyncapi.yaml
VersaceXcodes/make-a-task-management-app-g32khm	backend/asyncapi.yaml	https://github.com/VersaceXcodes/make-a-task-management-app-g32khm/blob/8445ea74eaff36bdf666a1f254735dcfc9d1ffda/backend/asyncapi.yaml
VersaceXcodes/make-a-task-management-app-k7weuf	backend/asyncapi.yaml	https://github.com/VersaceXcodes/make-a-task-management-app-k7weuf/blob/b0029b7f39cfae43fe65219b66cbb665ad5d849d/backend/asyncapi.yaml
VersaceXcodes/make-a-task-management-app-w6vg8v	backend/asyncapi.yaml	https://github.com/VersaceXcodes/make-a-task-management-app-w6vg8v/blob/d64bfc2faff7b9c0924da762013c1bfba76f2005/backend/asyncapi.yaml
solace-cto-labs/solace-axway-agent	specs/connector.yaml	https://github.com/solace-cto-labs/solace-axway-agent/blob/b7afd239c485976fef32bf44f2459fefc90cd55f/specs/connector.yaml
way-platform/mbz-go	api/pushv1/asyncapi.yaml	https://github.com/way-platform/mbz-go/blob/efa56133a73f9a720641cca1ae53570956c02255/api/pushv1/asyncapi.yaml
SchwarzIT/api-linter-rules	pnpm-lock.yaml	https://github.com/SchwarzIT/api-linter-rules/blob/b9512841d70820648974e8e35430b8374708ca57/pnpm-lock.yaml
openxapi/openxapi	specs/binance/asyncapi/umfutures-streams.yaml	https://github.com/openxapi/openxapi/blob/e2791e425741e4002b8db44ca3f34f2e49aa8eea/specs/binance/asyncapi/umfutures-streams.yaml
HyPolDev/Bot	agents/docs/kalshi_asyncapi.yaml	https://github.com/HyPolDev/Bot/blob/765f4aa4d1e7be9a4a0fe22829e6f720478443a8/agents/docs/kalshi_asyncapi.yaml
gravitee-io/gravitee-apim-mcp-server	.speakeasy/out.openapi.yaml	https://github.com/gravitee-io/gravitee-apim-mcp-server/blob/59bf8fa7515aa1d05619e8c826c34f787964434a/.speakeasy/out.openapi.yaml
ammario/kalshi-docs	asyncapi.yaml	https://github.com/ammario/kalshi-docs/blob/609be7dc37fd265f6010ae89cefd7c52eea21ed3/asyncapi.yaml
Xen0Xys/N2I-2024-API	pnpm-lock.yaml	https://github.com/Xen0Xys/N2I-2024-API/blob/6795a743215e7d1e15e3843300086a5a594821d5/pnpm-lock.yaml
solace-cto-labs/solace-amplify-discovery-agent	codegen/connector.yaml	https://github.com/solace-cto-labs/solace-amplify-discovery-agent/blob/4ae4e4c5cede3163ceaa9be2cb47b88e68e0025c/codegen/connector.yaml
it-incubator/nestjs	examples/nestjs/microservices/async-api-ms/pnpm-lock.yaml	https://github.com/it-incubator/nestjs/blob/023534f7b50f8f0720b6f4570e4ac7597339bf91/examples/nestjs/microservices/async-api-ms/pnpm-lock.yaml
btravers/amqp-contract	pnpm-lock.yaml	https://github.com/btravers/amqp-contract/blob/038421cfa3a0c5b7c249f373f5798076c22c467c/pnpm-lock.yaml
event-catalog/generators	pnpm-lock.yaml	https://github.com/event-catalog/generators/blob/50f91edd25971318e31e5b93968fe6593c8be781/pnpm-lock.yaml
daniellmorris/EnvarynAI	backend/pnpm-lock.yaml	https://github.com/daniellmorris/EnvarynAI/blob/8c1e2226754d8ac22dacbceffad4b2d84bef64c3/backend/pnpm-lock.yaml
UTXOnly/oddrip	asyncapi.yaml	https://github.com/UTXOnly/oddrip/blob/dcbfcb06e7561dd1b1dc710a883232f279c9661c/asyncapi.yaml
openpx-trade/openpx	schema/upstream/kalshi.asyncapi.yaml	https://github.com/openpx-trade/openpx/blob/2004eb07fa5d61c5262617389e30a77922d052b1/schema/upstream/kalshi.asyncapi.yaml
ballerina-platform/asyncapi-triggers	asyncapi/hubspot/asyncapi.yaml	https://github.com/ballerina-platform/asyncapi-triggers/blob/c5ea15e6489fe37419c7e4e0c812ebda774f0a06/asyncapi/hubspot/asyncapi.yaml
prichelle/prichelle.github.io	assets/files/eem/PaymentStatus.yaml	https://github.com/prichelle/prichelle.github.io/blob/64a5f1fc63f987601c483ed4d9b0f02b577692d2/assets/files/eem/PaymentStatus.yaml
kaaaaakun/ft_transcendence	asyncapi.yaml	https://github.com/kaaaaakun/ft_transcendence/blob/db30d42f79b777e34e10e803b5c441e405fd1584/asyncapi.yaml
Programmierpraktikum-MVA/AsyncAPI	example/specs/userSignupSubscriber.yaml	https://github.com/Programmierpraktikum-MVA/AsyncAPI/blob/dc51bda6f5376576606c85276d6b3e6338481a55/example/specs/userSignupSubscriber.yaml
delano/postman-mcp-server	docs/api/references/postman-api-requestBodies.yaml	https://github.com/delano/postman-mcp-server/blob/d29c2df5dedbb4f3384ebc0a71e8d256e04671a2/docs/api/references/postman-api-requestBodies.yaml
jeffmikels/ProPresenter-API	Pro6/api.yaml	https://github.com/jeffmikels/ProPresenter-API/blob/6e7490671c94a7c9e588274bdf5df6ece1934248/Pro6/api.yaml
TIBCOSoftware/cic-cli-plugin-asyncapi	examples/kafka/streetlights-kafka.yaml	https://github.com/TIBCOSoftware/cic-cli-plugin-asyncapi/blob/682f7a8f01146b2de6ec2b5cb9ff9021c185a1ca/examples/kafka/streetlights-kafka.yaml
bcwilsondotcom/nx-monorepo-template	packages/contracts/asyncapi/analytics.yaml	https://github.com/bcwilsondotcom/nx-monorepo-template/blob/0c62ff05b20e8ec1ae3705c6ca3884a21285f304/packages/contracts/asyncapi/analytics.yaml
JonathanGrocott/A2A-MQTT	asyncapi.yaml	https://github.com/JonathanGrocott/A2A-MQTT/blob/aa725e68a16bdbb6ddd8f78224edf93f9842a753/asyncapi.yaml
ueisele/showcase-asyncapi-api	asyncapi/de/novatec/streetlight/v2/Streetlight.g1.yaml	https://github.com/ueisele/showcase-asyncapi-api/blob/ce81e308f344fd86c1edffe50211c98350c2c25d/asyncapi/de/novatec/streetlight/v2/Streetlight.g1.yaml
tyayers/apigee-dashboard-demo	specs/broadcast-api.yaml	https://github.com/tyayers/apigee-dashboard-demo/blob/33d0cac17b6af21188098a773e3931e11dbc2ab9/specs/broadcast-api.yaml
Sinrez/analytic	Системный анализ/WEbSocket_Async.yaml	https://github.com/Sinrez/analytic/blob/e09894e7d018785de202437a4f9b7d1b5b0d1ad7/%D0%A1%D0%B8%D1%81%D1%82%D0%B5%D0%BC%D0%BD%D1%8B%D0%B9%20%D0%B0%D0%BD%D0%B0%D0%BB%D0%B8%D0%B7/WEbSocket_Async.yaml
sentient-io/microservice-docs	voice/online_automatic_speech_recognition_eng_streaming.yaml	https://github.com/sentient-io/microservice-docs/blob/d3a264647d120b83e018910f9680ea68a4bf16c5/voice/online_automatic_speech_recognition_eng_streaming.yaml
zqTheDesigner/QComponentLib-docs	onlineasr_yaml.yaml	https://github.com/zqTheDesigner/QComponentLib-docs/blob/8f5bd8ecd2a85cb36e9662d26eff5869df91d34d/onlineasr_yaml.yaml
brasseld/gravitee-bootcamp-june2022	taxi/asyncapi.yaml	https://github.com/brasseld/gravitee-bootcamp-june2022/blob/ff0bab4bd91d29ba4ed435b53c4e46a53e8679fe/taxi/asyncapi.yaml
xraph/forge	extensions/discovery/examples/farp-mdns.yaml	https://github.com/xraph/forge/blob/253de3c040dec2ec289fa2d08dd1bba6214c0cc8/extensions/discovery/examples/farp-mdns.yaml
pascal-audio/px-api	asyncapi/px-api.yaml	https://github.com/pascal-audio/px-api/blob/90ec21307fa1fae84e15aa90c011d9bcd3207e5a/asyncapi/px-api.yaml
Arkhe-Network/Arkhe-OS	contracts/gold_finance_transactions.yaml	https://github.com/Arkhe-Network/Arkhe-OS/blob/d30272f18bb6d541a02a2a022e278301f01f5a5b/contracts/gold_finance_transactions.yaml
obot-platform/mcp-catalog	postman.yaml	https://github.com/obot-platform/mcp-catalog/blob/de8f9be5e45e95364f8ee0e0fef2a3e241fd4d5a/postman.yaml
ekozynin/asyncapi-kafka-template	examples/example.yaml	https://github.com/ekozynin/asyncapi-kafka-template/blob/405a8756245e7e4fd77f9400765ff888572eb37a/examples/example.yaml
crustacgen/asyncapi-rust-generator	specs/basic.yaml	https://github.com/crustacgen/asyncapi-rust-generator/blob/01fa3ecacc37ccf3eb580a0a4357687384a5cb08/specs/basic.yaml
G-USI/asyncapi-python	examples/specs/financial-trading-system.yaml	https://github.com/G-USI/asyncapi-python/blob/be3fef85e87f386397efcaf68a7346bc1ebddedd/examples/specs/financial-trading-system.yaml
redhat-france-sa/microservices-saga-blueprint	api-specifications/order-events-asyncapi-v1.0.0.yaml	https://github.com/redhat-france-sa/microservices-saga-blueprint/blob/4aa65c040eba19270352b06abb41498fc89a74c8/api-specifications/order-events-asyncapi-v1.0.0.yaml
ibm-cloudintegration/CP4I-PoT-Public	Kafka/Event_EndPoint_Save/lab1/resources/FLIGHT.LANDINGS.yaml	https://github.com/ibm-cloudintegration/CP4I-PoT-Public/blob/a254f30a760e4f175371427b5f2e20964723e71a/Kafka/Event_EndPoint_Save/lab1/resources/FLIGHT.LANDINGS.yaml
cardano-scaling/hydra	hydra-node/json-schemas/api.yaml	https://github.com/cardano-scaling/hydra/blob/eb32586311947e9b6108fa2c3de2938ee2e9e704/hydra-node/json-schemas/api.yaml
0xHoneyJar/loa-hounfour	specs/asyncapi.yaml	https://github.com/0xHoneyJar/loa-hounfour/blob/c06ef1ba89cb16e4feec58f568e029d219918f67/specs/asyncapi.yaml
charlie-haley/asyncapi-go	testdata/valid_3_0_0_amqp.yaml	https://github.com/charlie-haley/asyncapi-go/blob/9782889bf371ab858248130403b43aec907c7fec/testdata/valid_3_0_0_amqp.yaml
OkieOth/yacg	tests/resources/models/yaml/examples/asyncapi_t.yaml	https://github.com/OkieOth/yacg/blob/7b87d2bae1a4470c5f11b1838ddb214c4df6e087/tests/resources/models/yaml/examples/asyncapi_t.yaml
ballerina-platform/asyncapi-tools	asyncapi-cli/src/test/resources/specs/SPEC_COMPLETE_SLACK_UPPERCASE.YAML	https://github.com/ballerina-platform/asyncapi-tools/blob/c035bed4daf955d73df273b8c9f5815b8853bcce/asyncapi-cli/src/test/resources/specs/SPEC_COMPLETE_SLACK_UPPERCASE.YAML
yukihito-jokyu/postman-mcp-server	docs/api/references/postman-api-requestBodies.yaml	https://github.com/yukihito-jokyu/postman-mcp-server/blob/090576a83cddc8a8353c308e7c4cd9fe5b8d5516/docs/api/references/postman-api-requestBodies.yaml
WaYdotNET/zen-generator	tests/async_api_test.yaml	https://github.com/WaYdotNET/zen-generator/blob/af3d5e851ce68f12845285a9d653ca64426f2163/tests/async_api_test.yaml
iain-b/backstage-test-entities	async-api-test.yaml	https://github.com/iain-b/backstage-test-entities/blob/cbcd5a528fd8b0d5b5ae3df59d4753904b5e6ce6/async-api-test.yaml
ff-fab/cosalette	packages/tests/fixtures/schemas/network_scope_violation.yaml	https://github.com/ff-fab/cosalette/blob/15ad2b134c7f6ba384f7da7d28dac5db8f52eb6b/packages/tests/fixtures/schemas/network_scope_violation.yaml
asyncapi/dotnet-rabbitmq-template	example/asyncapi.yaml	https://github.com/asyncapi/dotnet-rabbitmq-template/blob/1f81b35352a1c1905ae6dd526dc83f5dcfddb94c/example/asyncapi.yaml
ministryofjustice/visit-scheduler	visit-scheduler-event-specification.yaml	https://github.com/ministryofjustice/visit-scheduler/blob/f92fcfe6c887763cacb655fd2be487579edbd00f/visit-scheduler-event-specification.yaml
unfoldedcircle/core-api	core-api/websocket/UCR-core-asyncapi.yaml	https://github.com/unfoldedcircle/core-api/blob/c02f34203cd7cf80cc3392285632e0e63536cab0/core-api/websocket/UCR-core-asyncapi.yaml
litmuschaos/m-agent	docs/process-kill.yaml	https://github.com/litmuschaos/m-agent/blob/06e8c3e44cea730ca4794093ea40173cd37e435c/docs/process-kill.yaml
FrackiewiczP/info_bubbles	frontend_docs.yaml	https://github.com/FrackiewiczP/info_bubbles/blob/161174e959e376818e134d3c489cc1bb2b14f724/frontend_docs.yaml
PacktPublishing/Building-an-API-Product	Chapter08/example-asyncapi.yaml	https://github.com/PacktPublishing/Building-an-API-Product/blob/f9cf19a8e38efc2e4349edf699e24c098ab5f9fa/Chapter08/example-asyncapi.yaml
yankeeinlondon/rusty-biscuit	schematic/specs/unfolded-circle/UCR-integration-asyncapi.yaml	https://github.com/yankeeinlondon/rusty-biscuit/blob/5dba641e265e4c33ca3e7f3fd7edb6420e1d801f/schematic/specs/unfolded-circle/UCR-integration-asyncapi.yaml
daveshanley/asyncapi-tutorials	specs/simple-stream.yaml	https://github.com/daveshanley/asyncapi-tutorials/blob/4a191f008b21ec19bb4c462214bf3e82e0c52fea/specs/simple-stream.yaml
The-Microservice-Dungeon/robot	swagger/v4/asyncapi.yaml	https://github.com/The-Microservice-Dungeon/robot/blob/99941d6f666599771d3bf9faf82c47a0a4846867/swagger/v4/asyncapi.yaml
joshwambere/Galileo	asyncApi.yaml	https://github.com/joshwambere/Galileo/blob/4f40651c68727b190f496844a5fbbe83c9ef8c3a/asyncApi.yaml
jonnekaunisto/Murdle	WebsocketModel/model.yaml	https://github.com/jonnekaunisto/Murdle/blob/a78bc29764779d234bcfa60a10d234fb5b047b2b/WebsocketModel/model.yaml
The-Microservice-Dungeon/gamelog	docs/event-spec.yaml	https://github.com/The-Microservice-Dungeon/gamelog/blob/11ed76c3b97346c80dc077d23d518594a3aeaf91/docs/event-spec.yaml
hdulay/streaming-data-mesh	kafka-pubsub.yaml	https://github.com/hdulay/streaming-data-mesh/blob/590422251e652460d4ee5b243df225888b2bc41f/kafka-pubsub.yaml
mx-kshitij/filedropper	Module packages/DemoPremiereLeague_AsyncApiDocument.yaml	https://github.com/mx-kshitij/filedropper/blob/af84c8276134c10e0d797e1359b2a8a87bb1d118/Module%20packages/DemoPremiereLeague_AsyncApiDocument.yaml
microcks/api-lifecycle	cloud-events-demo/animal-sensor-1.0.0-bin-asyncapi.yaml	https://github.com/microcks/api-lifecycle/blob/30ffa0f7b8b6966b4e461f9f2c9e22d35f442ac8/cloud-events-demo/animal-sensor-1.0.0-bin-asyncapi.yaml
SoftwareEngineerUB/SmartEnergy	AsyncAPI.yaml	https://github.com/SoftwareEngineerUB/SmartEnergy/blob/8893728eaf989a3b8bd2c1b3a8a1a5e6c4ce9c10/AsyncAPI.yaml
migarci2/ft_transcendence	auth/docs/asyncapi.yaml	https://github.com/migarci2/ft_transcendence/blob/dc527ce7ae109439c2e52b610999b448cb14934b/auth/docs/asyncapi.yaml
illyay2017/async-api-streetlights	asyncapi.yaml	https://github.com/illyay2017/async-api-streetlights/blob/ad58cf9f38823c8f2bf7eb6dc07b8ec38ea30180/asyncapi.yaml
VolatilityGroup/volatility-ws	volatility-ws/asyncapi.wip.yaml	https://github.com/VolatilityGroup/volatility-ws/blob/a70e171ebc7ddfff6aa6691d3435e3fc8d23c9ae/volatility-ws/asyncapi.wip.yaml
hirneagabriel/SnakeDevs	flaskr/asyncapi.yaml	https://github.com/hirneagabriel/SnakeDevs/blob/996c2f2fc78d69b66510c46d6b5e743b28d559c1/flaskr/asyncapi.yaml
DEFRA/ffc-pay-file-publisher	docs/asyncapi.yaml	https://github.com/DEFRA/ffc-pay-file-publisher/blob/b01f3de9155cfb3a7336c5e18354be01f43a12dd/docs/asyncapi.yaml
dedoussis/asyncapi-socket.io-example	asyncapi.yaml	https://github.com/dedoussis/asyncapi-socket.io-example/blob/fd7bf244af9f9fbfabe01ac4a6bcb541587db36b/asyncapi.yaml
teekay/jcomments	asyncApi.yaml	https://github.com/teekay/jcomments/blob/8fc6ad5cb9ed866d6569d204f72e6ba1bda0bd07/asyncApi.yaml
The-Microservice-Dungeon/game	doc/asyncapi-doc.yaml	https://github.com/The-Microservice-Dungeon/game/blob/1fad9e6b5e03aed4b4abde030c5ae1d04c870f42/doc/asyncapi-doc.yaml
newsukarun/async-api	AsuncApi.yaml	https://github.com/newsukarun/async-api/blob/e64b5c3357a2f2d25f96e5084271ff27b13094eb/AsuncApi.yaml
andreitudose2000/ingineria-programarii	docs/asyncapi.yaml	https://github.com/andreitudose2000/ingineria-programarii/blob/b41e16a53c113bafd1e250866737956e1eaec773/docs/asyncapi.yaml
The-Microservice-Dungeon/trading	swagger/v1/asyncAPI.yaml	https://github.com/The-Microservice-Dungeon/trading/blob/2081a90620b9ae672b86c4811d0e6ecacf44b64a/swagger/v1/asyncAPI.yaml
YarikRevich/kubernetes-websocket-integration	docs/api/asyncapi.yaml	https://github.com/YarikRevich/kubernetes-websocket-integration/blob/d7963fb7f847e03640ec342e27841ea22e7bd9e8/docs/api/asyncapi.yaml
DEFRA/ffc-pay-request-editor	docs/asyncapi.yaml	https://github.com/DEFRA/ffc-pay-request-editor/blob/b274cc7fbe3592c2481a5d3a91e5cea97ba91724/docs/asyncapi.yaml
siom79/jopenapicmp	jopenapicmp/src/test/resources/new.yaml	https://github.com/siom79/jopenapicmp/blob/d050f2266c0994172bcfd709df0d27ac2a63f2ff/jopenapicmp/src/test/resources/new.yaml
albertnadal/asyncapi-schema-pydantic	tests/data/sample.yaml	https://github.com/albertnadal/asyncapi-schema-pydantic/blob/6e178293797a4e09a7717b2558f64e6f1d4df987/tests/data/sample.yaml
hkirat/asyncapi-fork	assets/examples/default-example.yaml	https://github.com/hkirat/asyncapi-fork/blob/1db6dd2fde049841516488353c519ef44eea3d51/assets/examples/default-example.yaml
v08nike/Cli-Node	assets/examples/default-example.yaml	https://github.com/v08nike/Cli-Node/blob/bf8ba56785b722e7dd6391a01012d65e980ca47d/assets/examples/default-example.yaml
c0olix/asyncApiCodeGen	generator/test-spec/test-spec.yaml	https://github.com/c0olix/asyncApiCodeGen/blob/194fe2617b382862ec7367f2d1aa95609d6e12d0/generator/test-spec/test-spec.yaml
allenheltondev/gopher-holes-unlimited	asyncapi.yaml	https://github.com/allenheltondev/gopher-holes-unlimited/blob/8c8c0facdeb3091c4a633fa1914475259675f6c6/asyncapi.yaml
apache/eventmesh-catalog	configs/testorder.yaml	https://github.com/apache/eventmesh-catalog/blob/235b0956a50bf2de93d24089e6163012aa087041/configs/testorder.yaml
SmartSleepIoT/SmartSleepCoding	swagger/asyncapiSTART_TO_SLEEP.yaml	https://github.com/SmartSleepIoT/SmartSleepCoding/blob/21c19489f0c477cbfbabd3a1d232f526f84a9e49/swagger/asyncapiSTART_TO_SLEEP.yaml
allenheltondev/serverless-websockets	async-api.yaml	https://github.com/allenheltondev/serverless-websockets/blob/a7e12d093fa670b6adbf8f4e848ebdcd5b0c88d8/async-api.yaml
PacktPublishing/Event-Driven-Architecture-in-Golang	Chapter08/stores/storespb/asyncapi.yaml	https://github.com/PacktPublishing/Event-Driven-Architecture-in-Golang/blob/446ec3fdae48f47273a816078cf2f1f74f3380fc/Chapter08/stores/storespb/asyncapi.yaml
mjones3/interface-exception-collector-service	infrastructure.yaml	https://github.com/mjones3/interface-exception-collector-service/blob/6681c44e789a7504ca2bbb9e712ec8fd0031a6ab/infrastructure.yaml
VALAWAI/C1_nit_protocol_manager	asyncapi.yaml	https://github.com/VALAWAI/C1_nit_protocol_manager/blob/70f8942b921051718e224abc7aa23dfc2c3223c1/asyncapi.yaml
Metatavu/mqtt-demo-spec	demo.yaml	https://github.com/Metatavu/mqtt-demo-spec/blob/85d0ddf13faaaf659b12cac88c35ea47ae8cb726/demo.yaml
mul14/backstage-demo	catalogs/entities.yaml	https://github.com/mul14/backstage-demo/blob/6cf70677c137739b48abc7d89b1f2fccfa6829e5/catalogs/entities.yaml
pfarkya/asyncApi_AccountManagerEDA	asyncapi.yaml	https://github.com/pfarkya/asyncApi_AccountManagerEDA/blob/f53ae7d4a52224975fc508702fda5c8b6fceebe7/asyncapi.yaml
henrykey/kone-elevator	elevator-websocket-api-v2.yaml	https://github.com/henrykey/kone-elevator/blob/7a0fdd457e3911cd743d9c840bc203138699c907/elevator-websocket-api-v2.yaml
brajsing/newrepo	prodtest/Async_API1.yaml	https://github.com/brajsing/newrepo/blob/a38c2bd5150f1b6b46e15f0b3162c59442a0186e/prodtest/Async_API1.yaml
christianrowlands/network-survey-messaging	src/main/asyncapi/network_survey_messaging.yaml	https://github.com/christianrowlands/network-survey-messaging/blob/60f266c0c0e7373cc212c781c61779c28bac1a97/src/main/asyncapi/network_survey_messaging.yaml
ambansod-tibco/test4	AsyncAPI.yaml	https://github.com/ambansod-tibco/test4/blob/e47d9015ac8a73c5bf6d11894452bbc3b241de68/AsyncAPI.yaml
varunaditya27/sentinel-orchestrator-network	hydra/hydra-node/json-schemas/api.yaml	https://github.com/varunaditya27/sentinel-orchestrator-network/blob/f5601ee38a1d3475bebc6749fba8216fd4e67488/hydra/hydra-node/json-schemas/api.yaml
OI4/oi4-oec-service	packages/oi4-oec-asyncapi/asyncapi.yaml	https://github.com/OI4/oi4-oec-service/blob/2d6e6f240681e77300bdfec931c6163cb7d9bcf8/packages/oi4-oec-asyncapi/asyncapi.yaml
fenix-hub/cns-project-backend	docs/asyncapi.yaml	https://github.com/fenix-hub/cns-project-backend/blob/fd523349c1616b4d446373b88436dbe708471350/docs/asyncapi.yaml
RedHatInsights/event-schemas	asyncapi.yaml	https://github.com/RedHatInsights/event-schemas/blob/b547bbbdd23d40c38ff0db9c1cbeb6f2d832b9e0/asyncapi.yaml
dili91/events-based-api-specs	async-api/nodejs-app/asyncapi.yaml	https://github.com/dili91/events-based-api-specs/blob/914e6688badc026276ab2ce9191795840bd7f5fa/async-api/nodejs-app/asyncapi.yaml
VersaceXcodes/make-a-task-management1234-qr0d4h	backend/asyncapi.yaml	https://github.com/VersaceXcodes/make-a-task-management1234-qr0d4h/blob/1dc601c414e2b2c63dad0f59785afdc30ddd64e5/backend/asyncapi.yaml
UnibucProjects/SmartAquarium	asyncapi.yaml	https://github.com/UnibucProjects/SmartAquarium/blob/6f3c16fb7a45218e763b46223568f6c3e5b66bfd/asyncapi.yaml
VALAWAI/C1_llm_email_replier	asyncapi.yaml	https://github.com/VALAWAI/C1_llm_email_replier/blob/27c9aaf78ec1bcef2af6c88d4b6d3feed35c902a/asyncapi.yaml
VALAWAI/C0_email_actuator	asyncapi.yaml	https://github.com/VALAWAI/C0_email_actuator/blob/db4bb7f9a7aef4452d607a6336eb0b6f2efd314b/asyncapi.yaml
razvanguta/SmartLight	asyncapi.yaml	https://github.com/razvanguta/SmartLight/blob/654429442e2aa8885a01d079fd7d9d318f261e13/asyncapi.yaml
hatchbed/opensw	api/asyncapi.yaml	https://github.com/hatchbed/opensw/blob/0125bc6a6dbbfcc2c37bf498a8a7a88b88567c01/api/asyncapi.yaml
LordMoMA/Intelli-Mall	stores/storespb/asyncapi.yaml	https://github.com/LordMoMA/Intelli-Mall/blob/79d2eb0f3164c5509ccac040262e6e5805efeeaf/stores/storespb/asyncapi.yaml
Savio629/testing	test.yaml	https://github.com/Savio629/testing/blob/4aaf3ec3f58b424a917d158604d6aa1e179bd2af/test.yaml
ambansod-tibco/-Test6	Test_ASYNC1.yaml	https://github.com/ambansod-tibco/-Test6/blob/af106ff19896572c3399000b5d6823c0131cd279/Test_ASYNC1.yaml
ambansod-tibco/Test	Async_Test.yaml	https://github.com/ambansod-tibco/Test/blob/d79f954ea1c62fa45761a6f82ef9b746651c41a1/Async_Test.yaml
asyncapi/go-watermill-template	test/asyncapi.yaml	https://github.com/asyncapi/go-watermill-template/blob/195106cb72d5168664f71b4fa23171d207bb6384/test/asyncapi.yaml
dedoussis/asynction	tests/fixtures/security.yaml	https://github.com/dedoussis/asynction/blob/0b35015d84572a1fcb9a5ac69c6c0743601dc4c0/tests/fixtures/security.yaml
stackus/eda-with-golang	ch9/stores/storespb/asyncapi.yaml	https://github.com/stackus/eda-with-golang/blob/1320aa9104b9ca849b3ed0384b45b29b7d1dfc68/ch9/stores/storespb/asyncapi.yaml
MatsuoTakuro/eda-in-golang	modules/stores/storespb/asyncapi.yaml	https://github.com/MatsuoTakuro/eda-in-golang/blob/3ca3e1b3352e507586d5acbeb33e025e54fdce44/modules/stores/storespb/asyncapi.yaml
imaginestudio-ai/golang-ninja	Event-Driven-Architecture-in-Golang/Chapter10/stores/storespb/asyncapi.yaml	https://github.com/imaginestudio-ai/golang-ninja/blob/214aa35496cc6e374aec4e34d8b4e895cef3ad20/Event-Driven-Architecture-in-Golang/Chapter10/stores/storespb/asyncapi.yaml
ahmad-khatib0/go	event-driven-architecture/mallbots/stores/storespb/asyncapi.yaml	https://github.com/ahmad-khatib0/go/blob/7e643d2d3a51c6aa39f8812d289999da50a3520d/event-driven-architecture/mallbots/stores/storespb/asyncapi.yaml
innovatrics/smartface-integrations	src/KoneApi/Kone.Api.Client/elevator-websocket-api-v2.yaml	https://github.com/innovatrics/smartface-integrations/blob/65484d4e5e2acf35614d019bb8440d239c21285d/src/KoneApi/Kone.Api.Client/elevator-websocket-api-v2.yaml
faraz7321/robot-elevator-middleware	docs/elevators/KONE/elevator-websocket-api-v2.yaml	https://github.com/faraz7321/robot-elevator-middleware/blob/0d59028384ac2ee3f06b947dc6f9a7c8afb85685/docs/elevators/KONE/elevator-websocket-api-v2.yaml
VersaceXcodes/make-a-task-management1234-dbwz8a	backend/asyncapi.yaml	https://github.com/VersaceXcodes/make-a-task-management1234-dbwz8a/blob/7fb9f4978e602ca6124546c1ac22ba05b68b1cbd/backend/asyncapi.yaml
flexiblepower/s2-ws-json	s2-asyncapi/s2-rm-ddbc-only.yaml	https://github.com/flexiblepower/s2-ws-json/blob/8dcc4c36abf651a0db478759c0fbc38b486b54d9/s2-asyncapi/s2-rm-ddbc-only.yaml
mzegarras/asyncapi-labs	transactionsv2.yaml	https://github.com/mzegarras/asyncapi-labs/blob/abb306f2fac4646ea2b82b9bd640a101abd4616b/transactionsv2.yaml
rsksmart/rif-wallet-services	docs/websocket.yaml	https://github.com/rsksmart/rif-wallet-services/blob/1564b2679c31b89dca8866444ff596468e792c08/docs/websocket.yaml
GUR-ok/otus-microservice-architecture	project/services/claim-async-api.yaml	https://github.com/GUR-ok/otus-microservice-architecture/blob/bc4b64dc2bead272b6264e3b7696047305211e0d/project/services/claim-async-api.yaml
energywebfoundation/ddhub-client-gateway	apps/dsb-client-gateway-frontend/public/ws.yaml	https://github.com/energywebfoundation/ddhub-client-gateway/blob/3620cc2fc5e05b6eca04014f41521bb5a2cf1d91/apps/dsb-client-gateway-frontend/public/ws.yaml
practicumstudent2025/architecture-warmhouse	apps/smart_home/api/telemetry-asyncapi.yaml	https://github.com/practicumstudent2025/architecture-warmhouse/blob/74c62f104147d4d5ffaac887e846ed681ab64871/apps/smart_home/api/telemetry-asyncapi.yaml
thake/backstage-specs-test	asyncapi.yaml	https://github.com/thake/backstage-specs-test/blob/e873273c32ab2f7a54306253911c9974915a6298/asyncapi.yaml
noodlensk/task-tracker	api/asyncapi/analytics-cud/analytics-cud.yaml	https://github.com/noodlensk/task-tracker/blob/889b855337f6145f5572ca9cc3e55b6c1ac880e5/api/asyncapi/analytics-cud/analytics-cud.yaml
jgazeau/shadocs	exampleSite/asyncapi/example.yaml	https://github.com/jgazeau/shadocs/blob/1f2ae50687c430500529db71588976324de2b567/exampleSite/asyncapi/example.yaml
kurtrisley/EventDrivenServices	WebPresenceBoundedContext/docs/asyncapi.yaml	https://github.com/kurtrisley/EventDrivenServices/blob/3a00f063acaf630bec331b268b780fd1885f6226/WebPresenceBoundedContext/docs/asyncapi.yaml
aklivity/todo-app	api/todo-app-asyncapi.yaml	https://github.com/aklivity/todo-app/blob/7ffc959bb40bc1cbcc56ae9d11be6729a46cae43/api/todo-app-asyncapi.yaml
MehdiMaachi/tp-xml-meteo	yaml/asyncapi/gitter-streaming2.x.yaml	https://github.com/MehdiMaachi/tp-xml-meteo/blob/98c5963a5e6336dd0dba99eac2a7014f1470e32d/yaml/asyncapi/gitter-streaming2.x.yaml
mdl29/donkeycarLPH	doc/donkeycarManager/event-spec-asyncio.yaml	https://github.com/mdl29/donkeycarLPH/blob/577734d5fafd24940fea0797365bf6064ce7c9d9/doc/donkeycarManager/event-spec-asyncio.yaml
specmesh/docs	etc/sample-specs/bigdatalondon-api.yaml	https://github.com/specmesh/docs/blob/a79c773f1beb29a64d7b395f02db4e523005ebbc/etc/sample-specs/bigdatalondon-api.yaml
El-khamisi/whatsapp-web.js	doc.yaml	https://github.com/El-khamisi/whatsapp-web.js/blob/158c6b1ddfd9ac0c9c25558ee42457716a450e14/doc.yaml
btc-vision/opnet-node	src/components/opnet.yaml	https://github.com/btc-vision/opnet-node/blob/fd0f0a2ee37639f243c1086858d6bfba21001eb7/src/components/opnet.yaml
christopherblaisdell/continuous-architecture-platform-poc	architecture/events/svc-guest-profiles.events.yaml	https://github.com/christopherblaisdell/continuous-architecture-platform-poc/blob/29264a06089efc6e3f00d7a6d15a46a486399033/architecture/events/svc-guest-profiles.events.yaml
jean0313/k2a	k2a.yaml	https://github.com/jean0313/k2a/blob/7fd5f7e6a786714709601ac62da1ea38f64865cf/k2a.yaml
danilosoarescardoso/orders-repository	catalog-info.yaml	https://github.com/danilosoarescardoso/orders-repository/blob/453423c5c6e7ce2f56596f42210315e37e36cc76/catalog-info.yaml
aklivity/todo-service	src/main/api/todo-service-asyncapi.yaml	https://github.com/aklivity/todo-service/blob/2579db5d0647618540284529c8b190c3e689e64b/src/main/api/todo-service-asyncapi.yaml
harmony-ai-solutions/harmony-link	docs/api/asyncapi.yaml	https://github.com/harmony-ai-solutions/harmony-link/blob/e16781c7214119c727f4fb9d425c2374d49af984/docs/api/asyncapi.yaml
nandorsilva/asyncapi-demo	codeJava/src/main/resources/api/asyncapi.yaml	https://github.com/nandorsilva/asyncapi-demo/blob/4399563bdcf54e9995c2174247fe60b60ba46592/codeJava/src/main/resources/api/asyncapi.yaml
immonel/e-runout	documentation/asyncapi.yaml	https://github.com/immonel/e-runout/blob/9a71575b6f4bab5bd152fa1f5ef3c87de96fdf69/documentation/asyncapi.yaml
NASA-AMMOS/anms	transcoder/asyncapi.yaml	https://github.com/NASA-AMMOS/anms/blob/80a27c52ae5ae1cd85df511323da8fad2ba6c3c8/transcoder/asyncapi.yaml
specmesh/helloworld-demo	api/src/main/resources/specmesh-examples-schema_demo-api.yaml	https://github.com/specmesh/helloworld-demo/blob/3da27cd59c6a2a8a3c3446b6a01be6d3412c0125/api/src/main/resources/specmesh-examples-schema_demo-api.yaml
4g3nt4333/Ascy-website	public/resources/casestudies/adeo/asyncapi.yaml	https://github.com/4g3nt4333/Ascy-website/blob/837f12dc594d46f69b049667836fdf7e85b75d2f/public/resources/casestudies/adeo/asyncapi.yaml
bitsy-ai/printnanny-swupdate	runner/asyncapi.yaml	https://github.com/bitsy-ai/printnanny-swupdate/blob/f2cb68bdc1468a9b04c2d298368454cd62c53698/runner/asyncapi.yaml
AlayaCare/alayamarket-external-docs	docs/offers/asyncapi.external.offers.yaml	https://github.com/AlayaCare/alayamarket-external-docs/blob/d888d6264f907d860d20ea3900a469ac871c2c6b/docs/offers/asyncapi.external.offers.yaml
CardanoSolutions/cardanonical	docs/specification.yaml	https://github.com/CardanoSolutions/cardanonical/blob/e0d41dc2c3e6467168f1dfe952089a4d2ba3984c/docs/specification.yaml
XerxesDGreat/tt-notif-service	asyncapi.yaml	https://github.com/XerxesDGreat/tt-notif-service/blob/3181c86caf2519b8febdcbad45d4bf7ea6709553/asyncapi.yaml
medmo/backstage-templates	ft-catalog-generated/catalog-info-api-receiveDiagnosticCreated.yaml	https://github.com/medmo/backstage-templates/blob/035018e2f9e76dec849187c6dd0c9638b777f835/ft-catalog-generated/catalog-info-api-receiveDiagnosticCreated.yaml
qmg-vgalcenco/asyncapi-validator	api.yaml	https://github.com/qmg-vgalcenco/asyncapi-validator/blob/5996de53279fb4cf80bd07bfa114194034136bdd/api.yaml
Pakisan/IDEA-331646	account-service - error - external reference to UserSignedUp Avro Schema.yaml	https://github.com/Pakisan/IDEA-331646/blob/014114abaa1b52491022359637c09f50fd45eaf9/account-service%20-%20error%20-%20external%20reference%20to%20UserSignedUp%20Avro%20Schema.yaml
XerxesDGreat/tt-booking-service	asyncapi.yaml	https://github.com/XerxesDGreat/tt-booking-service/blob/1a34cd7de012bda70d00c6dce7761a68d23aba18/asyncapi.yaml
kasrasabertehrani/mancala	src/main/resources/static/asyncapi.yaml	https://github.com/kasrasabertehrani/mancala/blob/f6a8d99beb0503bdd95bd695c8558ca88e191dea/src/main/resources/static/asyncapi.yaml
mindsmiths/docs	static/async-api/asyncapi.yaml	https://github.com/mindsmiths/docs/blob/b10c6d06ae03744d0e297eecf0f67cf429391e57/static/async-api/asyncapi.yaml
adevinta/vulcan-api	docs/asyncapi.yaml	https://github.com/adevinta/vulcan-api/blob/fe98533891c7529e430b7b68f32ecbedaa37298b/docs/asyncapi.yaml
blagoySimandov/takgo	asyncapi.yaml	https://github.com/blagoySimandov/takgo/blob/1ae934d22f7f46407640152f3ab4dc1a9f87f0da/asyncapi.yaml
bitsy-ai/printnanny-webapp	asyncapi/asyncapi.yaml	https://github.com/bitsy-ai/printnanny-webapp/blob/55618da0fcf12fa3ad9a91ed94fa4a005a4bd113/asyncapi/asyncapi.yaml
XerxesDGreat/tt-metrics-service	asyncapi.yaml	https://github.com/XerxesDGreat/tt-metrics-service/blob/1669c91ec13ee32350659c07b2c435bb37ba3d4a/asyncapi.yaml
Remake1/lambda-server	asyncapi.yaml	https://github.com/Remake1/lambda-server/blob/e61828c2031ebaf5939985d3670c7f6cf07517c2/asyncapi.yaml
masechkacat/tic-tac-toe-server	asyncapi.yaml	https://github.com/masechkacat/tic-tac-toe-server/blob/bd573584780712f48e1bb4ef66d35bb4e2bbb062/asyncapi.yaml
asyncapi-go/asyncapigo	example/basic/asyncapi.yaml	https://github.com/asyncapi-go/asyncapigo/blob/5cff17eed22a5a1c3e9e75e98a3f50e1c6aa32a6/example/basic/asyncapi.yaml
CardanoSolutions/ogmios	docs/static/api/v6.6/specification.yaml	https://github.com/CardanoSolutions/ogmios/blob/bdb1bad58506e9ac470796c5e1406cde49aebc1a/docs/static/api/v6.6/specification.yaml
specmesh/specmesh-build	cli/src/test/resources/simple_schema_demo-api.yaml	https://github.com/specmesh/specmesh-build/blob/571d47b5e331918cf1c41a352cf093ade4ab1f1c/cli/src/test/resources/simple_schema_demo-api.yaml
asyncapi/avro-schema-parser	test/documents/valid-asyncapi.yaml	https://github.com/asyncapi/avro-schema-parser/blob/529e04585af5ab88f2fd975a62703c20643ae4fd/test/documents/valid-asyncapi.yaml
easyformal/easyformal-site	asyncapi/example.yaml	https://github.com/easyformal/easyformal-site/blob/7fa61db76677d1b0ea27ca36204c4ce68780c18e/asyncapi/example.yaml
yswarkare/ssg-monorepo	apps/hugo-shadocs-main/exampleSite/asyncapi/example.yaml	https://github.com/yswarkare/ssg-monorepo/blob/3e68d3e992892e9a6f652e095ba708ae06055c51/apps/hugo-shadocs-main/exampleSite/asyncapi/example.yaml
gosyuliya/docs	themes/shadocs/exampleSite/asyncapi/example.yaml	https://github.com/gosyuliya/docs/blob/e1a7304f3e82bbc68751ee16f8f85f0e65c9094b/themes/shadocs/exampleSite/asyncapi/example.yaml
paulCormierProgressive/EventDrivenServices	WebPresenceBoundedContext/docs/asyncapi.yaml	https://github.com/paulCormierProgressive/EventDrivenServices/blob/20f93334a459b4208319d1faf170d3b454dfa53f/WebPresenceBoundedContext/docs/asyncapi.yaml
kurtrisley/DemoEventDrivenService	WebPresenceBoundedContext/docs/asyncapi.yaml	https://github.com/kurtrisley/DemoEventDrivenService/blob/776ecf8271f32cd6e6e05e9f89cea234bf43ea36/WebPresenceBoundedContext/docs/asyncapi.yaml
nandinimukherjeeblr/testing_dita	yaml/asyncapi/gitter-streaming2.x.yaml	https://github.com/nandinimukherjeeblr/testing_dita/blob/dc7b610f1d23cfbf13aacd9d01c652b5e65c55b9/yaml/asyncapi/gitter-streaming2.x.yaml
asyncapi-actions-testing/website	public/resources/casestudies/adeo/asyncapi.yaml	https://github.com/asyncapi-actions-testing/website/blob/638b9d665627849fc14e11755a4db21abfd0ad78/public/resources/casestudies/adeo/asyncapi.yaml
asyncapi/openapi-schema-parser	test/documents/invalid-asyncapi.yaml	https://github.com/asyncapi/openapi-schema-parser/blob/5923ebf1364b3bce4f9f66629fedb42803276953/test/documents/invalid-asyncapi.yaml
edward-hsu-1994/asyncapi-viewer	src/assets/test.yaml	https://github.com/edward-hsu-1994/asyncapi-viewer/blob/7c9eb1bd51b0222fdbb19bf375830e78758e36d9/src/assets/test.yaml
confluentinc/cli	test/fixtures/input/asyncapi/asyncapi-create-topic.yaml	https://github.com/confluentinc/cli/blob/6aa32ec20ed001861a17336c507a61659aaa8861/test/fixtures/input/asyncapi/asyncapi-create-topic.yaml
mcrawfo2/go-msx	skel/tests/fixtures/before/api/asyncapi.yaml	https://github.com/mcrawfo2/go-msx/blob/62491a6eec0c6e4f3d4d18d4e2c843d53ce7bce0/skel/tests/fixtures/before/api/asyncapi.yaml
actions-marketplace-validations/WaleedAshraf_asyncapi-github-action	test/mock-schema.yaml	https://github.com/actions-marketplace-validations/WaleedAshraf_asyncapi-github-action/blob/d31f1627ac7c24132e7c4e4b89948d43b619685a/test/mock-schema.yaml
SmartBear/swaggerhub-cli	test/resources/valid_asyncapi.yaml	https://github.com/SmartBear/swaggerhub-cli/blob/a218ccca1703c1cd24b59e5f0e4c8dce0d7c4bc8/test/resources/valid_asyncapi.yaml
AsyncAPITools/parser-java-wrapper	src/test/resources/asyncapi-sample.yaml	https://github.com/AsyncAPITools/parser-java-wrapper/blob/fb7af85b23439740659e03b12ac5e09e712f621c/src/test/resources/asyncapi-sample.yaml
HexRohit/cardano	docs/static/api/specification.yaml	https://github.com/HexRohit/cardano/blob/c7005e747547a640251fe69ce666bb6d262c3db1/docs/static/api/specification.yaml
thushalya/asyncapi-tools	asyncapi-cli/src/test/resources/asyncapi-to-ballerina/schema/Invalid/invalid.yaml	https://github.com/thushalya/asyncapi-tools/blob/62b0939b67e2cb57358d5702baa4bbdfa935d5d7/asyncapi-cli/src/test/resources/asyncapi-to-ballerina/schema/Invalid/invalid.yaml
FjordMaritimeAS/FjordControlSwagger	swagger/SignalRHubsEntity-1.0.yaml	https://github.com/FjordMaritimeAS/FjordControlSwagger/blob/3d99f2bc713321d10a78beaf6d484bec1411d48d/swagger/SignalRHubsEntity-1.0.yaml
Mik-Grzeg/krewetka	reporting/asyncapi.yaml	https://github.com/Mik-Grzeg/krewetka/blob/9ce2a780bd3c5f6721d5e07ac3c500d1c2865e51/reporting/asyncapi.yaml
timonback/asyncapi-portal	assets/asyncapi/application-4-shipping.yaml	https://github.com/timonback/asyncapi-portal/blob/2d7c5e6ae46e1c937f83a7f75a2c0f3ec3c65d85/assets/asyncapi/application-4-shipping.yaml
ewanvidal/SimuMarty	docs/api-websocket.yaml	https://github.com/ewanvidal/SimuMarty/blob/e03afcdda7659d19e19da80e8783120782d86d9a/docs/api-websocket.yaml
TP-O/werewolf	communication/docs/async-api.yaml	https://github.com/TP-O/werewolf/blob/53451dc8eec07d5c324ee16e101a45beb5d762a3/communication/docs/async-api.yaml
huy21it/ChatAppBackEnd	asyncapi.yaml	https://github.com/huy21it/ChatAppBackEnd/blob/4e73600e2a350126eb0c010bbc0c20218d8a7dfa/asyncapi.yaml
Veriflite/portal-api	asyncapi/portal-api.yaml	https://github.com/Veriflite/portal-api/blob/4da8adc6d26d0201ad9ef02ebe31f23123484843/asyncapi/portal-api.yaml
tapis-project/tapis-workflows	src/engine-streams/specs/WorkflowEngineStreamsApi.yaml	https://github.com/tapis-project/tapis-workflows/blob/45288166de90408689c7157cc81e9423fa07a644/src/engine-streams/specs/WorkflowEngineStreamsApi.yaml
verona-interfaces/player	playerapi.yaml	https://github.com/verona-interfaces/player/blob/72cf5931b3eef24cb1f76fcd19a2d1020a3b7ab2/playerapi.yaml
EvenToNight/EvenToNight	docs/asyncAPI/notifications.yaml	https://github.com/EvenToNight/EvenToNight/blob/1aad8e15fe27ee8ba79124ae357bf92a4250f369/docs/asyncAPI/notifications.yaml
peter-rr/record-store	website_backend/asyncapi.yaml	https://github.com/peter-rr/record-store/blob/61a36038fd854cbe5ed15f8e6bdb70d3ef0b2911/website_backend/asyncapi.yaml
DiamondLightSource/subscriptions	docs/user/reference/asyncapi.yaml	https://github.com/DiamondLightSource/subscriptions/blob/1cfe96ff8dd364902d54d2b4a55001fa09f21347/docs/user/reference/asyncapi.yaml
VitorSVNascimento/Truco-SD	api/documentation/socketdoc.yaml	https://github.com/VitorSVNascimento/Truco-SD/blob/68252239f30e33b9ed863831fa212661354f34a3/api/documentation/socketdoc.yaml
isurunix/async-api-message-validator	schemas/user-api-schema.yaml	https://github.com/isurunix/async-api-message-validator/blob/4521748d24346bcdb2faf1f7f1b5e65ef7d85351/schemas/user-api-schema.yaml
verona-interfaces/verona-module-metadata	make_doc/asyncapi.yaml	https://github.com/verona-interfaces/verona-module-metadata/blob/85175cbc51a5d40e77b4e6f2ddab944ac0179dd1/make_doc/asyncapi.yaml
appkr/msa-starter	src/main/resources/templates/webmvc/src/main/resources/swagger/asyncapi.yaml	https://github.com/appkr/msa-starter/blob/e8f07b13c567e333fc8893ab2ef7571c45b549b2/src/main/resources/templates/webmvc/src/main/resources/swagger/asyncapi.yaml
verona-interfaces/editor	editorapi.yaml	https://github.com/verona-interfaces/editor/blob/42666eb1987cc4b79a9f98c82844f9991247d52e/editorapi.yaml
Sergei8888/Uniscope	apps/backend/src/docs/asyncapi/asyncapi.yaml	https://github.com/Sergei8888/Uniscope/blob/e86ad5ee5c708d4c1fc6209fd12c2862b83d15c0/apps/backend/src/docs/asyncapi/asyncapi.yaml
DEFRA/ffc-pay-responses	docs/asyncapi.yaml	https://github.com/DEFRA/ffc-pay-responses/blob/acd13ad33680fc0199ed3fd372ecbc6c79e3fa81/docs/asyncapi.yaml
iqb-berlin/item-table	_data-specs/asyncapi.yaml	https://github.com/iqb-berlin/item-table/blob/1b8c01585f40c7b088a4a75f9cc2d3eaa0bd89f4/_data-specs/asyncapi.yaml
liamford/ms-cards	ms-cards/src/main/resources/aSyncApi/ms-cards-0.1.0.yaml	https://github.com/liamford/ms-cards/blob/14e67820d4e89dd3a6e6f382c44200cfbe1e6d9a/ms-cards/src/main/resources/aSyncApi/ms-cards-0.1.0.yaml
caochun/tollgate	asyncapi/device/asyncapi.yaml	https://github.com/caochun/tollgate/blob/94c75caffdfe59651028e105e47898761c412b00/asyncapi/device/asyncapi.yaml
open-data-fabric/open-data-fabric	protocols/smart-transfer-protocol.asyncapi.yaml	https://github.com/open-data-fabric/open-data-fabric/blob/3eb60bedea01b2a0a3d409e4be744ab352c24ba6/protocols/smart-transfer-protocol.asyncapi.yaml
chathushkaayash/GraphQL-Over-WebSocket-Protocol	server/graphql_over_websocket_asyncapi.yaml	https://github.com/chathushkaayash/GraphQL-Over-WebSocket-Protocol/blob/50c5018f7201b24831dd403a25448f04c394b0bb/server/graphql_over_websocket_asyncapi.yaml
nanoyan/response2	make_doc/asyncapi.yaml	https://github.com/nanoyan/response2/blob/13f32ca02f6d75ddceb9a40625276c31f21f8408/make_doc/asyncapi.yaml
sroigmas/asyncapi	src/main/resources/api/asyncapi.yaml	https://github.com/sroigmas/asyncapi/blob/ea09833e13c75854fadb03e1428340d9d3ad899b/src/main/resources/api/asyncapi.yaml
rapidcoderx/eventuate-tram-demo	balance-service/src/main/resources/async-api.yaml	https://github.com/rapidcoderx/eventuate-tram-demo/blob/d483c61dd092af8d413de4c39f975632b7436be4/balance-service/src/main/resources/async-api.yaml
welthee/tx-executor-client	api/tx-api.yaml	https://github.com/welthee/tx-executor-client/blob/b535dc564dbce02d6f428bb00ea92cb4a3004cb9/api/tx-api.yaml
specmesh/getting-started-apachekafka	resources/snippet-api.yaml	https://github.com/specmesh/getting-started-apachekafka/blob/be522f40d123058539b6097ba0829bcd2bdaf6e8/resources/snippet-api.yaml
Yodata/real-estate	schemas/asyncapi.yaml	https://github.com/Yodata/real-estate/blob/6cdc7554a66508bb2d138bc4afe68c16bd3f5d7a/schemas/asyncapi.yaml
meteatamel/asyncapi-basics	samples/quickstart/streetlights.yaml	https://github.com/meteatamel/asyncapi-basics/blob/3372d7a4d4d6cf548ed4780e4901e5425fdd2dcf/samples/quickstart/streetlights.yaml
firestoned/firestone	examples/addressbook/asyncapi.yaml	https://github.com/firestoned/firestone/blob/c301292b2d07daebdd841bfa6b552af99a6b90d1/examples/addressbook/asyncapi.yaml
vincenzocorso/car-sharing	docs/apis/rent-service-asyncapi.yaml	https://github.com/vincenzocorso/car-sharing/blob/b0459ae0984b5e9b3486a758d099f1eec7a44053/docs/apis/rent-service-asyncapi.yaml
Zenika/kafka-schema-registry-publish	lib/src/main/asyncapi/asyncapp.yaml	https://github.com/Zenika/kafka-schema-registry-publish/blob/642177012e7913279e055f5d040c8b02f4a3ba90/lib/src/main/asyncapi/asyncapp.yaml
sfpostman/PokemonBrightbox	postman/collections/Postman API/Specs/.resources/Create a spec.resources/examples/Create Async YAML Spec.example.yaml	https://github.com/sfpostman/PokemonBrightbox/blob/b602bac1f109e0aefa647a3fa7a33ac1555174f0/postman/collections/Postman%20API/Specs/.resources/Create%20a%20spec.resources/examples/Create%20Async%20YAML%20Spec.example.yaml
Ikay14/Suxch	chat-server/asyncapi.yaml	https://github.com/Ikay14/Suxch/blob/e2aa18acf053f7d5bd2e3b1c655734f85cc30493/chat-server/asyncapi.yaml
AravindRTW/APIStrategyPOC	HoundAPI/apidocs/prudentialasyncapispecfile.yaml	https://github.com/AravindRTW/APIStrategyPOC/blob/9b4fe6fa7bef03b56f4107438d09aa47e40be395/HoundAPI/apidocs/prudentialasyncapispecfile.yaml
Startempire-Wire/Startempire-Wire-Network-Websockets	docs/asyncapi.yaml	https://github.com/Startempire-Wire/Startempire-Wire-Network-Websockets/blob/ff8a909a40a9131d9de496b16e48af3dc0054554/docs/asyncapi.yaml
bulatminnakhmetov/brigadka-backend	docs/ws/asyncapi.yaml	https://github.com/bulatminnakhmetov/brigadka-backend/blob/aec6be219e13846d83d8a6f330d6b029cd20d274/docs/ws/asyncapi.yaml
nanoyan/metadata-store	make_doc/asyncapi.yaml	https://github.com/nanoyan/metadata-store/blob/351039d4b0875f8d316036820eb7bd9b201118a3/make_doc/asyncapi.yaml
hanEck/distributed-software-architecture	services/asyncapi/asyncapi.yaml	https://github.com/hanEck/distributed-software-architecture/blob/f01400b9ace7bccc38702083efda4fc91087acba/services/asyncapi/asyncapi.yaml
nicolasard/async-api-stuff	example-1/definition.yaml	https://github.com/nicolasard/async-api-stuff/blob/75fc60c3005b9f6b593242f2dd474a30cf705286/example-1/definition.yaml
iqb-specifications/response	make_doc/asyncapi.yaml	https://github.com/iqb-specifications/response/blob/bba2fd0453b25b68e1c4447b4ed838b660468162/make_doc/asyncapi.yaml
asyncapi/java-spring-template	tests/user_examples/aqmp_config_single-channel.yaml	https://github.com/asyncapi/java-spring-template/blob/e43d961fa7576a5f1db7b76ebd5a750cc32b5c6a/tests/user_examples/aqmp_config_single-channel.yaml
hasathcharu/ballerina-websockets-test	client/asyncapi.yaml	https://github.com/hasathcharu/ballerina-websockets-test/blob/9a06bf9da22d1e60e1017d9783292eb46d48f35d/client/asyncapi.yaml
henefisa/xfs-chat-app-backend	asyncapi.yaml	https://github.com/henefisa/xfs-chat-app-backend/blob/1e7e1f7bff0eee05109bc37a1f3b20e367ed91cd/asyncapi.yaml
J0SAL/kafka-playground	kafka_asyncAPI/asyncapi.yaml	https://github.com/J0SAL/kafka-playground/blob/2673b5d9794914831d0e309ec2b8b7cac09e6bd9/kafka_asyncAPI/asyncapi.yaml
markusfc/distributed-systems	services/asyncapi/asyncapi.yaml	https://github.com/markusfc/distributed-systems/blob/f01400b9ace7bccc38702083efda4fc91087acba/services/asyncapi/asyncapi.yaml
trustedshops-public/schema2pyarrow	tests/sample_schemas/complex_schema.yaml	https://github.com/trustedshops-public/schema2pyarrow/blob/5f15a51e1604271ce7787a510e3b292608f8aba1/tests/sample_schemas/complex_schema.yaml
actions-marketplace-validations/asyncapi_github-action-for-generator	test/bundle/asyncapi.yaml	https://github.com/actions-marketplace-validations/asyncapi_github-action-for-generator/blob/a013514d846cc5e3918b8198ee97be0d418bfb58/test/bundle/asyncapi.yaml
fsedano/openapiexamples	def.yaml	https://github.com/fsedano/openapiexamples/blob/7345011d43dbc2ad4a9c7f53acfecc87571dc106/def.yaml
Jack-the-Pro101/vequate	spec/asyncapi/v2/orchestrator.asyncapi.yaml	https://github.com/Jack-the-Pro101/vequate/blob/701bcb7cb8664c85cc441215857247b285ec389d/spec/asyncapi/v2/orchestrator.asyncapi.yaml
oimiragieo/atp-main	research/poc/asyncapi_poc.yaml	https://github.com/oimiragieo/atp-main/blob/6cede69fffa22babe8ba522cf8faff4df11f21b6/research/poc/asyncapi_poc.yaml
msaleme/SmartMeterAsyncAPI	smartmeterasynchapi.yaml	https://github.com/msaleme/SmartMeterAsyncAPI/blob/79152af8b8a200e7b2bdc3d357f58bfdb9b2f2b5/smartmeterasynchapi.yaml
ninkovski/bootcamp-back-util-api-contracts	contracts/async/async-transaction-reader.yaml	https://github.com/ninkovski/bootcamp-back-util-api-contracts/blob/276e0c41b5d248dad94541cbd20d76487b5d90d0/contracts/async/async-transaction-reader.yaml
decker757/Smart-Clinic-Queue-ESD	docs/asyncapi/patient-orchestrator.yaml	https://github.com/decker757/Smart-Clinic-Queue-ESD/blob/7e8f704bbdd2bcbd340ef9921e95d4f2165ec4ac/docs/asyncapi/patient-orchestrator.yaml
tkubica12/gh-copilot-constitution	specs-template/services/service-sample/contracts/asyncapi.yaml	https://github.com/tkubica12/gh-copilot-constitution/blob/418c8369384552a1a570072d4a40e1adfeca6692/specs-template/services/service-sample/contracts/asyncapi.yaml
latamteks-cmyk/SmartEdify_app	contracts/asyncapi/example.yaml	https://github.com/latamteks-cmyk/SmartEdify_app/blob/4f9fc6bc24d027d99db11e6edffce481fa15c147/contracts/asyncapi/example.yaml
obedito-lab/document-services-s	contracts/asyncapi/asyncapi.yaml	https://github.com/obedito-lab/document-services-s/blob/751be66afb93acb973074b527a96c761ed198a5b/contracts/asyncapi/asyncapi.yaml
DimitriosSpanos1998/AsyncAPI-	example-asyncapi.yaml	https://github.com/DimitriosSpanos1998/AsyncAPI-/blob/2f2bf9c438f4e1b109bd74f973bbb348c155a343/example-asyncapi.yaml
jpxcz/websocket_template_nodejs	documentation/asyncapi.yaml	https://github.com/jpxcz/websocket_template_nodejs/blob/3fa1b49a5a836e05ae97c20b4ca48f9f68dd9368/documentation/asyncapi.yaml
znsio/scheduler-demo	async-api.yaml	https://github.com/znsio/scheduler-demo/blob/3728f8362bc4509cb77e9583dae3248290061996/async-api.yaml
robev2252060/2247107_MAP	booklets/asyncapi/ms-automation.asyncapi.yaml	https://github.com/robev2252060/2247107_MAP/blob/aff496c6ab5869d41f1337151a43960e9322d9c0/booklets/asyncapi/ms-automation.asyncapi.yaml
jmcastellanojimenez/ecotrack	specs/asyncapi/tracking-events.yaml	https://github.com/jmcastellanojimenez/ecotrack/blob/df678b3553d50b0f9479d4d6491c726689611244/specs/asyncapi/tracking-events.yaml
dtanwer/video-service	docs/asyncapi.yaml	https://github.com/dtanwer/video-service/blob/83a93a15b3561e0dafd0e94b6aa6d3b79fc969ac/docs/asyncapi.yaml
sswastioyono18/schema-registry-poc	asyncapi/user-events.yaml	https://github.com/sswastioyono18/schema-registry-poc/blob/1f266e0d651633e0ea3eafb7060a24b528033aeb/asyncapi/user-events.yaml
tiagoceridorio/crm-challenge	asyncapi.yaml	https://github.com/tiagoceridorio/crm-challenge/blob/d3cfa08cca700dc4bee88fe286abcd1ef68001f6/asyncapi.yaml
slusset/intention-driven-design	specs/contracts/asyncapi/audit-events.yaml	https://github.com/slusset/intention-driven-design/blob/711dc10e8589ac23bd408a7eb9a5c9897c955d3d/specs/contracts/asyncapi/audit-events.yaml
MaximilianWalker/HexRelay	fixtures/contract-parity/fail-response-schema-ref/docs/contracts/realtime-events-runtime.asyncapi.yaml	https://github.com/MaximilianWalker/HexRelay/blob/46fe568c293cf032e8dafbfcfca863fde3f142f5/fixtures/contract-parity/fail-response-schema-ref/docs/contracts/realtime-events-runtime.asyncapi.yaml
axvg/store-microservices	asyncapi/events-v1.yaml	https://github.com/axvg/store-microservices/blob/e65b180ce2b94cab783f0573e5605028051db571/asyncapi/events-v1.yaml
Ishan662/User_Management_System-Go-	user-mgmt-system/docs/asyncapi.yaml	https://github.com/Ishan662/User_Management_System-Go-/blob/b54107a2e38cbad429c7a06b2bd71f5327bf5ec4/user-mgmt-system/docs/asyncapi.yaml
alexandramartinez/asyncapis-accounts-email	anypointmq/specifications/email-service.yaml	https://github.com/alexandramartinez/asyncapis-accounts-email/blob/c06b44894b9e5a5a226cc9345ca73c198ddd0e32/anypointmq/specifications/email-service.yaml
gemini-fieldtest/RACE	asyncapi.yaml	https://github.com/gemini-fieldtest/RACE/blob/c2006f438f11b2b564a533b36e0197a9f26ae5f6/asyncapi.yaml
carlosvillanua/apidefinitions	async.yaml	https://github.com/carlosvillanua/apidefinitions/blob/04404c8f3e85192fd26a18461a8ff23f0a346636/async.yaml
fraunhoferfokus/dredger	examples/hello_async.yaml	https://github.com/fraunhoferfokus/dredger/blob/553c42bece2f3078036708df717913b41b6fe299/examples/hello_async.yaml
withakay/ito	ito-rs/crates/ito-templates/assets/schemas/event-driven/templates/asyncapi.yaml	https://github.com/withakay/ito/blob/0c5cb326a24ea1ac5514b90717f693de5bbc7016/ito-rs/crates/ito-templates/assets/schemas/event-driven/templates/asyncapi.yaml
jjoeluna/building-os-platform	docs/apis/events/asyncapi.yaml	https://github.com/jjoeluna/building-os-platform/blob/4ef9d751942932781098017fcc315c8913cbf5e5/docs/apis/events/asyncapi.yaml
brndngln/PLACE-HOLDER---OQEACS	services/system-166-protocol-linting/asyncapi.yaml	https://github.com/brndngln/PLACE-HOLDER---OQEACS/blob/a093613f831766c5eeb6e9c3845c47629be871e7/services/system-166-protocol-linting/asyncapi.yaml
Minister2405/manifest-docs	Documents/my-docs/asyncapi.yaml	https://github.com/Minister2405/manifest-docs/blob/016482b60b18c758b6ec9ea11ff4db1ddc67a208/Documents/my-docs/asyncapi.yaml
konrad2002/ludo	docs/websockets.yaml	https://github.com/konrad2002/ludo/blob/45cb6a708414a4cb806ccebac821af97c3d9aef5/docs/websockets.yaml
jhsenjaliya/data-product-demo	src/main/resources/user_domain/async_user_profile.yaml	https://github.com/jhsenjaliya/data-product-demo/blob/232a46e2465829cf9da90123ee913cf607a99f98/src/main/resources/user_domain/async_user_profile.yaml
yaraPB/RICER-project	apps/web/docs/asyncapi.yaml	https://github.com/yaraPB/RICER-project/blob/1d0a61643ee7eb188b3d6ee2b4dd310e33b0d8bc/apps/web/docs/asyncapi.yaml
jabrena/codespaces-asyncapi-template	hello-world-asyncapi.yaml	https://github.com/jabrena/codespaces-asyncapi-template/blob/b7d5a91096fa6311c4d26b843eeb6124f5091ed2/hello-world-asyncapi.yaml
zdmooc/TradeOps-GenAI-Integration	docs/asyncapi.yaml	https://github.com/zdmooc/TradeOps-GenAI-Integration/blob/974e7849b67fcc5a4be691c2f1fe2baf8df74691/docs/asyncapi.yaml
netbill/auth-svc	docs/async/api.yaml	https://github.com/netbill/auth-svc/blob/3a6d5e2e7f828316d18f8f1baf65e7a50511af54/docs/async/api.yaml
tomhv/piwu	asyncapi.yaml	https://github.com/tomhv/piwu/blob/5ffdd0d73202da279323e65f1416ce1231b48703/asyncapi.yaml
raulgonzalezdev/eda-backend-plus	specs/asyncapi.yaml	https://github.com/raulgonzalezdev/eda-backend-plus/blob/92d9501d07b1aa7c3bd09cd5284afc0d49de0cb0/specs/asyncapi.yaml
ajgarciaparadigma/asyncapi-publisher	asyncapi.yaml	https://github.com/ajgarciaparadigma/asyncapi-publisher/blob/5532b7a1aa4166b1c6300c3d02ab0f893207929a/asyncapi.yaml
GruppeNice/DLS_Exam	services/user-service/api/asyncapi.yaml	https://github.com/GruppeNice/DLS_Exam/blob/7bac4f685ccacfe8149db4e8d2e2fac6056d20bf/services/user-service/api/asyncapi.yaml
DEFRA/ffc-pay-file-receiver	docs/asyncapi.yaml	https://github.com/DEFRA/ffc-pay-file-receiver/blob/8c61bd9ee1d7fa39dfc019898f9ee275cb9d2261/docs/asyncapi.yaml
jfriisj/real-time-speech-translation-mvp	services/gateway-websocket/src/gateway_websocket_service/adapters/asyncapi.yaml	https://github.com/jfriisj/real-time-speech-translation-mvp/blob/86c9a55c3a50f6d6b91ec46100b80a3bd7999ba9/services/gateway-websocket/src/gateway_websocket_service/adapters/asyncapi.yaml
GitEngHar/pointservice	asyncapi/asyncapi.yaml	https://github.com/GitEngHar/pointservice/blob/93e94bf6f098b9e318b214c1f0c290ab18921717/asyncapi/asyncapi.yaml
Minister2405/docs-as-code	api-reference/asyncapi.yaml	https://github.com/Minister2405/docs-as-code/blob/38f4253badb6b1a02c054e7275ae39dddfdc91ae/api-reference/asyncapi.yaml
AceTheCreator/simple-commerce	NotificationService/asyncapi.yaml	https://github.com/AceTheCreator/simple-commerce/blob/c5328447a2fed00c791dfe956bc1bea349218bc8/NotificationService/asyncapi.yaml
Minister2405/my-docs	asyncapi.yaml	https://github.com/Minister2405/my-docs/blob/ac637343fc38e581616e1585ccc73d1b93d32a43/asyncapi.yaml
kaaaaakun/AsyncAPI-mock-server	asyncapi.yaml	https://github.com/kaaaaakun/AsyncAPI-mock-server/blob/fbc4fb3f47ee82c61c85c6f02b0dd42a4f3b69de/asyncapi.yaml
Thushani-Jayasekera/test-data	asyncapi-specs/invalid-order-events.yaml	https://github.com/Thushani-Jayasekera/test-data/blob/d6ea0f6d7036e9784f7fc761b755f3531008c58f/asyncapi-specs/invalid-order-events.yaml
josebusv/enterprise-integration-platform	contracts/asyncapi.yaml	https://github.com/josebusv/enterprise-integration-platform/blob/d6bfa3d8334e2e85533aae9901c458574e97760a/contracts/asyncapi.yaml
Mesteriis/fullstack-template	specs/asyncapi/platform-events.asyncapi.yaml	https://github.com/Mesteriis/fullstack-template/blob/b64b011a5b79eeaccb8a7e40b51637c7fe2d6016/specs/asyncapi/platform-events.asyncapi.yaml
fulmenhq/goneat	pkg/pathfinder/testdata/schema/asyncapi-2.6.yaml	https://github.com/fulmenhq/goneat/blob/446c0e0802f99ffa150633fd8f2599efb42e0dc2/pkg/pathfinder/testdata/schema/asyncapi-2.6.yaml
postman-cs/postman-aws-spec-discovery-action	tests/live/fixtures/asyncapi.yaml	https://github.com/postman-cs/postman-aws-spec-discovery-action/blob/fef5397b0fe270fc3f377d2cffb18a2041c465e3/tests/live/fixtures/asyncapi.yaml
servaasvdc/whatstack	testdata/apispec/asyncapi_project/asyncapi.yaml	https://github.com/servaasvdc/whatstack/blob/010e576c161055bfbc52e9c37c80d5407239dd90/testdata/apispec/asyncapi_project/asyncapi.yaml
the-codegen-project/cli	test/configs/parameters-v2.yaml	https://github.com/the-codegen-project/cli/blob/43bb4f0ed8bf5a5d6118fa74f74d15ed77c6917d/test/configs/parameters-v2.yaml
CZSK-MicroHacks/MicroHack-GitHub-engineering-constitution	specs-template/services/service-sample/contracts/asyncapi.yaml	https://github.com/CZSK-MicroHacks/MicroHack-GitHub-engineering-constitution/blob/e6d137ed61bbb524b17538bba6e16a99911a0e5d/specs-template/services/service-sample/contracts/asyncapi.yaml
latamteks-cmyk/desarrollo	contracts/asyncapi/example.yaml	https://github.com/latamteks-cmyk/desarrollo/blob/dbb7265219ebb5ee5773e844a670de4ffda7fc3c/contracts/asyncapi/example.yaml
Mesteriis/rune-tasks-mesh	specs/asyncapi/platform-events.asyncapi.yaml	https://github.com/Mesteriis/rune-tasks-mesh/blob/61fccfe4746be6e9afc322f77ecd7a319dd943f0/specs/asyncapi/platform-events.asyncapi.yaml
MTSWebServices/ApiCodeGenerator	test/ApiCodeGenerator.AsyncApi.Tests/asyncApi/externalRef.yaml	https://github.com/MTSWebServices/ApiCodeGenerator/blob/6b3115cf92fee29bb3903100f997cce23b3c1243/test/ApiCodeGenerator.AsyncApi.Tests/asyncApi/externalRef.yaml
zuevrs/yanote	yanote-js/test/fixtures/asyncapi/trait-declarations-trait-v2.yaml	https://github.com/zuevrs/yanote/blob/9115da173be121b8ff3cb2d9fb5f92d11299562f/yanote-js/test/fixtures/asyncapi/trait-declarations-trait-v2.yaml
Redocly/redocly-cli	tests/e2e/stats/stats-async2-json/async.yaml	https://github.com/Redocly/redocly-cli/blob/8becb8acf8d9bbf071e9d13f5ef3f511683cfe8c/tests/e2e/stats/stats-async2-json/async.yaml
Apicurio/apicurio-registry	schema-util/util-provider/src/test/resources/io/apicurio/registry/content/dereference/asyncapi-to-rewrite.yaml	https://github.com/Apicurio/apicurio-registry/blob/70fc7608ea344fded73194cee46db13bdd4997c9/schema-util/util-provider/src/test/resources/io/apicurio/registry/content/dereference/asyncapi-to-rewrite.yaml
Kuestenlogik/Bowire	tests/Kuestenlogik.Bowire.AsyncApi.Tests/TestData/v2-bindings.asyncapi.yaml	https://github.com/Kuestenlogik/Bowire/blob/ea1f3145995aa0a569146df5d6196dd323630774/tests/Kuestenlogik.Bowire.AsyncApi.Tests/TestData/v2-bindings.asyncapi.yaml
nimbus-agent/Nimbus	packages/gateway/test/fixtures/openapi/asyncapi-2.6.yaml	https://github.com/nimbus-agent/Nimbus/blob/7e0178104ac6950a11226292ba676b7ba98a44d0/packages/gateway/test/fixtures/openapi/asyncapi-2.6.yaml
asynq-io/pydantic-asyncapi	tests/fixtures/v2/simple.yaml	https://github.com/asynq-io/pydantic-asyncapi/blob/d29ef3fd49e1d18bd4fb4e5c53df6ec71b0b5d4e/tests/fixtures/v2/simple.yaml
amer8/apibconv	test/integration/testdata/invalid/asyncapi_v2_missing_info_version.yaml	https://github.com/amer8/apibconv/blob/778ff8f55e617e90d69b8b7fff8ec38217892860/test/integration/testdata/invalid/asyncapi_v2_missing_info_version.yaml
Arcanon-hub/arcanon-scanner	tests/fixtures/config-specs/asyncapi.yaml	https://github.com/Arcanon-hub/arcanon-scanner/blob/9d0808983aed8d8996cdf490e558b9ffda8b361b/tests/fixtures/config-specs/asyncapi.yaml
absmach/magistrala	apidocs/asyncapi/websocket.yaml	https://github.com/absmach/magistrala/blob/af75ac730c5008de1a74a523e686f4be4f1a01ac/apidocs/asyncapi/websocket.yaml
OS2mo/os2mo	.backstage/amqp.yaml	https://github.com/OS2mo/os2mo/blob/2e117933399e26479d4364384e2bd39d8908fc20/.backstage/amqp.yaml
ldynia/learning-api-styles	src/rabbitmq/3.PubSub/docs/api/v1.0.0/pub_sub.yaml	https://github.com/ldynia/learning-api-styles/blob/dc8bbcfc00e3257ff65b9b3170cc573406223bfd/src/rabbitmq/3.PubSub/docs/api/v1.0.0/pub_sub.yaml
Sofie-Automation/sofie-core	packages/live-status-gateway-api/api/asyncapi.yaml	https://github.com/Sofie-Automation/sofie-core/blob/d94a5d8114c102013b0114073c1a5f1bdd910d96/packages/live-status-gateway-api/api/asyncapi.yaml
ppppng/microcks-demo	asyncapi/temperature-events-asyncapi.yaml	https://github.com/ppppng/microcks-demo/blob/685ff3c35effb61f90d2dd31cc15386df558a589/asyncapi/temperature-events-asyncapi.yaml
radiorabe/pathfinder-cloudevents-service	catalog-info.yaml	https://github.com/radiorabe/pathfinder-cloudevents-service/blob/0ad550ce73f49f4f57257e0047f46fa4eba65dc7/catalog-info.yaml
The-All-Knowing/cosmiccpp	docs/api/async.yaml	https://github.com/The-All-Knowing/cosmiccpp/blob/6a9d2127f02290c1a400c2eb61e81f5ab758b929/docs/api/async.yaml
rakeshmani35/springboot-openAPI	pets-orders-asyncapi/src/main/resources/asyncapi/pets-orders-asyncapi.yaml	https://github.com/rakeshmani35/springboot-openAPI/blob/992455d258a790802824921035d6116c7faa9b2c/pets-orders-asyncapi/src/main/resources/asyncapi/pets-orders-asyncapi.yaml
monteirom-ppb/clc-poc	asyncApi.yaml	https://github.com/monteirom-ppb/clc-poc/blob/8edd072d33f594eef14c86309429aa3e96a0d06b/asyncApi.yaml
pand1-ta/Programacion-Concurrente-y-Distribuida	TF/api/docs/asyncapi.yaml	https://github.com/pand1-ta/Programacion-Concurrente-y-Distribuida/blob/50580e65a02cb33fdb40e291560f88526d3d3857/TF/api/docs/asyncapi.yaml
kirya522/distributed-systems-course	content/structure/02_contracts/code/events/orders-events.yaml	https://github.com/kirya522/distributed-systems-course/blob/df73b48be69009df304ef5aeea06cb46d8e74cf7/content/structure/02_contracts/code/events/orders-events.yaml
fkatsaras/functionality-dsl	examples/m2m/asyncapi/streetlights.yaml	https://github.com/fkatsaras/functionality-dsl/blob/df17d5d19e88c1e1671a92b7d6a1e89e93deabe9/examples/m2m/asyncapi/streetlights.yaml
kaje94/slek-link	libs/asyncapi/asyncapi.yaml	https://github.com/kaje94/slek-link/blob/a6d700b1bf2bbdb34093b2ff2293f5ffed49cd46/libs/asyncapi/asyncapi.yaml
junjiepro/mango	specs/001-agent-chat-platform/contracts/terminal-ws.yaml	https://github.com/junjiepro/mango/blob/2810afeac686abc4cc74dd60fb90d991c8a7a547/specs/001-agent-chat-platform/contracts/terminal-ws.yaml
daithang59/sagelms	contracts/asyncapi/jobs.yaml	https://github.com/daithang59/sagelms/blob/84858187085fc223a2244e151f7abfcfc366df8a/contracts/asyncapi/jobs.yaml
carlosquintino/realtime-iot-decisioning	magistrala/apidocs/asyncapi/mqtt.yaml	https://github.com/carlosquintino/realtime-iot-decisioning/blob/af438a640ec7d857ccf2f0918f2e3cde89f6176a/magistrala/apidocs/asyncapi/mqtt.yaml
gbsoftwaresolution/monas-ros.com	libs/contracts/asyncapi/asyncapi.yaml	https://github.com/gbsoftwaresolution/monas-ros.com/blob/e61fad29fe4848321704bb5270172e7194f45fdc/libs/contracts/asyncapi/asyncapi.yaml
KentoShimizu/sw-agent-skills	skills/api-design-rest/assets/asyncapi-queue-template.yaml	https://github.com/KentoShimizu/sw-agent-skills/blob/5b7bafb626d3b76fa411a14653d399f20e7c7ae6/skills/api-design-rest/assets/asyncapi-queue-template.yaml
Dersivative/WeeChat	backend/src/main/resources/static/asyncapi.yaml	https://github.com/Dersivative/WeeChat/blob/c984d3612f65d14105d6d087269941cfe7c6a208/backend/src/main/resources/static/asyncapi.yaml
chr1sbest/delayed-wallet-transactions	api/asyncapi.yaml	https://github.com/chr1sbest/delayed-wallet-transactions/blob/dd0b600486ee97bc0218a34fbdd60fec7ff2fdf4/api/asyncapi.yaml
chugaynov/optistairs-architecture	docs/adr/adr-003/openapi/router-asyncapi.yaml	https://github.com/chugaynov/optistairs-architecture/blob/431e6fe6d39a141bc2a7bab293f613190ec5ae84/docs/adr/adr-003/openapi/router-asyncapi.yaml
kayalshan/Enterprise-API-Integration-Platform	api-platform/contracts/event-processing-events-v1.yaml	https://github.com/kayalshan/Enterprise-API-Integration-Platform/blob/d3325e1862835d0197d90613b5df4021514aee90/api-platform/contracts/event-processing-events-v1.yaml
LucaDev/LFM-Team-Blue	Talos/k8s/contracts/asyncapi/nats.yaml	https://github.com/LucaDev/LFM-Team-Blue/blob/8f921fb6e30688218aab921f6df987082def7a4a/Talos/k8s/contracts/asyncapi/nats.yaml
dataGriff/contracts.cli	domains/demo/services/user-service/contracts/asyncapi/user-events.yaml	https://github.com/dataGriff/contracts.cli/blob/a5d15d8ac107d6e5bd3bcc447cfa87583b516c45/domains/demo/services/user-service/contracts/asyncapi/user-events.yaml
Lur1an/schema2code	schema2code/resources/asyncapi.yaml	https://github.com/Lur1an/schema2code/blob/43b26aea58e16ee162dac9ccfa7ffefdcb37b272/schema2code/resources/asyncapi.yaml
aleksei-klak-polimi/MeshPlay-Lab	gateway-ws/doc/asyncapi/asyncapi.yaml	https://github.com/aleksei-klak-polimi/MeshPlay-Lab/blob/b1b3fb7dfa8374069eab5103b632623e7a976b2c/gateway-ws/doc/asyncapi/asyncapi.yaml
snatalija/IOT	asyncapi/event-manager-mqtt.yaml	https://github.com/snatalija/IOT/blob/263e2f3e54800be96c1ed6e6104c2d7ed71e86fa/asyncapi/event-manager-mqtt.yaml
egomez11/SmartEdify-Planner	smartedify-specs/api/asyncapi.yaml	https://github.com/egomez11/SmartEdify-Planner/blob/b19d683de5992522c436914a2cbb32148f89a83c/smartedify-specs/api/asyncapi.yaml
DEFRA/aphw-ddi-events	docs/asyncapi.yaml	https://github.com/DEFRA/aphw-ddi-events/blob/183a21cc7729258afc163c4768e5e15ec3736390/docs/asyncapi.yaml
RResabala2015/express-template	asyncapi.yaml	https://github.com/RResabala2015/express-template/blob/a3e3981ea9a2aee683273993bc8cae073f25517b/asyncapi.yaml
afmancilla/poc-submodule	Asyncapi-Personal.yaml	https://github.com/afmancilla/poc-submodule/blob/6b6516640673e8ac20a77e3aad917f83629cdcc7/Asyncapi-Personal.yaml
Johnny5x5/Opencalw-Gce-fleet	docs/specs/NOMAD_MESSAGING.yaml	https://github.com/Johnny5x5/Opencalw-Gce-fleet/blob/13003a7556b6d710ae1d442194240294486b4682/docs/specs/NOMAD_MESSAGING.yaml
danieldan0/microservice-store	AsyncApi/ProductService.yaml	https://github.com/danieldan0/microservice-store/blob/29e0c6c71326384d4bcbb9e91d41ef63da38096f/AsyncApi/ProductService.yaml
Labdata-FIA/Engenharia-Dados	15.EDA-Event-Driven-Architecture/asyncAPI/estoque.yaml	https://github.com/Labdata-FIA/Engenharia-Dados/blob/c81847738b30e77e0d0c2a6edec991d32302eabb/15.EDA-Event-Driven-Architecture/asyncAPI/estoque.yaml
yogami/agent-arena-terminal	api-contracts/asyncapi.yaml	https://github.com/yogami/agent-arena-terminal/blob/22d1321bc6c482a190294aa724733231bbd9bf28/api-contracts/asyncapi.yaml
Ravip2006/Demo	io/specmatic/examples/store/asyncapi/jms.yaml	https://github.com/Ravip2006/Demo/blob/0c316559ce8b193b5cd662a72214d0f95a0bc0a2/io/specmatic/examples/store/asyncapi/jms.yaml
Ashish8951/poker-docs	asyncapi/index.yaml	https://github.com/Ashish8951/poker-docs/blob/4de2979af0e3dcc0656ec157687513859cf43b12/asyncapi/index.yaml
GeniaV/stellar-burgers-backend	docs/orders-websocket-api.yaml	https://github.com/GeniaV/stellar-burgers-backend/blob/260a861db4925dd5719ef71ea6dbf292ad356e4e/docs/orders-websocket-api.yaml
golemfactory/ya-client	specs/gsb-api-messages.yaml	https://github.com/golemfactory/ya-client/blob/86b5900abf044207ff31dd24933be34d90c76863/specs/gsb-api-messages.yaml
David-DAM/spring-boot-async-template-ultimate	src/main/resources/async-api/asyncapi.yaml	https://github.com/David-DAM/spring-boot-async-template-ultimate/blob/5a65ff666e321fe5ef692c66608256374887c963/src/main/resources/async-api/asyncapi.yaml
ldynia/rabbitmq	docs/api/v1.0.0/work_queue.yaml	https://github.com/ldynia/rabbitmq/blob/e938520a4a284febac7f1b179b32bb66c107aa40/docs/api/v1.0.0/work_queue.yaml
lok-hit/CarRentalApp	car-service/src/main/resources/car-service-saga.yaml	https://github.com/lok-hit/CarRentalApp/blob/7d1f0a67a684365a24c893434672786087d8bbe4/car-service/src/main/resources/car-service-saga.yaml
SoldierrBoy/EventTicketBookingSystem	src/architecture/asyncapi-tickets-seats.yaml	https://github.com/SoldierrBoy/EventTicketBookingSystem/blob/a4dca93179f17661d14955a9ccf78773db04765e/src/architecture/asyncapi-tickets-seats.yaml
manassehkafoh/superapp-platform	docs/api-specs/asyncapi.yaml	https://github.com/manassehkafoh/superapp-platform/blob/a5194494a590feefbc6986bfc0053144ac971009/docs/api-specs/asyncapi.yaml
junmoku/pokeraid	docs/api/ws.yaml	https://github.com/junmoku/pokeraid/blob/33cd0815b04c9411ff78f68a663dc426020f33ec/docs/api/ws.yaml
lxbme/E-ee	api/asyncapi.yaml	https://github.com/lxbme/E-ee/blob/fc44ecedfff5e44d22a5273397df5795574b29dc/api/asyncapi.yaml
ibrahimt2/exampleAPI	spec/asyncapi.yaml	https://github.com/ibrahimt2/exampleAPI/blob/107eb9590c45bdd0c9db765a770b4933728e2d41/spec/asyncapi.yaml
arpoma16/multiuav_gui_doc	Development/websocket/websocket-reference/websocket.yaml	https://github.com/arpoma16/multiuav_gui_doc/blob/02150d4963020dbd6a7cd9a3a1bcacd550eace3a/Development/websocket/websocket-reference/websocket.yaml
TeleGrammy/backend	src/docs/groupWebSocket.yaml	https://github.com/TeleGrammy/backend/blob/0c122aa757e480a65230a76976aa3505bd5d4442/src/docs/groupWebSocket.yaml
junyoung011019/aws-serverless-shortform-platform	docs/short-form-ws.yaml	https://github.com/junyoung011019/aws-serverless-shortform-platform/blob/1ea5a3edf29628c5d74a2d66efb821a62cd4c9d1/docs/short-form-ws.yaml
DEFRA/coreai-mcu-event	docs/asyncapi.yaml	https://github.com/DEFRA/coreai-mcu-event/blob/c75b96bb13e1de12dfdddc96f02379dbbe2ad123/docs/asyncapi.yaml
BitKa-Exchange/bitka-exchange	docs/api/asyncapi/asyncapi.yaml	https://github.com/BitKa-Exchange/bitka-exchange/blob/3e1e306a3bd517191009f5ae892e61b9e03979c7/docs/api/asyncapi/asyncapi.yaml
malinthaprasan/choreo-my-apps	python-websocket/asyncapi.yaml	https://github.com/malinthaprasan/choreo-my-apps/blob/6b7af8ce20a9e46cd91f2c984a30fe4b3b1d8bf8/python-websocket/asyncapi.yaml
microcks/microcks-testcontainers-java-spring-demo	src/main/resources/order-events-asyncapi.yaml	https://github.com/microcks/microcks-testcontainers-java-spring-demo/blob/2911df47c21214bdbab65f478b5e868f30765600/src/main/resources/order-events-asyncapi.yaml
kaushik-rishi/templates-collection-nodejs-templates	mqtt-pub-sub-single-route/asyncapi.yaml	https://github.com/kaushik-rishi/templates-collection-nodejs-templates/blob/1c360b14189630e3283bac10cae56b283bfb7d80/mqtt-pub-sub-single-route/asyncapi.yaml
opengeospatial/developer-website	api/connectedsystems/api/part2/asyncapi/asyncapi-connectedsystems-2.yaml	https://github.com/opengeospatial/developer-website/blob/c9f75a6d2d4682d0c62640965cafaade6b78aeb9/api/connectedsystems/api/part2/asyncapi/asyncapi-connectedsystems-2.yaml
RuiEusebio/confluent-selfservice	selfservice/asyncapi-specs/service-a/specs/apidays.yaml	https://github.com/RuiEusebio/confluent-selfservice/blob/9d6cbbf118bc94e43ef910479edf45845d8e79af/selfservice/asyncapi-specs/service-a/specs/apidays.yaml
AzizX25/Esprit-PIDS-4DS4-2026-QOS_Buddy	Deployment/qos-buddy/contracts/asyncapi.yaml	https://github.com/AzizX25/Esprit-PIDS-4DS4-2026-QOS_Buddy/blob/17e1725b6fa22a8daf0e36b22e95de40de4b9410/Deployment/qos-buddy/contracts/asyncapi.yaml
TadiwanasheChawatama/zerodrift	examples/events.asyncapi.yaml	https://github.com/TadiwanasheChawatama/zerodrift/blob/f750c39db15e60f4f6bea88efd6202c437e9c3c4/examples/events.asyncapi.yaml
markusahlstrand/sss	examples/order/rust/asyncapi.yaml	https://github.com/markusahlstrand/sss/blob/d1f32b82ccce02376d6ed963caed715285f36509/examples/order/rust/asyncapi.yaml
bfl-ajay/AsyncApi-Example	asyncapi.yaml	https://github.com/bfl-ajay/AsyncApi-Example/blob/7897089e1502b17c257c372474679cbf61820812/asyncapi.yaml
rahulmehta25/Smart-Legal-Contracts	docs/api/asyncapi.yaml	https://github.com/rahulmehta25/Smart-Legal-Contracts/blob/5eaf6a710f5def704ca9b27c5d208119efcdc319/docs/api/asyncapi.yaml
jjunho/HsJupyter	specs/001-protocol-bridge/contracts/execute-echo.yaml	https://github.com/jjunho/HsJupyter/blob/5848b0a31c60def174afc165bd2e5a9ab8dca1a7/specs/001-protocol-bridge/contracts/execute-echo.yaml
kondoumh/asyncapi-study	serving-studio/example-consumer.yaml	https://github.com/kondoumh/asyncapi-study/blob/b3d2d37a4bf44984fee56db03ded3338761ddec6/serving-studio/example-consumer.yaml
specmatic/specmatic-order-contracts	io/specmatic/examples/store/asyncapi/order_service_async_v1.yaml	https://github.com/specmatic/specmatic-order-contracts/blob/f904f86dce562c43afa70f6e9573440b76469cc9/io/specmatic/examples/store/asyncapi/order_service_async_v1.yaml
Mithlesh-Kumar2002/E_Commerce_Microservice	microservices/order/asyncApi.yaml	https://github.com/Mithlesh-Kumar2002/E_Commerce_Microservice/blob/392530d60e1ffeaabf5a2ecd5757f9510d91a716/microservices/order/asyncApi.yaml
DEFRA/ahwr-message-generator-backend	docs/inbound-message-asyncapi.yaml	https://github.com/DEFRA/ahwr-message-generator-backend/blob/a73c183bb801f3ab817c3544faaaee2a0457fc60/docs/inbound-message-asyncapi.yaml
AceMegaSchool/evanston	src/Evanston/wwwroot/api-spec.yaml	https://github.com/AceMegaSchool/evanston/blob/52837d1254cd687eeea100a976f79d26f24c4bf3/src/Evanston/wwwroot/api-spec.yaml
999iQ/networking	docs/kafka/MESSENGER-KAFKA-API.yaml	https://github.com/999iQ/networking/blob/2a73d3d073493d9d34c914f9a77752ca869d15a0/docs/kafka/MESSENGER-KAFKA-API.yaml
magenta-aps/os2mo	.backstage/amqp.yaml	https://github.com/magenta-aps/os2mo/blob/2e117933399e26479d4364384e2bd39d8908fc20/.backstage/amqp.yaml
EduRS14/sistema-recomendacion-distribuido-peliculas	Sistema de Recomendacion/api/docs/asyncapi.yaml	https://github.com/EduRS14/sistema-recomendacion-distribuido-peliculas/blob/35ac45d0c666a75d7bf143a7d8ed6a71d49c9ad0/Sistema%20de%20Recomendacion/api/docs/asyncapi.yaml
microcks/microcks-quarkus-demo	src/main/resources/order-events-asyncapi.yaml	https://github.com/microcks/microcks-quarkus-demo/blob/37cc6737b60f69098a328586c05030d006c42a7a/src/main/resources/order-events-asyncapi.yaml
microcks/microcks-quarkus-workshop	src/main/resources/order-events-asyncapi.yaml	https://github.com/microcks/microcks-quarkus-workshop/blob/777e9a3c2eb08e6a0197540e5b5e80a5bc858b8d/src/main/resources/order-events-asyncapi.yaml
microcks/microcks-testcontainers-java-workshop	src/main/resources/order-events-asyncapi.yaml	https://github.com/microcks/microcks-testcontainers-java-workshop/blob/fe2bd38fbee09e33398264a615a81e8901b3191d/src/main/resources/order-events-asyncapi.yaml
microcks/microcks-testcontainers-go-demo	testdata/order-events-asyncapi.yaml	https://github.com/microcks/microcks-testcontainers-go-demo/blob/0ebe0e389b70eb4f8c0b455e973be357219824a8/testdata/order-events-asyncapi.yaml
kweaver-ai/kweaver-core	adp/execution-factory/operator-integration/docs/apis/asyncapi/asyncapi.yaml	https://github.com/kweaver-ai/kweaver-core/blob/b9b35fb245c31660127114c883e91165b42dc8f0/adp/execution-factory/operator-integration/docs/apis/asyncapi/asyncapi.yaml
opengeospatial/ogcapi-connected-systems	api/part2/asyncapi/asyncapi-connectedsystems-2.yaml	https://github.com/opengeospatial/ogcapi-connected-systems/blob/3fd86c73e744b7e2faaf7f1c17366bfb9ff4cd6f/api/part2/asyncapi/asyncapi-connectedsystems-2.yaml
dataGriff/contract.catalog	contracts/user-management/user-service/user-events.yaml	https://github.com/dataGriff/contract.catalog/blob/8a6429a869240bc1d29080e51570850940db23da/contracts/user-management/user-service/user-events.yaml
genelaz/blue_viper_pro	docs/asyncapi/realtime-ptt-v1.yaml	https://github.com/genelaz/blue_viper_pro/blob/7e3788337380c2f3bb13a28702a621e8d650c4df/docs/asyncapi/realtime-ptt-v1.yaml
milicaj00/SOA-II-Projekat	iotProject2/AsyncAPI/analytics_service.yaml	https://github.com/milicaj00/SOA-II-Projekat/blob/034b47b649cd27bcffbc82b5422ce6661354ed73/iotProject2/AsyncAPI/analytics_service.yaml
leynos/bournemouth	docs/websocket-chat-api-asyncapi.yaml	https://github.com/leynos/bournemouth/blob/ca417451a3064b18592ddb7ec28b66885536e67a/docs/websocket-chat-api-asyncapi.yaml
Ramonjrtan/event-driven-order-platform-qa	docs/asyncapi.yaml	https://github.com/Ramonjrtan/event-driven-order-platform-qa/blob/ff1fbd4000628b9e0dcec136e47fcb8b6e991086/docs/asyncapi.yaml
poojapkamath/Building-Integrations-with-MuleSoft	Chapter2/orders.yaml	https://github.com/poojapkamath/Building-Integrations-with-MuleSoft/blob/e1328ea4fd8bca9acdf5f6accfd2c496455a499e/Chapter2/orders.yaml
omiga-group/omiga	api-definitions/asyncapi/events/omiga/Common_V1.yaml	https://github.com/omiga-group/omiga/blob/fe50809440b63a68870568ff41f33bf3ba97a884/api-definitions/asyncapi/events/omiga/Common_V1.yaml
funny-bunny-corp/ledger	src/main/resources/asyncapi/asyncapi.yaml	https://github.com/funny-bunny-corp/ledger/blob/cf90a86ce78e22ba574e49136916cb80e15a0ce0/src/main/resources/asyncapi/asyncapi.yaml
mamonteiro-microops-pt/kafka-management	specs/pricing/pricing-service.yaml	https://github.com/mamonteiro-microops-pt/kafka-management/blob/b264ff93dfa2b764c47dbb1953fe48b3e879fc6d/specs/pricing/pricing-service.yaml
j-alonso-guerra/open-api-public	invoice_event.yaml	https://github.com/j-alonso-guerra/open-api-public/blob/25b62c8a9776e2951967fa8de64fd6e6717447cf/invoice_event.yaml
wbelguidoum/docapi	examples/asyncapi/streetlights_v2.asyncapi.yaml	https://github.com/wbelguidoum/docapi/blob/fabbcf6b026ac70d7b4eb86e1478aed62cf3d12f/examples/asyncapi/streetlights_v2.asyncapi.yaml
Matusko/flea	libs/example/pets-api/resource/pets.yaml	https://github.com/Matusko/flea/blob/aa2ee94afeb14ebe06b9ff83f5fb8e1610bbb7ae/libs/example/pets-api/resource/pets.yaml
caiquedebrito/logistics-platform	shared/contracts/asyncapi-events.yaml	https://github.com/caiquedebrito/logistics-platform/blob/ec215224693a620ec6b6f1cc2fd6ecbcf3c1e9c8/shared/contracts/asyncapi-events.yaml
Leandroyyy/async-api-translator	asyncapi.yaml	https://github.com/Leandroyyy/async-api-translator/blob/6aa7bd4c03c565ae61ba7d414417e8b720464cac/asyncapi.yaml
microcks/microcks-aspire-demo	src/Order.AppHost/resources/order-events-asyncapi.yaml	https://github.com/microcks/microcks-aspire-demo/blob/6d1bf35df1073754fddbdbd2ce44790011ed390b/src/Order.AppHost/resources/order-events-asyncapi.yaml
minhnguyenkhac1983/ex-ai	exf-main/contracts/events/asyncapi.yaml	https://github.com/minhnguyenkhac1983/ex-ai/blob/5b2afcb2d382bf22cc2390496226078595ce0fda/exf-main/contracts/events/asyncapi.yaml
jbadeau/frontseat-demo	platform/gotham-api/market-data-asyncapi/asyncapi.yaml	https://github.com/jbadeau/frontseat-demo/blob/e78ac3dad828619cfa5181866b2019b38a05cf14/platform/gotham-api/market-data-asyncapi/asyncapi.yaml
a-l-a-z-a-r/Socialbook	backend/docs/asyncapi.yaml	https://github.com/a-l-a-z-a-r/Socialbook/blob/45feae3ed58588f09f6ed79802748f1f33461576/backend/docs/asyncapi.yaml
filatkinen/socialnet	api/v1/asyncapi.yaml	https://github.com/filatkinen/socialnet/blob/935433161ed48f1bc3bf20fdc30271512cd5c8e7/api/v1/asyncapi.yaml
DEFRA/ffc-doc-alerting	docs/asyncapi.yaml	https://github.com/DEFRA/ffc-doc-alerting/blob/49d3906c00d1c4e635343067ec5c659f62fa9912/docs/asyncapi.yaml
Aser-Osama/Arch-Project-Async-Docs	asyncapi.yaml	https://github.com/Aser-Osama/Arch-Project-Async-Docs/blob/90255a8229b8ecc167ac4c848313e540a9646494/asyncapi.yaml
rpicanco/livro-eda	cap4/asyncapi/ecommerce.yaml	https://github.com/rpicanco/livro-eda/blob/cfa90bceff2598d4852eeedff042fa39312e2e87/cap4/asyncapi/ecommerce.yaml
ChunPingWang/tracing-otel-agent-poc	specs/001-otel-distributed-tracing/contracts/order-confirmed-event.yaml	https://github.com/ChunPingWang/tracing-otel-agent-poc/blob/35e72d9cba7ff7c59dd11251e20003a19528b000/specs/001-otel-distributed-tracing/contracts/order-confirmed-event.yaml
fern-demo/stress-test	fern/apis/events-api/asyncapi.yaml	https://github.com/fern-demo/stress-test/blob/84decc3794c803fdac173b38103f21df275b973b/fern/apis/events-api/asyncapi.yaml
periclescesar/event-processor	docs/asyncapi.yaml	https://github.com/periclescesar/event-processor/blob/34c4b8bf873fb9e42364b891054bf8eaf74c3c45/docs/asyncapi.yaml
DEFRA/ffc-pay-alerting	docs/asyncapi.yaml	https://github.com/DEFRA/ffc-pay-alerting/blob/e6ba9b73acdfaa822a1efced17b7b9960376000f/docs/asyncapi.yaml
mohamedutopios/module2-wso2	openapi-libs/events-asyncapi.yaml	https://github.com/mohamedutopios/module2-wso2/blob/0351f862cc9f77bcf398782d1b3634ce9566b9de/openapi-libs/events-asyncapi.yaml
sebastienblanc/quarkus-review-triage	src/main/resources/review-events-asyncapi.yaml	https://github.com/sebastienblanc/quarkus-review-triage/blob/a6381652014cb17173d510c3f12a990b8e35edc2/src/main/resources/review-events-asyncapi.yaml
Masterisk-F/Syncterra	asyncapi.yaml	https://github.com/Masterisk-F/Syncterra/blob/e5f5935a1beabb151a196f2df875b723952faed6/asyncapi.yaml
gsperim/account-engine-lab	contracts/asyncapi/eventos.yaml	https://github.com/gsperim/account-engine-lab/blob/a812cdb00bd8d81ee571dd5264c538f2a3efe7c7/contracts/asyncapi/eventos.yaml
n2nstreams/seas-factory-infra	docs/events/asyncapi.yaml	https://github.com/n2nstreams/seas-factory-infra/blob/41ae5dc649d70cb94a924bd348c30d1a5d297e41/docs/events/asyncapi.yaml
Sushkov24/architecture	asyncapi.yaml	https://github.com/Sushkov24/architecture/blob/84f7771ba8f06dfb5614737a3f664336f5d1ca3e/asyncapi.yaml
Sanix-Darker/skill-md.dev	testdata/asyncapi.yaml	https://github.com/Sanix-Darker/skill-md.dev/blob/6d556a41b1180f4c27846ccecc26cfcdad950b1d/testdata/asyncapi.yaml
microcks/microcks-testcontainers-go	testdata/pastry-orders-asyncapi.yaml	https://github.com/microcks/microcks-testcontainers-go/blob/480c11633b47a9559aa6e0f904ab2ae58d0313ca/testdata/pastry-orders-asyncapi.yaml
microcks/microcks-testcontainers-dotnet-demo	tests/Order.Service.Tests/resources/order-events-asyncapi.yaml	https://github.com/microcks/microcks-testcontainers-dotnet-demo/blob/19127a7bf9c8a78d8ad75c2322bd5c0236ec0e4c/tests/Order.Service.Tests/resources/order-events-asyncapi.yaml
funny-bunny-corp/wallet	src/main/resources/asyncapi/asyncapi.yaml	https://github.com/funny-bunny-corp/wallet/blob/6d6d2845d4669dcd30ef436ebbc4b77c4fc44445/src/main/resources/asyncapi/asyncapi.yaml
Minwsun/IntelligentRouteX	docs/asyncapi/irx-events-v1.yaml	https://github.com/Minwsun/IntelligentRouteX/blob/4b65f63966925a6240b717258efde7448d811858/docs/asyncapi/irx-events-v1.yaml
pagopa/io-fims	apps/rp-func/asyncapi.yaml	https://github.com/pagopa/io-fims/blob/0b04237371b9bd51bbaba3c93d089fab7608b881/apps/rp-func/asyncapi.yaml
minhhien-e/studydocs	document/notification/asyncapi.yaml	https://github.com/minhhien-e/studydocs/blob/54b6f2d4041e660243c7bf24d8c9502740bfe573/document/notification/asyncapi.yaml
claudioed/equipment-metadata	asyncapi.yaml	https://github.com/claudioed/equipment-metadata/blob/a4f38bd586395a8673d0706f127ec3d905a73ac7/asyncapi.yaml
andreevcode/01_ya-arch-warmhouse	apps/telematic-mqtt-service/acync-api.yaml	https://github.com/andreevcode/01_ya-arch-warmhouse/blob/bc057430dc6cf76fb48fd8389af02639e4feba26/apps/telematic-mqtt-service/acync-api.yaml
n-bolanos/FastEventManager	src/java-backend/authentication/docs/asyncapi-AuthenticationKafka.yaml	https://github.com/n-bolanos/FastEventManager/blob/4488b72736c209d88fcb072487e32b8a7487e64c/src/java-backend/authentication/docs/asyncapi-AuthenticationKafka.yaml
chris-regnier/gavel	api/asyncapi.yaml	https://github.com/chris-regnier/gavel/blob/227995569ab2fb3b19bdd3549773a46b0b12449e/api/asyncapi.yaml
jfunfor/chess_robot	backend/chess_api.yaml	https://github.com/jfunfor/chess_robot/blob/1ea7a4557cd2ef3bb5a78687ca23e35fbaaeaebd/backend/chess_api.yaml
Chief-Strategist-J/llm-observability-platform	packages/python/instrumentation-sdk/contracts/asyncapi/v1.yaml	https://github.com/Chief-Strategist-J/llm-observability-platform/blob/92753483b46a22ebbb3141a537ad7c27200e7143/packages/python/instrumentation-sdk/contracts/asyncapi/v1.yaml
ConvergeIoT/convergeiot-mqtt-spec	asyncapi/iot-v1.yaml	https://github.com/ConvergeIoT/convergeiot-mqtt-spec/blob/9b43d130dbbf5773b4648001dd6c7a93750c07f7/asyncapi/iot-v1.yaml
sonra44/LEGACY	docs/asyncapi/radar_v1.yaml	https://github.com/sonra44/LEGACY/blob/4ba569c2de003fa85a448829ef0dbe1aef6baf57/docs/asyncapi/radar_v1.yaml
vkputhenmadhom/smarthiringassistant	contracts/events/asyncapi.yaml	https://github.com/vkputhenmadhom/smarthiringassistant/blob/9d58b32b4a09360014259a3abd616c65860c943d/contracts/events/asyncapi.yaml
aimerzarashi/ts-cqrs-es-v1	shop/command/asyncapi/stockItemEvent.yaml	https://github.com/aimerzarashi/ts-cqrs-es-v1/blob/1db5d27de5a04a1979c4069caf42ea95c6d095d9/shop/command/asyncapi/stockItemEvent.yaml
hefarica/arbitragex-v2	apis/asyncapi.yaml	https://github.com/hefarica/arbitragex-v2/blob/f5f03462f070108472b91a7606a9670be9dafe93/apis/asyncapi.yaml
prakhar47b/faststream-poc	asyncapi.yaml	https://github.com/prakhar47b/faststream-poc/blob/246a338d9f4f9b09847c12cc96b8a2d607d567e1/asyncapi.yaml
BNAV01/ecommerce	backend/libs/contracts/src/main/resources/asyncapi/events.yaml	https://github.com/BNAV01/ecommerce/blob/0b8a5ce46339c2b9b50aebc4a440675be84fe27a/backend/libs/contracts/src/main/resources/asyncapi/events.yaml
jhumci/MECH-M-3-IIoT	docs/iot-specs/asyncapi.yaml	https://github.com/jhumci/MECH-M-3-IIoT/blob/cf8115371ff78cbcb9ad31385edf6c70caef3dfb/docs/iot-specs/asyncapi.yaml
krisnaganesha1609/IoTDrainage-BE	docs/mqtt-docs/asyncapi.yaml	https://github.com/krisnaganesha1609/IoTDrainage-BE/blob/6681d20bb616944400070d789ec5800524aa6da4/docs/mqtt-docs/asyncapi.yaml
IlijaIvanovic78/F1DataStream	Documentation/asyncapi/telemetry-publish.yaml	https://github.com/IlijaIvanovic78/F1DataStream/blob/181e991c23f6d2f490a37ae4da37a1423521437c/Documentation/asyncapi/telemetry-publish.yaml
tayyabfayyaz/hakathon_2	phase-5/specs/009-dapr-k8s-deployment/contracts/pubsub-messages.yaml	https://github.com/tayyabfayyaz/hakathon_2/blob/0642c8f36b53d1a09d363d9029d1e79103427792/phase-5/specs/009-dapr-k8s-deployment/contracts/pubsub-messages.yaml
rtszh/architecture-yandex	sprint_3/task1.4/asyncapi.yaml	https://github.com/rtszh/architecture-yandex/blob/1341c89b879a58f2639a6a40ee5f8d5e03a00d3f/sprint_3/task1.4/asyncapi.yaml
XaaXaaX/stream-based-service-template	shared/streams/YourDomainName/v1/asyncapi.yaml	https://github.com/XaaXaaX/stream-based-service-template/blob/17c4a17eeabe8f02d2665ce2285001a9d96e8142/shared/streams/YourDomainName/v1/asyncapi.yaml
Sakshamjain98/skillforge-meet	asyncapi.yaml	https://github.com/Sakshamjain98/skillforge-meet/blob/998ad0e3bcdee72bd3ea23542bca516292472263/asyncapi.yaml
montionugera/atlas-world-svc	colyseus-server/asyncapi.yaml	https://github.com/montionugera/atlas-world-svc/blob/71a2e3f40c6d36f29bf452ece0876ad6193a92a8/colyseus-server/asyncapi.yaml
SynapticFour/sc-specs	specs/sc-transport/v1/asyncapi.yaml	https://github.com/SynapticFour/sc-specs/blob/e36c628b8febfab325106e4fed22f209158c2f9c/specs/sc-transport/v1/asyncapi.yaml
kaje94/choreo-connect-test	asyncapi.yaml	https://github.com/kaje94/choreo-connect-test/blob/0eec5bdeba3863e8610524a0283a51028f08b5bb/asyncapi.yaml
szaher/crewz	specs/004-proper-isolation-and/contracts/execution-stream-ws.yaml	https://github.com/szaher/crewz/blob/bcdecccddfef66f992c1fdc8eb95a0047bb40382/specs/004-proper-isolation-and/contracts/execution-stream-ws.yaml
nandorsilva/arc-dados	lab-eda/asyncAPI/estoque.yaml	https://github.com/nandorsilva/arc-dados/blob/eb35b74058f4e253fc41fcb604d334fbec0da609/lab-eda/asyncAPI/estoque.yaml
paradisemay/tradingexchange	API/docs/api/asyncapi.yaml	https://github.com/paradisemay/tradingexchange/blob/f1e1afe356d73f69561a2add8cca759c30955707/API/docs/api/asyncapi.yaml
Sriramanenivikas/Intelligent-Warehouse-Orchestration-System	services/fulfillment/warehouse-orchestrator-service/events/asyncapi.yaml	https://github.com/Sriramanenivikas/Intelligent-Warehouse-Orchestration-System/blob/da5b8016bffa22eb9290dab82f383264607c236d/services/fulfillment/warehouse-orchestrator-service/events/asyncapi.yaml
coiouhkc/asyncapi-generator-examples	java-quarkus/src/main/resources/asyncapi.yaml	https://github.com/coiouhkc/asyncapi-generator-examples/blob/4e768c1eb3f2ed43044380ddf06f5e6d10713e7e/java-quarkus/src/main/resources/asyncapi.yaml
dataGriff/whiskey-reviews-api	docs/specifications/_template/contracts/asyncapi.yaml	https://github.com/dataGriff/whiskey-reviews-api/blob/8fc68df891183769b6f7c39b12faa7c7ce6c9ac0/docs/specifications/_template/contracts/asyncapi.yaml
ingka-group/asyncapi-payload-validator	tests/test-files/asyncapi-2.6-spec.yaml	https://github.com/ingka-group/asyncapi-payload-validator/blob/81e83261ed17a5bd6fa9342e142c3c3bdeb63a85/tests/test-files/asyncapi-2.6-spec.yaml
coiouhkc/asyncapi-generator	asyncapi-generator-core/src/test/resources/asyncapi.yaml	https://github.com/coiouhkc/asyncapi-generator/blob/f4044c5ff92694dcfb1e5fa65942deeccd50c630/asyncapi-generator-core/src/test/resources/asyncapi.yaml
SolaceLabs/solace-tryme-cli-mcp-server	test/sample-asyncapi.yaml	https://github.com/SolaceLabs/solace-tryme-cli-mcp-server/blob/174bc6ec27db3de91804b7495cc08506ceae145d/test/sample-asyncapi.yaml
diktahq/edikt	test/fixtures/specs/spec-sql-postgres/contracts/events.yaml	https://github.com/diktahq/edikt/blob/9d3e44aaaeaf1277816d4f3a1afb5e4e2ab54cb5/test/fixtures/specs/spec-sql-postgres/contracts/events.yaml
sonra44/QIKI_DTMP	docs/asyncapi/radar_v1.yaml	https://github.com/sonra44/QIKI_DTMP/blob/c88d49093d3494eb77bcd39be60c8d30b18b5c0f/docs/asyncapi/radar_v1.yaml
dataGriff/domain-api-template	docs/specifications/_template/contracts/asyncapi.yaml	https://github.com/dataGriff/domain-api-template/blob/06cc062b5565f71fbde2681812c197253a3f9fc5/docs/specifications/_template/contracts/asyncapi.yaml
dataGriff/pet.insurance.domain.app.v1	docs/specifications/_template/contracts/asyncapi.yaml	https://github.com/dataGriff/pet.insurance.domain.app.v1/blob/272fca415f252b27a00bf40378a50096ee1ee469/docs/specifications/_template/contracts/asyncapi.yaml
specdojo/specdojo	docs/ja/specdojo/samples/ifx-msg-sample.yaml	https://github.com/specdojo/specdojo/blob/dede9a4233a16e813b7d936c623cd0f8fd9cb0d9/docs/ja/specdojo/samples/ifx-msg-sample.yaml
Dolgikh17/dolgikh_docs	my-website/api_specs/asincapi.yaml	https://github.com/Dolgikh17/dolgikh_docs/blob/569e5229133982734455452ed92d07f4482ea9b2/my-website/api_specs/asincapi.yaml
BakangMonei/PolyGlot-Demo-Examples	shared/asyncapi/events.yaml	https://github.com/BakangMonei/PolyGlot-Demo-Examples/blob/ae85bff8a14dce9a6ec79cff336087459b892325/shared/asyncapi/events.yaml
n1md7/IoT-Device-Manager	clients/ESP8622/web-server/docs/mqtt.yaml	https://github.com/n1md7/IoT-Device-Manager/blob/ddb5b3ec89fa38397872a9da2090ac7be6d5d40d/clients/ESP8622/web-server/docs/mqtt.yaml
ChiragSethi-1153/RMHA	order-processing-asyncapi.yaml	https://github.com/ChiragSethi-1153/RMHA/blob/b5823535b38fd3cea0cafefeaab8658d845f9d2a/order-processing-asyncapi.yaml
AdayevKP/warmhouse	schemas/docs/smarthome_asyncapi.yaml	https://github.com/AdayevKP/warmhouse/blob/fa2d644e0f94e412718e5251d0a8441c006e5abc/schemas/docs/smarthome_asyncapi.yaml
afmancilla/poc-subtree	Asyncapi-Personal.yaml	https://github.com/afmancilla/poc-subtree/blob/cd6796bc88a7acbe09be662eee98cff8ba070af2/Asyncapi-Personal.yaml
chernoova/Purr-Stay	my-website/api_specs/asyncapi.yaml	https://github.com/chernoova/Purr-Stay/blob/fdf5f238d8fa08aab75eb91a1a56f2820de06533/my-website/api_specs/asyncapi.yaml
R3shm1thThar1ndu/HND_finalAuthService	api.yaml	https://github.com/R3shm1thThar1ndu/HND_finalAuthService/blob/c6d17e48e8750564a40453371c461d18d08a79b7/api.yaml
kakabisht/AsyncAPITemplate	asyncapi.yaml	https://github.com/kakabisht/AsyncAPITemplate/blob/b01b44c8752a1a9942766f12a62c6b8d8da20387/asyncapi.yaml
Jacksonspencerd/tcss559-project	EitS/backend/DocService/specs/NodeServiceSocket.yaml	https://github.com/Jacksonspencerd/tcss559-project/blob/d05a379b313a73bbc73d6a152a989bc0bf3ac4bb/EitS/backend/DocService/specs/NodeServiceSocket.yaml
isala404/choreo-tests	ws-relay/asyncapi.yaml	https://github.com/isala404/choreo-tests/blob/ce14803c702e754702d426dd39beec4687d9b474/ws-relay/asyncapi.yaml
David-DAM/kafka-cero-a-experto	src/main/resources/asyncapi.yaml	https://github.com/David-DAM/kafka-cero-a-experto/blob/562e9138910ea58992cfde7909b1ef97345d3aa5/src/main/resources/asyncapi.yaml
dgomezs/learning-AI-agents	apps/product-catalog/api/events/asyncapi.yaml	https://github.com/dgomezs/learning-AI-agents/blob/687972e77711e1bba6b00ac201e76183dcad14b2/apps/product-catalog/api/events/asyncapi.yaml
Dream-Wood/api-security-analyzer-hack	test-specs/test-asyncapi.yaml	https://github.com/Dream-Wood/api-security-analyzer-hack/blob/0c21e1766e767e3d03e90f17a6f044bf9dc69a12/test-specs/test-asyncapi.yaml
DevOpsMadDog/Fixops	tests/APP2/contract_tests/partner_feed.asyncapi.yaml	https://github.com/DevOpsMadDog/Fixops/blob/4946ea9e867191a10bd56a11e3f5d6440c629111/tests/APP2/contract_tests/partner_feed.asyncapi.yaml
DevOpsMadDog/aldeci_core	tests/APP2/contract_tests/partner_feed.asyncapi.yaml	https://github.com/DevOpsMadDog/aldeci_core/blob/f60703404ec61f19773c546f476bc1fc93c9be98/tests/APP2/contract_tests/partner_feed.asyncapi.yaml
DevOpsMadDog/aldeci-core	tests/APP2/contract_tests/partner_feed.asyncapi.yaml	https://github.com/DevOpsMadDog/aldeci-core/blob/f4164453229f6f0903992f0199a12d18c54fbef3/tests/APP2/contract_tests/partner_feed.asyncapi.yaml
Verdenroz/finance-query	server/asyncapi.yaml	https://github.com/Verdenroz/finance-query/blob/5554dde7adf77a5aa9d298e7a4311927d487734f/server/asyncapi.yaml
jniebuhr/gaggimate	docs/websocket-api.yaml	https://github.com/jniebuhr/gaggimate/blob/a3848e629f6369e3b2d67a634b0bf1901a7d962d/docs/websocket-api.yaml
skunkforce/node-agnostic-datastream-interface	nadi_asyncapi.yaml	https://github.com/skunkforce/node-agnostic-datastream-interface/blob/c4b94d40beef8838c79ae2d74cdb7cb3af637a8c/nadi_asyncapi.yaml
maximilianoPizarro/platform-hub-spoke-config	catalog/industrial-edge-system.yaml	https://github.com/maximilianoPizarro/platform-hub-spoke-config/blob/c4bbec571176eae889b7ebbdf3edf8f51de7e248/catalog/industrial-edge-system.yaml
radiorabe/minio-cloudevents-service	catalog-info.yaml	https://github.com/radiorabe/minio-cloudevents-service/blob/42d88c78b2c1c4d45b17b028f1648de0ab87a98f/catalog-info.yaml
DimitriosSpanos1998/My_version	asyncapi-mongo-lab/src/examples/sample-asyncapi.yaml	https://github.com/DimitriosSpanos1998/My_version/blob/04c7b579d9fe8baf35731d3e99ca1799956bfc08/asyncapi-mongo-lab/src/examples/sample-asyncapi.yaml
ayumu203/poke-clone-v4	documents/api/asyncapi/asyncapi.yaml	https://github.com/ayumu203/poke-clone-v4/blob/f24451d7081603b2df6a95d116cae85d5f9d3ce4/documents/api/asyncapi/asyncapi.yaml
Lynda1423/gestion-vehicules	kafka/topic-vehicules.yaml	https://github.com/Lynda1423/gestion-vehicules/blob/92631a19106861233d91bb5f6161adb36dbf2a53/kafka/topic-vehicules.yaml
HenderOrlando/booklyapp	bookly-mock/apps/availability-service/docs/availability-events.asyncapi.yaml	https://github.com/HenderOrlando/booklyapp/blob/5b4d1330e78bf79f3f8299d4a1c46650e11f33bf/bookly-mock/apps/availability-service/docs/availability-events.asyncapi.yaml
SaaSy-Solutions/mockforge	examples/specs/iot-asyncapi.yaml	https://github.com/SaaSy-Solutions/mockforge/blob/e532c99d12a3aaaea9783d2fd26b4f3d56ef6fe9/examples/specs/iot-asyncapi.yaml
changtraisitinh/digital-bank-hub	shared/api-contracts/asyncapi/payment-domain/payment-domain.asyncapi.yaml	https://github.com/changtraisitinh/digital-bank-hub/blob/70ddc024b6ade23310858f07aef98d7485df6f38/shared/api-contracts/asyncapi/payment-domain/payment-domain.asyncapi.yaml
yuiyeong/bzero-api	docs/asyncapi.yaml	https://github.com/yuiyeong/bzero-api/blob/947ade488a21e9ec16deac4f6b305f404709ea77/docs/asyncapi.yaml
durable-workflow/durable-workflow.github.io	static/platform-protocol-specs/worker-protocol-stream.asyncapi.yaml	https://github.com/durable-workflow/durable-workflow.github.io/blob/5b5486ce568bbc54076715519706819d8548d9bb/static/platform-protocol-specs/worker-protocol-stream.asyncapi.yaml
shashanksaxena-tz/munciplaityTax	specs/2-expand-schedule-x/contracts/event-schedule-x-updated.yaml	https://github.com/shashanksaxena-tz/munciplaityTax/blob/b968f4ba47c606c28525154d12019ad7dcc7b4d3/specs/2-expand-schedule-x/contracts/event-schedule-x-updated.yaml
krittamark/incident-tracking-service	api-docs/async-contract/async-api.yaml	https://github.com/krittamark/incident-tracking-service/blob/7d8c7fb212773af6834c23ac2ffac44c249a39cd/api-docs/async-contract/async-api.yaml
eduardotourinho/candlesticks-hexagonal-architecture	catalog-info.yaml	https://github.com/eduardotourinho/candlesticks-hexagonal-architecture/blob/a2a0fa099e299c7e5b748283508e31ed0a389197/catalog-info.yaml
quenbyako/asyncapi-example	asyncapi.3.yaml	https://github.com/quenbyako/asyncapi-example/blob/9e65471924f5374ac4d1ab078925214038e2ae2c/asyncapi.3.yaml
RidaNaz/Agentic-Todo	specs/005-cloud-advanced-deploy/contracts/reminder-events.yaml	https://github.com/RidaNaz/Agentic-Todo/blob/9831075adebbface42df564aae077b22fb390ec0/specs/005-cloud-advanced-deploy/contracts/reminder-events.yaml
zz-plant/ethotechnics.org	public/standards/ethotechnics-events.asyncapi.yaml	https://github.com/zz-plant/ethotechnics.org/blob/08e5c9cb411269c1a797513826c4b1929ca370e7/public/standards/ethotechnics-events.asyncapi.yaml
siom79/jasyncapicmp	jasyncapicmp-maven-plugin/src/it/simple-it/new_2.6.0.yaml	https://github.com/siom79/jasyncapicmp/blob/0f29b80cfd78db3acbc6dadc3dc0103c08962f9a/jasyncapicmp-maven-plugin/src/it/simple-it/new_2.6.0.yaml
sjswerdloff/dicomweb_openapi	ups-rs-asyncapi-spec.yaml	https://github.com/sjswerdloff/dicomweb_openapi/blob/87dff4238a87dd1473671df833732b738d1f5927/ups-rs-asyncapi-spec.yaml
SayReal-US/API-designs---Software-Engineer-Thesis-K22	asyncapi/trackings.yaml	https://github.com/SayReal-US/API-designs---Software-Engineer-Thesis-K22/blob/0c054765b813ed630a6527bde471677c5f4ba3d2/asyncapi/trackings.yaml
kevin-biot/Euro-Cloud-Substrate	docs/interop/asyncapi-events.yaml	https://github.com/kevin-biot/Euro-Cloud-Substrate/blob/83e85a7256c3f75a5f02bb68e9edd90d7dba0372/docs/interop/asyncapi-events.yaml
yoshioterada/Spec-Driven-Dev	projects/06-point-service/asyncapi/loyalty-events-v1.yaml	https://github.com/yoshioterada/Spec-Driven-Dev/blob/72645a91cacd495eb417c42dd3532945ae83dc3b/projects/06-point-service/asyncapi/loyalty-events-v1.yaml
PikPakPik/T-JSF-600	docs/asyncapi.yaml	https://github.com/PikPakPik/T-JSF-600/blob/56af3c6056627584df5e17706222a712148f5e8c/docs/asyncapi.yaml
BarminGeorge/ShuKnow	docs/asyncapi.yaml	https://github.com/BarminGeorge/ShuKnow/blob/e86826af2bcf36ecd7f7abb71985f8e33205a44f/docs/asyncapi.yaml
ChunPingWang/saga-axon	specs/001-saga-order-transaction/contracts/inventory-events.yaml	https://github.com/ChunPingWang/saga-axon/blob/1ecbdae7d5ebd2571aebb8f37f35fd01bb9e2ad2/specs/001-saga-order-transaction/contracts/inventory-events.yaml
FreeTAKTeam/Reticulum-Community-Hub	docs/architecture/asyncapi/r3akt-gateway-lxmf.asyncapi.yaml	https://github.com/FreeTAKTeam/Reticulum-Community-Hub/blob/a520574ecbc243841a1a215b616b6792452de2a1/docs/architecture/asyncapi/r3akt-gateway-lxmf.asyncapi.yaml
nekofar/warpcast	asyncapi/index.yaml	https://github.com/nekofar/warpcast/blob/e3612cbaac5715feab95424a344b9839c62eb35b/asyncapi/index.yaml
otherjamesbrown/penfold	specs/009-relationship-discovery-and-management/contracts/relationship-events.yaml	https://github.com/otherjamesbrown/penfold/blob/abaa32cee41095c2691bf26999a2ad20e99f4889/specs/009-relationship-discovery-and-management/contracts/relationship-events.yaml
scopy-ll/ervi-backend	swagger-docs.yaml	https://github.com/scopy-ll/ervi-backend/blob/dee961f55fa15e807c394f0d6d4f76fe3fbe58e7/swagger-docs.yaml
minhnguyen102/CDTN_BE	socket.yaml	https://github.com/minhnguyen102/CDTN_BE/blob/21c93937e5dd88e7207e8c050cfc16fe448da208/socket.yaml
ivankahl/asyncapi-food-delivery	asyncapi.yaml	https://github.com/ivankahl/asyncapi-food-delivery/blob/b85bda97a378d30a2730b1904ddef29c82f0f0f9/asyncapi.yaml
kishoretvk/AgentAI	docs/api/websocket-asyncapi.yaml	https://github.com/kishoretvk/AgentAI/blob/59a612d3924d9ba7d901afd420608621de33fa97/docs/api/websocket-asyncapi.yaml
kiransth77/aionmcp	examples/specs/user-events.yaml	https://github.com/kiransth77/aionmcp/blob/3ac62a0666e248277e7b9f19ba1fa9b4f464d027/examples/specs/user-events.yaml
paulus85/companion	server/asyncapi.yaml	https://github.com/paulus85/companion/blob/c93f7bf9371e0d983c5bf94236fd9ddbce9ed0c1/server/asyncapi.yaml
ClearEyesFullHearts/mft	apps/config-handler/asyncapi/1.0.0/mft.yaml	https://github.com/ClearEyesFullHearts/mft/blob/a1672d2376ade59bd828ac692481f2b4e9fcace9/apps/config-handler/asyncapi/1.0.0/mft.yaml
parmendes/MessageBrokerExample	Example/samples/StreetLightsApi/asyncapi/Light Measurement API_1.0.0.yaml	https://github.com/parmendes/MessageBrokerExample/blob/dd96699f729358958ce57c8075d79d3bac3ca0d0/Example/samples/StreetLightsApi/asyncapi/Light%20Measurement%20API_1.0.0.yaml
deathbycaptcha/deathbycaptcha-agent-api-metadata	spec/openapi/sockets.yaml	https://github.com/deathbycaptcha/deathbycaptcha-agent-api-metadata/blob/e67c1d4d367255d783d0a5365ebe034f3cbeaa37/spec/openapi/sockets.yaml
open-edge-platform/scenescape	docs/user-guide/microservices/controller/_assets/scene-controller-api.yaml	https://github.com/open-edge-platform/scenescape/blob/4e54cfaf2fb9494d606b290d454c3d265a9ddbbd/docs/user-guide/microservices/controller/_assets/scene-controller-api.yaml
avU8989/locationSearchApp	citizendev.yaml	https://github.com/avU8989/locationSearchApp/blob/3b6a86c44bc04612564186b5e2174ea4815a5308/citizendev.yaml
mariacolab/einzelhandel	backend/eventing/asyncapi2.yaml	https://github.com/mariacolab/einzelhandel/blob/6e6daa5cdf67b984c47180b19e1adcba93a86b9f/backend/eventing/asyncapi2.yaml
adalbertocajueiro/edscorbot-c-cpp	edscorbot-async-api.yaml	https://github.com/adalbertocajueiro/edscorbot-c-cpp/blob/0d8f988962abdc9820d20a43827a4cb6a1fcd9f6/edscorbot-async-api.yaml
ChunPingWang/saga-kafka	specs/001-saga-order-flow/contracts/payment-events.yaml	https://github.com/ChunPingWang/saga-kafka/blob/9c0c90dae191b0af024a146730da8e393e98bd57/specs/001-saga-order-flow/contracts/payment-events.yaml
jprofessionals/shopping-list	backend/src/main/resources/asyncapi/websocket.yaml	https://github.com/jprofessionals/shopping-list/blob/9d0d01fb34bdb16ac19cb027a0a91b66ef868223/backend/src/main/resources/asyncapi/websocket.yaml
BackendFans83/Taxi	matching-service/docs/matching_service_async_api.yaml	https://github.com/BackendFans83/Taxi/blob/c359adf707189ced976bbfe279cbefbd4307c781/matching-service/docs/matching_service_async_api.yaml
mknoufi/STOCK_VERIFY_ui	specs/002-system-modernization-and-enhancements/contracts/realtime.yaml	https://github.com/mknoufi/STOCK_VERIFY_ui/blob/53542ed6b262ca1d3f20a948651c602a64b869a7/specs/002-system-modernization-and-enhancements/contracts/realtime.yaml
Kanastra-Tech/microcks	blog-graphql-example.yaml	https://github.com/Kanastra-Tech/microcks/blob/9e230d8dc9940aadaa461cd8f1d38a3d4a6181ef/blog-graphql-example.yaml
StereoSachiiii/devops	docs/contracts/events.yaml	https://github.com/StereoSachiiii/devops/blob/5dde3bfd7776ac44dc9ad3ed2e01d04ac4da4bf0/docs/contracts/events.yaml
holstein13/mcp-config-manager	documentation/design/specs/001-cross-platform-gui/contracts/event-contract.yaml	https://github.com/holstein13/mcp-config-manager/blob/3ca92556d5b710833336d797b9eaf8c4562af28a/documentation/design/specs/001-cross-platform-gui/contracts/event-contract.yaml
genesisAI4/genesis-docs	docs/api/nexus-a2a-ws.yaml	https://github.com/genesisAI4/genesis-docs/blob/a0a878527efe6ef8b64779a4f563405df44b8976/docs/api/nexus-a2a-ws.yaml
Jet-labs/jet-admin	socket-events.yaml	https://github.com/Jet-labs/jet-admin/blob/b89f9da6d353ffe825281499d61b49e6da20c374/socket-events.yaml
MariamElsoufyx/IMMERSA-Voice-Chat-API	docs/asyncapi.yaml	https://github.com/MariamElsoufyx/IMMERSA-Voice-Chat-API/blob/220fa795643d1c2737018ff189b6ec96e573a9f7/docs/asyncapi.yaml
iwaag/agoffice	services/worker/src/agoffice_worker/asyncapi/realtime_chat.yaml	https://github.com/iwaag/agoffice/blob/bf3e85bd610b7af70698c70efd19b730cf036c6d/services/worker/src/agoffice_worker/asyncapi/realtime_chat.yaml
RidgeRun/ridgerun-immersive-teleoperation	rr-workspace/src/robot_command/rr_ugv_command/asyncapi.yaml	https://github.com/RidgeRun/ridgerun-immersive-teleoperation/blob/61509942d66138603923b568ee475b3d80ac417c/rr-workspace/src/robot_command/rr_ugv_command/asyncapi.yaml
voidly-ai/openapi-specs	asyncapi.yaml	https://github.com/voidly-ai/openapi-specs/blob/2bf2ba8cf55d6de145279eca9c6965f24c335063/asyncapi.yaml
asyncapi/website	public/resources/casestudies/adeo/asyncapi.yaml	https://github.com/asyncapi/website/blob/5d2d0f83d35c506453f9859ee44f18f765d46a3f/public/resources/casestudies/adeo/asyncapi.yaml
DataDog/serverless-sample-app	src/order-service/docs/asyncapi.yaml	https://github.com/DataDog/serverless-sample-app/blob/0e42e7ee960b6034c68891fbfab980c5a488a18f/src/order-service/docs/asyncapi.yaml
GotchaAI/BE_SOCKET	asyncapi.yaml	https://github.com/GotchaAI/BE_SOCKET/blob/0475e06f75b180dfbb21e1fc67a4538f4ca028e8/asyncapi.yaml
lauksas/sync-beat	backend/api-spec/asyncapi.yaml	https://github.com/lauksas/sync-beat/blob/f50838d91100a6a460c61c799567bb06a126df57/backend/api-spec/asyncapi.yaml
H1lp0p/fins-web	openapi/asyncApi.transactions.yaml	https://github.com/H1lp0p/fins-web/blob/a2087cff098a44b43a17d08098b885154081ba41/openapi/asyncApi.transactions.yaml
victorrentea/training-assistant	docs/railway-ws.yaml	https://github.com/victorrentea/training-assistant/blob/ae81e51d0d34c08d9985c5aec9851452b2ab3391/docs/railway-ws.yaml
devmentors/Mikroserwisy-Revisited	developers/ticketflow-developer-portal/catalog/apis.yaml	https://github.com/devmentors/Mikroserwisy-Revisited/blob/e49ecb2b90e2d324c0000fe288699636895d71d3/developers/ticketflow-developer-portal/catalog/apis.yaml
joefrancisGA/ArchLucid	docs/contracts/archlucid-asyncapi-2.6.yaml	https://github.com/joefrancisGA/ArchLucid/blob/1e923596aa01c3ac7148b544c6ea467b7bcad755/docs/contracts/archlucid-asyncapi-2.6.yaml
zircote/documentation-review	skills/api-documentation/examples/events-asyncapi.yaml	https://github.com/zircote/documentation-review/blob/6edf61ed5951f806654b501475647073913e81f6/skills/api-documentation/examples/events-asyncapi.yaml
MatthewSnelgrove/chefswap	server/socketdoc.yaml	https://github.com/MatthewSnelgrove/chefswap/blob/239d5f260e87da6cee295e2aaa36bf7ee9fcefab/server/socketdoc.yaml
Velkromod/gaggimate-feature-gearpump	docs/websocket-api.yaml	https://github.com/Velkromod/gaggimate-feature-gearpump/blob/8b728d8dddb580ed1730e9dcc33e77584fe3014f/docs/websocket-api.yaml
Velkromod/gaggimate-feature-gearpump-Modded-MPC	docs/websocket-api.yaml	https://github.com/Velkromod/gaggimate-feature-gearpump-Modded-MPC/blob/de2ae7138bf689168134584e4feeac6624d636d5/docs/websocket-api.yaml
dulerabbit/GaggiBre	docs/websocket-api.yaml	https://github.com/dulerabbit/GaggiBre/blob/ce7ceb56d39e32ce339a7bd595f0cda4ca2834fa/docs/websocket-api.yaml
schooldevops/openapi_hub	requirement/sample_kafka.yaml	https://github.com/schooldevops/openapi_hub/blob/0c58f40f07372aec06b6caaee3c5809b1909ae07/requirement/sample_kafka.yaml
zohaib7279/django-api	swagger/.yaml	https://github.com/zohaib7279/django-api/blob/c7178bc351b8985f9ae357b241ee9fb17847c91c/swagger/.yaml
feytox/ShuKnow	docs/asyncapi.yaml	https://github.com/feytox/ShuKnow/blob/407c944cf088ccb72bb3cce3f987763b31325c8c/docs/asyncapi.yaml
mknoufi/stock-verify-system	specs/002-system-modernization-and-enhancements/contracts/realtime.yaml	https://github.com/mknoufi/stock-verify-system/blob/8abc0e7ec6a27723d00d88e76598b4a8e49056ae/specs/002-system-modernization-and-enhancements/contracts/realtime.yaml
mknoufi/stck-new	specs/002-system-modernization-and-enhancements/contracts/realtime.yaml	https://github.com/mknoufi/stck-new/blob/2fc64bdfd6fc56233ff905972feb68a0b376e4aa/specs/002-system-modernization-and-enhancements/contracts/realtime.yaml
victorrentea/ai-central	projects/training-assistant/docs/railway-ws.yaml	https://github.com/victorrentea/ai-central/blob/8e2c0bce76508a045a126ab2669e0bb1285d0291/projects/training-assistant/docs/railway-ws.yaml
deivid11/tide-commander	docs/asyncapi.yaml	https://github.com/deivid11/tide-commander/blob/b1c75c27e4a0f5423614d265909f8d46f2c28a83/docs/asyncapi.yaml
DEFRA/ffc-pay-submission	docs/asyncapi.yaml	https://github.com/DEFRA/ffc-pay-submission/blob/e76fac72a0021d613b3a0435a047793bb022abad/docs/asyncapi.yaml
leefreemanxyz/redocly-async-api-reproduction	bundled.yaml	https://github.com/leefreemanxyz/redocly-async-api-reproduction/blob/3bf9dc2ab85f03c92843bb08a3c6a0237a9e6104/bundled.yaml
ha-securemtr/ha-securemtr	docs/securemtr_asyncapi.yaml	https://github.com/ha-securemtr/ha-securemtr/blob/ebc537568130c3cfd6507c02a8c3d4ff65324cc3/docs/securemtr_asyncapi.yaml
davesienkowski/mastercontrol-apidocs-conversion	asyncapi/mastercontrol.yaml	https://github.com/davesienkowski/mastercontrol-apidocs-conversion/blob/0bef257d12e897a700a566242475ee49cc90471b/asyncapi/mastercontrol.yaml
underpass-ai/rehydration-kernel	api/asyncapi/context-projection.v1beta1.yaml	https://github.com/underpass-ai/rehydration-kernel/blob/a3adaade2c711a671d760102847626e690966930/api/asyncapi/context-projection.v1beta1.yaml
zynax-io/zynax	spec/asyncapi/zynax-events.yaml	https://github.com/zynax-io/zynax/blob/92b12a0928182cd90c81e7bee226a74b38d306b8/spec/asyncapi/zynax-events.yaml
ZenRay/LarkServiceCursor	specs/002-websocket-user-auth/contracts/websocket_events.yaml	https://github.com/ZenRay/LarkServiceCursor/blob/013856950f15e938fc2aebaec280831209bbf323/specs/002-websocket-user-auth/contracts/websocket_events.yaml
Okan-wqm/aquaculture_platform	sens-api-gateway/docs/api/asyncapi.yaml	https://github.com/Okan-wqm/aquaculture_platform/blob/ecd90a56635efe60cccde9d0b10c65f22cab06e7/sens-api-gateway/docs/api/asyncapi.yaml
Magpie-Monitor/magpie-monitor	docs/diagrams/metadata-service/asyncApi/asyncApi.yaml	https://github.com/Magpie-Monitor/magpie-monitor/blob/b83ecd813a26db77f6fb13487d3d18af520ebc10/docs/diagrams/metadata-service/asyncApi/asyncApi.yaml
jaekop/ContextLens	asyncapi.yaml	https://github.com/jaekop/ContextLens/blob/36dbc0620bc394da71ff6665c91fe5cd7f8585f7/asyncapi.yaml
Eiritel/system_for_blood_donors_doc	my-website/api_specs/asyncapi.yaml	https://github.com/Eiritel/system_for_blood_donors_doc/blob/a87afacd72f5d39abd3e86969b82423cdec2ba89/my-website/api_specs/asyncapi.yaml
Project-ScholarAI/ScholarAI-Docs	api-doc/AgentBus.yaml	https://github.com/Project-ScholarAI/ScholarAI-Docs/blob/4af36062b35e70488d6b6e21785edaac4f018109/api-doc/AgentBus.yaml
BillyBolton/menace	asyncapi/asyncapi.yaml	https://github.com/BillyBolton/menace/blob/ab391523fbbdc08417269dcaf21e660f986e42a4/asyncapi/asyncapi.yaml
funny-bunny-corp/payment-executor	src/main/resources/asyncapi/asyncapi.yaml	https://github.com/funny-bunny-corp/payment-executor/blob/976d0b426b537cfa6869dc7a33454cb4663a4360/src/main/resources/asyncapi/asyncapi.yaml
JLanders96/abw-processor	docs/asyncapi.yaml	https://github.com/JLanders96/abw-processor/blob/08f45497670a8df40718ad1102fb25a79f8300d6/docs/asyncapi.yaml
reza-sanjari/2L1nk	api-spec/asyncapi.yaml	https://github.com/reza-sanjari/2L1nk/blob/7477ad91140314f99e9bf07e2f608cd8f9269946/api-spec/asyncapi.yaml
slairu/current	backend/asyncapi.yaml	https://github.com/slairu/current/blob/fbb4a70fbc32f45ada03db5c44d42f72a7b4d26c/backend/asyncapi.yaml
DEFRA/ffc-pay-event-hub	docs/asyncapi.yaml	https://github.com/DEFRA/ffc-pay-event-hub/blob/a792e542814008c782bbe3e5db1af522c017c248/docs/asyncapi.yaml
Phoenix-Assassins/ac4-docs	HTTP/public-ws-ubiservices.ubi.com/asyncapi.yaml	https://github.com/Phoenix-Assassins/ac4-docs/blob/5db849b7df9ca7a4f71c9059c02d045f99568169/HTTP/public-ws-ubiservices.ubi.com/asyncapi.yaml
anonymousc/ft_transcendance-42	backend/devops/data/friends-notifications.asyncapi.yaml	https://github.com/anonymousc/ft_transcendance-42/blob/ec8b588d0849d60adc8005ed313577723aa77110/backend/devops/data/friends-notifications.asyncapi.yaml
kubescape/synchronizer	api/asyncapi.yaml	https://github.com/kubescape/synchronizer/blob/fc7d21195d3c037c4278cd141cff04899165ea77/api/asyncapi.yaml
Unizar-30226-2026-11/Movil	ayuda/src/sockets/asyncapi.yaml	https://github.com/Unizar-30226-2026-11/Movil/blob/51c527c155243eacd60efdb6bcc2cb81f969c530/ayuda/src/sockets/asyncapi.yaml
zch4321/MarketDataPipeline	docs/asyncapi.yaml	https://github.com/zch4321/MarketDataPipeline/blob/21a6295bfbe7b598befd608403ca04d7f7dc4a85/docs/asyncapi.yaml
Ahmadjarad47/CRM.Medical	docs/realtime/asyncapi.yaml	https://github.com/Ahmadjarad47/CRM.Medical/blob/5fac09c535d31f1765c4a46c4564857a1970643a/docs/realtime/asyncapi.yaml
sepa79/PocketHive	docs/spec/asyncapi.yaml	https://github.com/sepa79/PocketHive/blob/b816d85345bd1b8b982bc2d9b0164d61d9d35e9d/docs/spec/asyncapi.yaml
uri157/trading-chart	TradingChartBackend/docs/api/asyncapi.yaml	https://github.com/uri157/trading-chart/blob/48ae6649aed810188e185de3d4215318a1830b6a/TradingChartBackend/docs/api/asyncapi.yaml
ChathurangaKCD/bus-tracking-mqtt-websocket-demo	backend/asyncapi.yaml	https://github.com/ChathurangaKCD/bus-tracking-mqtt-websocket-demo/blob/c2b3d65578b81413019d83af1447bcddfd6a4019/backend/asyncapi.yaml
gedeondt/reatilerworkflow-charla	specs/asyncapi.yaml	https://github.com/gedeondt/reatilerworkflow-charla/blob/cec50a76ed259699a8c135197a89f15871658fa8/specs/asyncapi.yaml
officialdavidtaylor/leftover-label-printer	contracts/asyncapi.yaml	https://github.com/officialdavidtaylor/leftover-label-printer/blob/738b8081db55e8ce25bd65a61831d6c46086fe6b/contracts/asyncapi.yaml
DEFRA/ffc-pay-batch-processor	docs/asyncapi.yaml	https://github.com/DEFRA/ffc-pay-batch-processor/blob/d531ea214391cea7e7f108b0b6f03b28d5aca863/docs/asyncapi.yaml
ChiragSethi-1153/ECommerce	Accounts-service/asyncapi.yaml	https://github.com/ChiragSethi-1153/ECommerce/blob/06d02f278e6a9cd31d48976e6d80f6e45b2e0847/Accounts-service/asyncapi.yaml
dnesting/sense	realtime/asyncapi.yaml	https://github.com/dnesting/sense/blob/51f4a75a244adb67315f44cd92ffbe6cab5ed044/realtime/asyncapi.yaml
qconn-io/api-guidelines	dev-context/async/04-asyncapi-example/asyncapi.yaml	https://github.com/qconn-io/api-guidelines/blob/5bfab5a9ef5fe219a064ed3934d3b33ef66cd88d/dev-context/async/04-asyncapi-example/asyncapi.yaml
Playproof-Umc/Playproof-Backend	asyncapi.yaml	https://github.com/Playproof-Umc/Playproof-Backend/blob/67d3747f813dca4aeddab3d00f4a4618504673ef/asyncapi.yaml
Unizar-30226-2026-11/Backend	src/sockets/asyncapi.yaml	https://github.com/Unizar-30226-2026-11/Backend/blob/efe8db901addd89db6ded6cf82aa53a523fae8d2/src/sockets/asyncapi.yaml
codex-k8s/kodex	deprecated/services/external/api-gateway/api/server/asyncapi.yaml	https://github.com/codex-k8s/kodex/blob/6ee7c5062210d06e893448e4196c62cf7739f17a/deprecated/services/external/api-gateway/api/server/asyncapi.yaml
jrcryer/evently-codegen	testdata/user-service.yaml	https://github.com/jrcryer/evently-codegen/blob/4dbb35b853cf81eb7779392ea023364c30f0ee8d/testdata/user-service.yaml
yelaco/ludofy	docs/api/websocket/asyncapi.yaml	https://github.com/yelaco/ludofy/blob/85df89d034339b575f663e2492023467162f3f40/docs/api/websocket/asyncapi.yaml
RenatAllakhyarov/chat-backend	src/asyncapi.yaml	https://github.com/RenatAllakhyarov/chat-backend/blob/9d1bafee53cdcf3898c15aa9429a98fb632c5770/src/asyncapi.yaml
om-nitrox/dating	docs/api/asyncapi.yaml	https://github.com/om-nitrox/dating/blob/73dd94e6ba426ffcd766f66155e31813c386cbe5/docs/api/asyncapi.yaml
o-ran-sc/smo-teiv	teiv/src/main/resources/v1/topology-exposure-inventory-kafka-asyncapi.yaml	https://github.com/o-ran-sc/smo-teiv/blob/8c4c7fa5d5ec280733c8b38b06e4b7796ab1b111/teiv/src/main/resources/v1/topology-exposure-inventory-kafka-asyncapi.yaml
iwaag/agcode-worker	app/asyncapi/realtime_chat.yaml	https://github.com/iwaag/agcode-worker/blob/169d476b706bf069ff6946de33053ef731d2d0be/app/asyncapi/realtime_chat.yaml
jeancharles-roger/BlackMagicRestControlUI	doc/Notification.yaml	https://github.com/jeancharles-roger/BlackMagicRestControlUI/blob/5b2ead91af419b5f855290e3ccbb43f2012d69ab/doc/Notification.yaml
Leonardo-Santos-oficial/jose-diego	docs/api/asyncapi/aviator.yaml	https://github.com/Leonardo-Santos-oficial/jose-diego/blob/ce1180ee04eec9acc2809ed58ed0030aeaf208d5/docs/api/asyncapi/aviator.yaml
frankbria/codeframe	specs/012-discovery-answer-ui/contracts/websocket.yaml	https://github.com/frankbria/codeframe/blob/38007da5f343c3c2c32a0d66d016778c63ababf0/specs/012-discovery-answer-ui/contracts/websocket.yaml
vdm-systems/swifty-server	docs/api/asyncapi.yaml	https://github.com/vdm-systems/swifty-server/blob/4d4f8038ab6c892c0dc86b12406c386035de3a07/docs/api/asyncapi.yaml
hbtrack/official	contracts/asyncapi/asyncapi.yaml	https://github.com/hbtrack/official/blob/abde11beebb2980d6e1965f8201f98040d5acdd1/contracts/asyncapi/asyncapi.yaml
cyberlytics/Conversphere	sys-doc/arc/comm-arc-ws.yaml	https://github.com/cyberlytics/Conversphere/blob/f46ee608f92739f9a9080941d0f469d0f527dd61/sys-doc/arc/comm-arc-ws.yaml
pandapan-cute/TriggerGameCompose	docs/03_詳細設計/API設計書/asyncapi.yaml	https://github.com/pandapan-cute/TriggerGameCompose/blob/f8e2edbdfe7b53117b844b128c30acbf71cf3a6b/docs/03_%E8%A9%B3%E7%B4%B0%E8%A8%AD%E8%A8%88/API%E8%A8%AD%E8%A8%88%E6%9B%B8/asyncapi.yaml
weidmueller/u-os-hub-api	variable-nats-asyncapi.yaml	https://github.com/weidmueller/u-os-hub-api/blob/fefbce7aa801b2f19a49201572f1199a4f6f67ea/variable-nats-asyncapi.yaml
dataGriff/Outbox.events	docs/asyncapi.yaml	https://github.com/dataGriff/Outbox.events/blob/6967ac42300c4dc5060670edc3ceb3ea1255baba/docs/asyncapi.yaml
lbaker2/nest-cqrs-example	asyncapi.yaml	https://github.com/lbaker2/nest-cqrs-example/blob/27d1e8a1d587816c192d5c4b285aab5491bd17e0/asyncapi.yaml
amaralc/explore	teams/kernel/taxonomic-units/docs/asyncapi.yaml	https://github.com/amaralc/explore/blob/deb43239b18d5866caffaa220aadfc0a6139b70b/teams/kernel/taxonomic-units/docs/asyncapi.yaml
gitjpk/snapquiz	specs/001-live-quiz-game/contracts/asyncapi.yaml	https://github.com/gitjpk/snapquiz/blob/ce93854aec32e296faa14c7cddb73b0e81c3fff6/specs/001-live-quiz-game/contracts/asyncapi.yaml
wallaceespindola/contract-first-integrations	contracts/events/asyncapi.yaml	https://github.com/wallaceespindola/contract-first-integrations/blob/0683f069cc60cd1d1d220f2601f4f332e9587cb6/contracts/events/asyncapi.yaml
sjarmak/CodeContextBench_Dashboard	benchmarks/locobench_agent/tasks/rust_blockchain_nft_expert_071_architectural_understanding_expert_01/environment/project/docs/api/events_asyncapi.yaml	https://github.com/sjarmak/CodeContextBench_Dashboard/blob/70fc1a3f892484bf0f05d83f09a74c76cff70735/benchmarks/locobench_agent/tasks/rust_blockchain_nft_expert_071_architectural_understanding_expert_01/environment/project/docs/api/events_asyncapi.yaml
XaaXaaX/aws-events-standardization	docs/streams/order/1.0.0/asyncapi.yaml	https://github.com/XaaXaaX/aws-events-standardization/blob/543e99a3517e8c8c664430b674aff005f48b0c6b/docs/streams/order/1.0.0/asyncapi.yaml
LeonardoVincent07/MissionSmith-Demo	contracts/connectivity-apis/asyncapi.yaml	https://github.com/LeonardoVincent07/MissionSmith-Demo/blob/8a20f14df87bcb6b89c266495b68cdcb743cba6e/contracts/connectivity-apis/asyncapi.yaml
KamilMarszalek/checkers-online	backend/src/main/resources/asyncapi.yaml	https://github.com/KamilMarszalek/checkers-online/blob/ed5757de21b33865f0f554b9fbcf30bb1243a8bd/backend/src/main/resources/asyncapi.yaml
karlosdaniel451/message-chat	docs/asyncapi.yaml	https://github.com/karlosdaniel451/message-chat/blob/001220ce130f69c59d9afab97f9113635d04a614/docs/asyncapi.yaml
Metsuk1/bybitParser	asyncapi.yaml	https://github.com/Metsuk1/bybitParser/blob/9abbc45adaab2c2c8aba1fea090dac35f9f78e5d/asyncapi.yaml
nastosinka/oops_trap	docs/api/asyncapi.yaml	https://github.com/nastosinka/oops_trap/blob/f454907b0d6d5eb5a2e98c9e2d7519075eb6a430/docs/api/asyncapi.yaml
NiaExperience/PearlOS	apps/chorus-tts/docs/asyncapi.yaml	https://github.com/NiaExperience/PearlOS/blob/5ac877d8ae5781d6a65a257948ad51b65f33727d/apps/chorus-tts/docs/asyncapi.yaml
Navvyaa/ChatBE	asyncapi.yaml	https://github.com/Navvyaa/ChatBE/blob/d0d0ecc012365e2d7e9ee7e3ac891db3211fb7c5/asyncapi.yaml
Central-University-IT-prod/2026-final-command-team-27-backend	docs/asyncapi.yaml	https://github.com/Central-University-IT-prod/2026-final-command-team-27-backend/blob/5d860170a8eb0b9daffdf4175ecd353578fcd9c6/docs/asyncapi.yaml
leopcaraballo/RLApp-V2	apps/backend/docs/api/asyncapi.yaml	https://github.com/leopcaraballo/RLApp-V2/blob/21bf629d25f37f22764296606d3ebaad5cbbda80/apps/backend/docs/api/asyncapi.yaml
junjun-1345/miro-example	server/src/asyncapi.yaml	https://github.com/junjun-1345/miro-example/blob/0986b4d23dbe2d2a9674e291622f784f85296419/server/src/asyncapi.yaml
arc-framework/arc-platform	services/voice/contracts/asyncapi.yaml	https://github.com/arc-framework/arc-platform/blob/a4f97ee9771e79fabb3d4680893e9ac0bc3b5150/services/voice/contracts/asyncapi.yaml
tianshi04/rent-a-girlfriend	services/profile-service/api/asyncapi/asyncapi.yaml	https://github.com/tianshi04/rent-a-girlfriend/blob/9166574a475bb8c4f7b0232a90c587f50a959ed9/services/profile-service/api/asyncapi/asyncapi.yaml
Kyzuma/CSD_Tariffic	notification-service/asyncapi.yaml	https://github.com/Kyzuma/CSD_Tariffic/blob/fb3dc7c24140bedba824785f9874c637329d2b28/notification-service/asyncapi.yaml
kaushik-rishi/poc-template-aim	asyncapi.yaml	https://github.com/kaushik-rishi/poc-template-aim/blob/ceb3000dcb73e6b09c73b90303b04394d76f5639/asyncapi.yaml
ArshdevSinghji/iffy-backend	modules/chat-management/asyncapi.yaml	https://github.com/ArshdevSinghji/iffy-backend/blob/5a512ea1c647f14a40da63c0f2e8aab5146de571/modules/chat-management/asyncapi.yaml
iuschnic/simple-messenger	docs/async_api_spec.yaml	https://github.com/iuschnic/simple-messenger/blob/711f6eb4c27e06e559a27675ba96657b82eeefde/docs/async_api_spec.yaml
Vrock691/Whist-algebrique	server/internal/api/asyncapi.yaml	https://github.com/Vrock691/Whist-algebrique/blob/e2a5757289d053db6ae1bc5d841ecfc29351d0b4/server/internal/api/asyncapi.yaml
dsbaars/btclock-ws-nostr-publish	docs/asyncapi.yaml	https://github.com/dsbaars/btclock-ws-nostr-publish/blob/ed46958e0f4c9848bf4f0537e9e2527687496804/docs/asyncapi.yaml
UNIZAR-30226-2025-05/adrenalux-backend	asyncapi.yaml	https://github.com/UNIZAR-30226-2025-05/adrenalux-backend/blob/2b74913788d869eeb2a03c5994329e466ccab24b/asyncapi.yaml
nikolay-e/diffctx	tests/cases/diff/cicd_and_docs_060_asyncapi_channels.yaml	https://github.com/nikolay-e/diffctx/blob/79c07ddf0a31b0bc327a4c2b215f01cf9c18c64d/tests/cases/diff/cicd_and_docs_060_asyncapi_channels.yaml
entente-dev/entente	packages/fixtures/test/specs/castles-asyncapi.yaml	https://github.com/entente-dev/entente/blob/9e6bdcb540eb41d9e11ef7bd8aa28f0f38488461/packages/fixtures/test/specs/castles-asyncapi.yaml
chess-vn/slchess	docs/api/websocket/asyncapi.yaml	https://github.com/chess-vn/slchess/blob/7d9cbb7b65b69a7a012c23034b0f014a7be759b9/docs/api/websocket/asyncapi.yaml
pproenca/agent-tui	docs/api/asyncapi.yaml	https://github.com/pproenca/agent-tui/blob/a6d490fda60de936f5a5366a9c6b83d933e38972/docs/api/asyncapi.yaml
d34dman/notification-server	asyncapi.yaml	https://github.com/d34dman/notification-server/blob/c40241243b7d06c74c0d9977d90fe7e347ec16e6/asyncapi.yaml
RoutineCloud/RoutineCloudServer	backend/openapi_doc/specs/asyncapi.socketio.device.yaml	https://github.com/RoutineCloud/RoutineCloudServer/blob/5e65291b865db75b15cf13629351c68a7d17ddb6/backend/openapi_doc/specs/asyncapi.socketio.device.yaml
naomesh/naomesh-onion-orchestrator	docs/orion-ochestrator-async-api.yaml	https://github.com/naomesh/naomesh-onion-orchestrator/blob/b83147310ff2c18dbcefa4d4dbf0901fca84221f/docs/orion-ochestrator-async-api.yaml
DEFRA/ffc-pay-processing	docs/asyncapi.yaml	https://github.com/DEFRA/ffc-pay-processing/blob/c50aa19483842e050c90e15ff3f7ecd65895835a/docs/asyncapi.yaml
ArturVyklynets/HireMe	notification-service.asyncapi.yaml	https://github.com/ArturVyklynets/HireMe/blob/dd8d5f0f318d1921133959ee3418daaa4623a3c6/notification-service.asyncapi.yaml
zettai-seigi/helix-docs	docs/generated/asyncapi-merged.yaml	https://github.com/zettai-seigi/helix-docs/blob/3da10369b60b06911661e32bb625e2e1e26e4fd4/docs/generated/asyncapi-merged.yaml
sqwoz-hrov/sqwoz-payment-system	asyncapi/asyncapi.yaml	https://github.com/sqwoz-hrov/sqwoz-payment-system/blob/a1fd8e917c1ebc93e555274b7bc3a77971df26d2/asyncapi/asyncapi.yaml
CodeBeast357/webosapi-asyncapi	webosapi-asyncapi-v2.yaml	https://github.com/CodeBeast357/webosapi-asyncapi/blob/994ef6dd1c0da3a9abfd8f6965dc6f314a17b5fe/webosapi-asyncapi-v2.yaml
DiamondLightSource/blueapi	docs/reference/asyncapi.yaml	https://github.com/DiamondLightSource/blueapi/blob/7d8ff5708aefd357d28285249cadefeb4796ed27/docs/reference/asyncapi.yaml
naomesh/naomesh-web-api	onion-front-api-ampq-v0.0.1.yaml	https://github.com/naomesh/naomesh-web-api/blob/efdf73177c9d7403d8dfd0a4e741b709a2762342/onion-front-api-ampq-v0.0.1.yaml
MarcoChavezB/Lockity_DOC_MQTT	asyncapi.yaml	https://github.com/MarcoChavezB/Lockity_DOC_MQTT/blob/9b07b768e6ad766899c5e1e6382a2715f564dc88/asyncapi.yaml
phalanxduel/phalanxduel	docs/api/asyncapi.yaml	https://github.com/phalanxduel/phalanxduel/blob/644947f671308c8bf4355dd34a3580fad08d2298/docs/api/asyncapi.yaml
David-Sousa-Web/joystick-server	asyncapi.yaml	https://github.com/David-Sousa-Web/joystick-server/blob/c233dcea05254c4998720320e158c098d51818aa/asyncapi.yaml
Er-kidus/Mafia-Deception-and-Survival	backend/asyncapi.yaml	https://github.com/Er-kidus/Mafia-Deception-and-Survival/blob/44c6744e54da18ff116bf434db80ce66e51d6714/backend/asyncapi.yaml
L4VA-Technologies-Inc/scanner	asyncapi.yaml	https://github.com/L4VA-Technologies-Inc/scanner/blob/c46c7fbf3a56dc0f1982edd600972fe649b21443/asyncapi.yaml
mattlat21/homeassistant	P4 Touch Panels/panel_firmware/docs/asyncapi.yaml	https://github.com/mattlat21/homeassistant/blob/ec90de6f4b715d759a9e5723169de73bdff3c4ed/P4%20Touch%20Panels/panel_firmware/docs/asyncapi.yaml
nesaa-a/SPDD-EventSystem	docs/asyncapi.yaml	https://github.com/nesaa-a/SPDD-EventSystem/blob/cfefea24d9bb37eb5ab551e2a47e65b01dea19fc/docs/asyncapi.yaml
stan-dot/blue-mono-blue	packages/blueapi-main/docs/reference/asyncapi.yaml	https://github.com/stan-dot/blue-mono-blue/blob/1d6fcfca6380e8f45a8c4cc550ae1702e0e3b194/packages/blueapi-main/docs/reference/asyncapi.yaml
L4VA-Technologies-Inc/scanner-webui	asyncapi.yaml	https://github.com/L4VA-Technologies-Inc/scanner-webui/blob/cb637f55531203afb378742a3cf9489537664e9a/asyncapi.yaml
cryostatio/cryostat	schema/notifications.yaml	https://github.com/cryostatio/cryostat/blob/aeb5e9151df2a0fe9d44becdbb785e4d2685356a/schema/notifications.yaml
BaukovGK/esp32s3_main_controller	doc/api/asyncapi.yaml	https://github.com/BaukovGK/esp32s3_main_controller/blob/b7346566eca3ff5b22cd9289d7d3defc200cbe60/doc/api/asyncapi.yaml
NoTIPswe/notip-data-consumer	api-contracts/asyncapi/nats-contracts.yaml	https://github.com/NoTIPswe/notip-data-consumer/blob/1bfd21d50cea3bbc3e2763845f16c4ba6c81efc5/api-contracts/asyncapi/nats-contracts.yaml
kranthikarthan/PE	event-schemas/asyncapi-master.yaml	https://github.com/kranthikarthan/PE/blob/e7c09570be58b4b51d9505ceaae04b3ad675792b/event-schemas/asyncapi-master.yaml
hazamashoken/ft_trancendence	backend/src/gateWay/specification.yaml	https://github.com/hazamashoken/ft_trancendence/blob/8dbadeb664382c8cbc1cfc60e1674517d8a5a2f1/backend/src/gateWay/specification.yaml
gregoriocarranza/APPS-II-Core-Backend	.docs/async-documentation.yaml	https://github.com/gregoriocarranza/APPS-II-Core-Backend/blob/5c4cfeddb4bf83da99566f0bc5cd8e0d732e5046/.docs/async-documentation.yaml
TemplateMechanics/tilt	backstage/app/service-docs/catalog.yaml	https://github.com/TemplateMechanics/tilt/blob/4a81281da6b57d46f5e73c9859d7a0f222739441/backstage/app/service-docs/catalog.yaml
elevenlabs/packages	packages/types/schemas/agent.asyncapi.yaml	https://github.com/elevenlabs/packages/blob/b908b28a6096904bd79beff4528adbe42cee8831/packages/types/schemas/agent.asyncapi.yaml
MCI-MS-WS2025-Advanced-Project/crazy-labyrinth-gameserver	docs/messaging-spec.yaml	https://github.com/MCI-MS-WS2025-Advanced-Project/crazy-labyrinth-gameserver/blob/25df615c26129357dd8f7f176b673dc1a2368eab/docs/messaging-spec.yaml
joass1/ESD-Ticket-booking	docs/asyncapi.yaml	https://github.com/joass1/ESD-Ticket-booking/blob/3171d294e5faca3d1e39efde9e83c55d0e9d2d0a/docs/asyncapi.yaml
Bikxs/Skafu	design/contracts/events/project-management-events.yaml	https://github.com/Bikxs/Skafu/blob/f93f03d189e63844b529140ee728afde33ab3310/design/contracts/events/project-management-events.yaml
fluximus-prime/fluximus-prime.github.io	docs/private/asyncapi.yaml	https://github.com/fluximus-prime/fluximus-prime.github.io/blob/98b0e4de125c11cc4ec681ffb8f54f18786fa2c3/docs/private/asyncapi.yaml
konoec/itaxcix-api	public/asyncapi.yaml	https://github.com/konoec/itaxcix-api/blob/bc20f5fb735ffe02b021792b5eb95ba1ea2baf34/public/asyncapi.yaml
NoTIPswe/notip-provisioning-service	api-contracts/asyncapi/nats-contracts.yaml	https://github.com/NoTIPswe/notip-provisioning-service/blob/620d22f693fb8135d55f4c83ecbc9f81c1775bec/api-contracts/asyncapi/nats-contracts.yaml
d1m1tur/PGJ-2026	asyncapi.yaml	https://github.com/d1m1tur/PGJ-2026/blob/60e7d9f3c414d25cec6cf2bd9ecb5f193237a7e0/asyncapi.yaml
danilfg/bank-test-platform	docs/asyncapi.yaml	https://github.com/danilfg/bank-test-platform/blob/41b02abc50a410b2555e28b9370ee4eae620a3d1/docs/asyncapi.yaml
VersaceXcodes/build-an-online-web-application	backend/asyncapi.yaml	https://github.com/VersaceXcodes/build-an-online-web-application/blob/a7b7b134904c4e0ac312672e58f3b226310ca262/backend/asyncapi.yaml
manassehkafoh/nexustreasury	docs/api/asyncapi.yaml	https://github.com/manassehkafoh/nexustreasury/blob/dee0d1161e8eeeaa56ae0b1e9c182925abfa1e71/docs/api/asyncapi.yaml
rizrmd/zlay	docs/api/asyncapi.yaml	https://github.com/rizrmd/zlay/blob/7d812489e641daa2a5007e9133bcc74c3520d13a/docs/api/asyncapi.yaml
icegreg/chat-smpl	docs/asyncapi.yaml	https://github.com/icegreg/chat-smpl/blob/69f6062bb8bf8851b14b4223aa9d147eb93f4d8b/docs/asyncapi.yaml
funny-bunny-corp/payment-service	src/main/resources/asyncapi/asyncapi.yaml	https://github.com/funny-bunny-corp/payment-service/blob/6dfae016f85361b1b96b40f4803dd5c2ebe00688/src/main/resources/asyncapi/asyncapi.yaml
twimprine/GitWorkflow	templates/contracts/asyncapi-template.yaml	https://github.com/twimprine/GitWorkflow/blob/84c93020ef6194348ad404f1c68bbd96b84f5f99/templates/contracts/asyncapi-template.yaml
kdcube/kdcube-ai-app	app/ai-app/src/kdcube-ai-app/kdcube_ai_app/apps/chat/ingress/socketio.asyncapi.yaml	https://github.com/kdcube/kdcube-ai-app/blob/ed16833a806e15d4b41a2b97b5ddab672c245833/app/ai-app/src/kdcube-ai-app/kdcube_ai_app/apps/chat/ingress/socketio.asyncapi.yaml
h-p-b/claude-freetime	data/domain/events/asyncapi.yaml	https://github.com/h-p-b/claude-freetime/blob/57a3cbc1d0a9ebf7dfbeb6be497053c56fdc4e73/data/domain/events/asyncapi.yaml
tassosgomes/GestAuto	services/commercial/docs/asyncapi.yaml	https://github.com/tassosgomes/GestAuto/blob/37504d099bd5dbf70d5cbd37af6ec619c3b4d206/services/commercial/docs/asyncapi.yaml
sunnyhealthai/docs	fern/sh-websocket-backend.asyncapi.yaml	https://github.com/sunnyhealthai/docs/blob/db6753ecbe6e9e8b21e0ee2008f9d16f7dbed478/fern/sh-websocket-backend.asyncapi.yaml
alexeadem/qbo-asyncapi	asyncapi.yaml	https://github.com/alexeadem/qbo-asyncapi/blob/92aa1c65e30708ab5c335dd04951133fb882a0eb/asyncapi.yaml
Ishou/wordsparrow	game/api/asyncapi.yaml	https://github.com/Ishou/wordsparrow/blob/f1a4b4baf11227a23f95fb72aefb0fc15a4b2e67/game/api/asyncapi.yaml
t3hw00t/ARW	spec/asyncapi.yaml	https://github.com/t3hw00t/ARW/blob/c773a1c1d07fd25d66a9cc598c059d5a31887a5c/spec/asyncapi.yaml
Contio-AI/partner-sdk	specs/asyncapi/webhooks.yaml	https://github.com/Contio-AI/partner-sdk/blob/26e7a6eb6652d4358e3ec3bdc148d04731b69def/specs/asyncapi/webhooks.yaml
kyleczhang/cits5506-iot-parkreserve-group29	doc/backend/asyncapi.yaml	https://github.com/kyleczhang/cits5506-iot-parkreserve-group29/blob/dab4bed7f6362a2be895383e6b2afd90bc428487/doc/backend/asyncapi.yaml
VersaceXcodes/make-a-task-management-appdesfwqe3e-0jjxse	backend/asyncapi.yaml	https://github.com/VersaceXcodes/make-a-task-management-appdesfwqe3e-0jjxse/blob/824b8585ad0f49d1646de0f051b513918a3faa89/backend/asyncapi.yaml
klurvio/sukko	docs/api/asyncapi.yaml	https://github.com/klurvio/sukko/blob/d610184bbbccd0d3ea89bb84fed75027646bc5e8/docs/api/asyncapi.yaml
dataGriff/dog.rescue.api	asyncapi.yaml	https://github.com/dataGriff/dog.rescue.api/blob/29cfa0f43b641caed3ffd77a535f85f3258b55a1/asyncapi.yaml
hmecruz/chat-service	asyncapi.yaml	https://github.com/hmecruz/chat-service/blob/b83f07c4a57fbae35bad1fb6770dc4a1aff4fac3/asyncapi.yaml
agarkoff/Bonds	investAPI/src/docs/ws/asyncapi.yaml	https://github.com/agarkoff/Bonds/blob/249ad0d0d6d00470d77ad0e549997e4cc349f6a4/investAPI/src/docs/ws/asyncapi.yaml
ArabotHXL/BTC_project	crm-saas-node/docs/asyncapi.yaml	https://github.com/ArabotHXL/BTC_project/blob/b5acb87efdcfa4ed6021f071cd4a2b7677e7eb97/crm-saas-node/docs/asyncapi.yaml
NoTIPswe/notip-infra	api-contracts/asyncapi/nats-contracts.yaml	https://github.com/NoTIPswe/notip-infra/blob/a1ee5984aa16c636c3c9ac9d5b62956f8557b683/api-contracts/asyncapi/nats-contracts.yaml
rahul-10-byte/multi-video-conferencing-app	contracts/asyncapi.yaml	https://github.com/rahul-10-byte/multi-video-conferencing-app/blob/9be441a7a803df9aea82b6aae85f956667e78a44/contracts/asyncapi.yaml
ThomasWimprine/LangChangeWorkflows	templates/contracts/asyncapi-template.yaml	https://github.com/ThomasWimprine/LangChangeWorkflows/blob/dbddd9aefd5320bc2a10ca6d0a45d9e73415b9d7/templates/contracts/asyncapi-template.yaml
NoTIPswe/notip-management-api	api-contracts/asyncapi/nats-contracts.yaml	https://github.com/NoTIPswe/notip-management-api/blob/d66dfcd210fb753b061cd7023dd71c8ef793f82d/api-contracts/asyncapi/nats-contracts.yaml
Analytics4Change/A4C-AppSuite	infrastructure/supabase/contracts/organization-bootstrap-events.yaml	https://github.com/Analytics4Change/A4C-AppSuite/blob/a470d45194675c14d67d0b45e455124e6238ec25/infrastructure/supabase/contracts/organization-bootstrap-events.yaml
imorrish/blackmagic_camera_control	docs/rest-api-specs/Notification.yaml	https://github.com/imorrish/blackmagic_camera_control/blob/a0e215fd4db75d13bb2e410c8cc273abdcb290ea/docs/rest-api-specs/Notification.yaml
jrevillard/edulift	backend/docs/asyncapi/asyncapi.yaml	https://github.com/jrevillard/edulift/blob/c67317954222899b08660f63b8a037aed044e812/backend/docs/asyncapi/asyncapi.yaml
rvasqz86/manufacturing-mes-streaming-aggregate	docs/asyncapi/kstream-alarm.asyncapi.yaml	https://github.com/rvasqz86/manufacturing-mes-streaming-aggregate/blob/7262a42028b50d1f97072da73ffc5ef8ffcc83bd/docs/asyncapi/kstream-alarm.asyncapi.yaml
arnold-keyvalue/slack-bot-test	modules/core/src/main/resources/asyncapi.yaml	https://github.com/arnold-keyvalue/slack-bot-test/blob/3398dcbd466279bbbd502d36b42a89aaae0750e2/modules/core/src/main/resources/asyncapi.yaml
cibanezb95STG/quoteAssessmentCIB	asyncapi.yaml	https://github.com/cibanezb95STG/quoteAssessmentCIB/blob/8eeb70254a03615a13059652df672e53301201bd/asyncapi.yaml
NoTIPswe/notip-data-api	api-contracts/asyncapi/nats-contracts.yaml	https://github.com/NoTIPswe/notip-data-api/blob/0470ea857e8f5f79fe604cbab93951fa57755d19/api-contracts/asyncapi/nats-contracts.yaml
NoTIPswe/notip-simulator-backend	api-contracts/asyncapi/nats-contracts.yaml	https://github.com/NoTIPswe/notip-simulator-backend/blob/a5a92f78cdc28daf1ec2c71f87c99c1a67c5a452/api-contracts/asyncapi/nats-contracts.yaml
latp9/Test-QA	Аналитика/Исследовательское агенство/research_agency_asyncapi.yaml	https://github.com/latp9/Test-QA/blob/ddf1fb9c55bdfe15a752d0b33dc9a3667288f067/%D0%90%D0%BD%D0%B0%D0%BB%D0%B8%D1%82%D0%B8%D0%BA%D0%B0/%D0%98%D1%81%D1%81%D0%BB%D0%B5%D0%B4%D0%BE%D0%B2%D0%B0%D1%82%D0%B5%D0%BB%D1%8C%D1%81%D0%BA%D0%BE%D0%B5%20%D0%B0%D0%B3%D0%B5%D0%BD%D1%81%D1%82%D0%B2%D0%BE/research_agency_asyncapi.yaml
imaksb/quizy	docs/asyncapi.yaml	https://github.com/imaksb/quizy/blob/b614365494151b49d66131cdaf4dde2f025855f6/docs/asyncapi.yaml
dataGriff/dog-walking	docs/specifications/contracts/asyncapi.yaml	https://github.com/dataGriff/dog-walking/blob/55b4b64d49b53f90ab3638b5e34c1e95a22add18/docs/specifications/contracts/asyncapi.yaml
VersaceXcodes/urgent-same-day-delivery-shalj7	backend/asyncapi.yaml	https://github.com/VersaceXcodes/urgent-same-day-delivery-shalj7/blob/e6f9559268940cab948a215ab1471a6310e69bbb/backend/asyncapi.yaml
climateandtech/report-analyst	report_analyst_search_backend/schemas/service-discovery/asyncapi.yaml	https://github.com/climateandtech/report-analyst/blob/e739f6a3a37a454d1c5e4dd8edec497976994c0e/report_analyst_search_backend/schemas/service-discovery/asyncapi.yaml
LingshijunRenzy/ICS-guard-next	docs/kafka-asyncapi.yaml	https://github.com/LingshijunRenzy/ICS-guard-next/blob/470f37842648cb3afb880c6c8f522a7e06fddc11/docs/kafka-asyncapi.yaml
GotchaAI/was	gotcha-socket/asyncapi.yaml	https://github.com/GotchaAI/was/blob/498a83c98ffc48b4171367ac002f017d2521f044/gotcha-socket/asyncapi.yaml
kwyn/go-axofuego	docs/websocket-api.yaml	https://github.com/kwyn/go-axofuego/blob/a6b6f6e28755574f2e0163787d53d33d1297640d/docs/websocket-api.yaml
elevenlabs/elevenlabs-swift-sdk	Sources/ElevenLabs/Internal/Protocol/schemas/agent.asyncapi.yaml	https://github.com/elevenlabs/elevenlabs-swift-sdk/blob/2100969572d8cec5e0467f09a868b0d5c626f749/Sources/ElevenLabs/Internal/Protocol/schemas/agent.asyncapi.yaml
viruskizz/42bangkok_ft-transcendence	backend/src/gateWay/specification.yaml	https://github.com/viruskizz/42bangkok_ft-transcendence/blob/8dbadeb664382c8cbc1cfc60e1674517d8a5a2f1/backend/src/gateWay/specification.yaml
conversales/convai-widget-embed	packages/types/schemas/agent.asyncapi.yaml	https://github.com/conversales/convai-widget-embed/blob/5c1eb80ce26ba259888b7254899b2841e937776c/packages/types/schemas/agent.asyncapi.yaml
VersaceXcodes/make-a-task-management-appdesfwqe3e-fru29g	backend/asyncapi.yaml	https://github.com/VersaceXcodes/make-a-task-management-appdesfwqe3e-fru29g/blob/53d987a277f27352198994d9b0f09daae3e8be37/backend/asyncapi.yaml
VersaceXcodes/make-a-task-management-appdesfwqe3e-jzaah4	backend/asyncapi.yaml	https://github.com/VersaceXcodes/make-a-task-management-appdesfwqe3e-jzaah4/blob/0a819a42a693cbc00efc787aaffcaabec03a991c/backend/asyncapi.yaml
VersaceXcodes/make-a-task-management-appdesfwqe3e-zpl292	backend/asyncapi.yaml	https://github.com/VersaceXcodes/make-a-task-management-appdesfwqe3e-zpl292/blob/848d7c705fc9d7d118c8ac4e05f57c38ee9746ea/backend/asyncapi.yaml
VersaceXcodes/make-a-task-management-appdesfwqe3e-fzt0ds	backend/asyncapi.yaml	https://github.com/VersaceXcodes/make-a-task-management-appdesfwqe3e-fzt0ds/blob/f38afdf93fd293172e928d687d047bc9df8c9b17/backend/asyncapi.yaml
VersaceXcodes/make-a-task-management-appdesfwqe3e-kq2zyh	backend/asyncapi.yaml	https://github.com/VersaceXcodes/make-a-task-management-appdesfwqe3e-kq2zyh/blob/9c15cc8ba3c720f77e82076030542b5a9c71a57e/backend/asyncapi.yaml
bitfocus/companion-module-bmd-cameras	research/Blackmagic URSA Cine 12K LF/control/Notification.yaml	https://github.com/bitfocus/companion-module-bmd-cameras/blob/cbcacc3b13995c97fbcc2bea9c03d239577e9ab1/research/Blackmagic%20URSA%20Cine%2012K%20LF/control/Notification.yaml
tradeparadex/paradex-docs	fern/apis/prod_ws/asyncapi-2.6.0.yaml	https://github.com/tradeparadex/paradex-docs/blob/e60a8d9773cd037b574952c3380c9171dbbcaebe/fern/apis/prod_ws/asyncapi-2.6.0.yaml
C7-Digital/c7_ledger	ledger/specs/asyncapi_3.4.7.yaml	https://github.com/C7-Digital/c7_ledger/blob/2ff4257756d0e30a66928a66cfa66317cd4e8eb4/ledger/specs/asyncapi_3.4.7.yaml
trakx/canton-api-client	src/Trakx.Canton.ApiClient/OpenApiSpecs/ledger-async.yaml	https://github.com/trakx/canton-api-client/blob/498c6c5d3bca708abf75b0dbaa6ec9a579c6540b/src/Trakx.Canton.ApiClient/OpenApiSpecs/ledger-async.yaml
metaseller/tinkoff-invest-api-v2-php	library/src/docs/ws/asyncapi.yaml	https://github.com/metaseller/tinkoff-invest-api-v2-php/blob/2c3133bd5dbf637ebb826ea41e9f35731d0b376a/library/src/docs/ws/asyncapi.yaml
pingxin403/platform-console	app-config.yaml	https://github.com/pingxin403/platform-console/blob/19052f274a84da1f5500f910291aa2e048bd4003/app-config.yaml
Flissel/requirements-engineer	enterprise_output/whatsapp-messaging-service_20260211_025459/api/asyncapi_spec.yaml	https://github.com/Flissel/requirements-engineer/blob/8e007b4b9ecc45d19676b199ae8c3cae3894087e/enterprise_output/whatsapp-messaging-service_20260211_025459/api/asyncapi_spec.yaml
mariabrykulskaa/robond	t-invest-api-rust/invest-contracts/src/docs/ws/asyncapi.yaml	https://github.com/mariabrykulskaa/robond/blob/a7cabbd59bea81fa23bf74fbe068b9e6191ef19a/t-invest-api-rust/invest-contracts/src/docs/ws/asyncapi.yaml
canton-network/wallet	api-specs/ledger-api/3.5.1/asyncapi.yaml	https://github.com/canton-network/wallet/blob/4fbec0506a4ce47a78bf97c80b65558118646ab6/api-specs/ledger-api/3.5.1/asyncapi.yaml
Kong/developer.konghq.com	api-specs/konnect/api-builder/v3/openapi.yaml	https://github.com/Kong/developer.konghq.com/blob/84c87e52d9ff5bb52e8ed7f873974190ffb1407d/api-specs/konnect/api-builder/v3/openapi.yaml
benvdbergh/M_Suite	interfaces/host/openapi_1.2.3.yaml	https://github.com/benvdbergh/M_Suite/blob/b5dc10f08d9074bd32235fb3eefdf5ea27f1f627/interfaces/host/openapi_1.2.3.yaml
panovps/t-invest-api	investAPI-main/src/docs/ws/asyncapi.yaml	https://github.com/panovps/t-invest-api/blob/d28136de69761b27c39f7e9deaa1a17c0ddec6fe/investAPI-main/src/docs/ws/asyncapi.yaml
vitalets/tinkoff-invest-api	investAPI-main/src/docs/ws/asyncapi.yaml	https://github.com/vitalets/tinkoff-invest-api/blob/3aaf6ef1df84c0dc4f7488ac9ea2a159a530409a/investAPI-main/src/docs/ws/asyncapi.yaml
digital-asset/canton	community/ledger/ledger-json-api/src/test/resources/json-api-docs/asyncapi.yaml	https://github.com/digital-asset/canton/blob/8d252e6592354ac244eb65c850c4ef2a9a9b63c2/community/ledger/ledger-json-api/src/test/resources/json-api-docs/asyncapi.yaml
gerasimov-d/flow-ops	invest-csharp/investAPI/src/docs/ws/asyncapi.yaml	https://github.com/gerasimov-d/flow-ops/blob/362fda17ec80639e65b6160c2f5aaa98da5dff78/invest-csharp/investAPI/src/docs/ws/asyncapi.yaml
Flissel/Coding_engine	Data/all_services/whatsapp-messaging-service_20260211_025459/api/asyncapi_spec.yaml	https://github.com/Flissel/Coding_engine/blob/ad67a07bf26043485262beaabf12c7d7a9b2a6c5/Data/all_services/whatsapp-messaging-service_20260211_025459/api/asyncapi_spec.yaml
Flissel/DaveFelix-Coding-Engine	Data/all_services/whatsapp-messaging-service_20260211_025459/api/asyncapi_spec.yaml	https://github.com/Flissel/DaveFelix-Coding-Engine/blob/c1df852bb43bfc059c0263474731b32870a8c76e/Data/all_services/whatsapp-messaging-service_20260211_025459/api/asyncapi_spec.yaml
robond-fintech/robond	t-invest-api-rust/invest-contracts/src/docs/ws/asyncapi.yaml	https://github.com/robond-fintech/robond/blob/8665a31cb49671b3ac8460e9e6064fe40df098a7/t-invest-api-rust/invest-contracts/src/docs/ws/asyncapi.yaml
MakShuk/t-invest-grpc-sdk	investAPI-main/src/docs/ws/asyncapi.yaml	https://github.com/MakShuk/t-invest-grpc-sdk/blob/bc0759a06c7568782d2094404de8aafbc1a67683/investAPI-main/src/docs/ws/asyncapi.yaml
canton-network/cf-docs	tests/fixtures/characterization/asyncapi/input/cache/3.4.11/asyncapi.yaml	https://github.com/canton-network/cf-docs/blob/46fb653bc52e8f19f24b5d8b9b2fb3f431fecb8d/tests/fixtures/characterization/asyncapi/input/cache/3.4.11/asyncapi.yaml
canton-network/splice	canton/community/ledger/ledger-json-api/src/test/resources/json-api-docs/asyncapi.yaml	https://github.com/canton-network/splice/blob/6c8822693d2f10e05333ebc53af3741ab3069eb7/canton/community/ledger/ledger-json-api/src/test/resources/json-api-docs/asyncapi.yaml
