wso2/product-microgateway	samples/apiProjects/SampleWebsocketApi/Definitions/asyncapi.yaml	https://github.com/wso2/product-microgateway/blob/7f01aaeae542c8f659a81b6bb506688c1651c806/samples/apiProjects/SampleWebsocketApi/Definitions/asyncapi.yaml
lornajane/streamdeck-tricks	api/lights.yaml	https://github.com/lornajane/streamdeck-tricks/blob/a5bc414ebac3ffa192c0f51701f8fead296d7a67/api/lights.yaml
lerenn/asyncapi-codegen	examples/helloworld/v2/asyncapi.yaml	https://github.com/lerenn/asyncapi-codegen/blob/2974485068d999cadbd12d8cd286e5dde4436050/examples/helloworld/v2/asyncapi.yaml
znsio/scheduler-demo	async-api.yaml	https://github.com/znsio/scheduler-demo/blob/3728f8362bc4509cb77e9583dae3248290061996/async-api.yaml
SmartSleepIoT/SmartSleepCoding	swagger/asyncapiOptimalWakeUp.yaml	https://github.com/SmartSleepIoT/SmartSleepCoding/blob/21c19489f0c477cbfbabd3a1d232f526f84a9e49/swagger/asyncapiOptimalWakeUp.yaml
ninkovski/bootcamp-back-util-api-contracts	contracts/async/async-transaction-writer.yaml	https://github.com/ninkovski/bootcamp-back-util-api-contracts/blob/276e0c41b5d248dad94541cbd20d76487b5d90d0/contracts/async/async-transaction-writer.yaml
BidnessForB/postman-sdk	fixtures/specs/asyncapi-2.0.yaml	https://github.com/BidnessForB/postman-sdk/blob/6fd9a0beb3de2bc4646fe10379a7a36e71f23daa/fixtures/specs/asyncapi-2.0.yaml
qmg-vgalcenco/asyncapi-validator	api.yaml	https://github.com/qmg-vgalcenco/asyncapi-validator/blob/5996de53279fb4cf80bd07bfa114194034136bdd/api.yaml
edulucca/worker-notificacoes	catalog-info.yaml	https://github.com/edulucca/worker-notificacoes/blob/6cef07f17c8e63d71c01c5732b35d4425f568215/catalog-info.yaml
noodlensk/task-tracker	api/asyncapi/tasks-cud/tasks-cud.yaml	https://github.com/noodlensk/task-tracker/blob/889b855337f6145f5572ca9cc3e55b6c1ac880e5/api/asyncapi/tasks-cud/tasks-cud.yaml
nicolasard/async-api-stuff	example-1/definition.yaml	https://github.com/nicolasard/async-api-stuff/blob/75fc60c3005b9f6b593242f2dd474a30cf705286/example-1/definition.yaml
fsedano/openapiexamples	def.yaml	https://github.com/fsedano/openapiexamples/blob/7345011d43dbc2ad4a9c7f53acfecc87571dc106/def.yaml
dutradda/asyncapi-python	docs/src/gcloud_pubsub/api-spec.yaml	https://github.com/dutradda/asyncapi-python/blob/b9d3a9656e0da8230cffd462441e01b0fef19c93/docs/src/gcloud_pubsub/api-spec.yaml
springwolf/springwolf-app	examples/amqp/files/example-consumer.yaml	https://github.com/springwolf/springwolf-app/blob/544b1a1a89964726b94ad70e888efbcc057ecab7/examples/amqp/files/example-consumer.yaml
Mesteriis/fullstack-template	specs/asyncapi/platform-events.asyncapi.yaml	https://github.com/Mesteriis/fullstack-template/blob/b64b011a5b79eeaccb8a7e40b51637c7fe2d6016/specs/asyncapi/platform-events.asyncapi.yaml
hkirat/asyncapi-fork	assets/create-glee-app/templates/default/asyncapi.yaml	https://github.com/hkirat/asyncapi-fork/blob/1db6dd2fde049841516488353c519ef44eea3d51/assets/create-glee-app/templates/default/asyncapi.yaml
Kong/spec-renderer	sandbox/public/specs/openapi-scema-in-async.yaml	https://github.com/Kong/spec-renderer/blob/41fbabedb5a7e2afe5a26955cb65e9423b289155/sandbox/public/specs/openapi-scema-in-async.yaml
axvg/store-microservices	asyncapi/events-v1.yaml	https://github.com/axvg/store-microservices/blob/e65b180ce2b94cab783f0573e5605028051db571/asyncapi/events-v1.yaml
nsivanoly/bank-demo	platform/wso2-am/am-data/EventStream/Definitions/asyncapi.yaml	https://github.com/nsivanoly/bank-demo/blob/bd1b95559e4d0ab1b7f96945db47c8d828e7365e/platform/wso2-am/am-data/EventStream/Definitions/asyncapi.yaml
jpxcz/websocket_template_nodejs	documentation/asyncapi.yaml	https://github.com/jpxcz/websocket_template_nodejs/blob/3fa1b49a5a836e05ae97c20b4ca48f9f68dd9368/documentation/asyncapi.yaml
jabrena/codespaces-asyncapi-template	hello-world-asyncapi.yaml	https://github.com/jabrena/codespaces-asyncapi-template/blob/b7d5a91096fa6311c4d26b843eeb6124f5091ed2/hello-world-asyncapi.yaml
robev2252060/2247107_MAP	booklets/asyncapi/ms-automation.asyncapi.yaml	https://github.com/robev2252060/2247107_MAP/blob/aff496c6ab5869d41f1337151a43960e9322d9c0/booklets/asyncapi/ms-automation.asyncapi.yaml
eharishgit/hello-world	my-events-api.yaml	https://github.com/eharishgit/hello-world/blob/59ff9387d0301d151da8f23ef8124998774ededf/my-events-api.yaml
jbrannst/async	spec/async-error.yaml	https://github.com/jbrannst/async/blob/b5aa7deaf5109d26950aabb9a3973572593e9d77/spec/async-error.yaml
fmvilas/asyncapi-websockets-example	asyncapi.yaml	https://github.com/fmvilas/asyncapi-websockets-example/blob/a817e3a49044e5196b7b00be3c53e90154816768/asyncapi.yaml
eharishgit/test3	harish-event.yaml	https://github.com/eharishgit/test3/blob/3acfcf6a0ff5bc18a51942ca75965030d1911801/harish-event.yaml
tkubica12/gh-copilot-constitution	specs-template/services/service-sample/contracts/asyncapi.yaml	https://github.com/tkubica12/gh-copilot-constitution/blob/418c8369384552a1a570072d4a40e1adfeca6692/specs-template/services/service-sample/contracts/asyncapi.yaml
meteatamel/asyncapi-basics	samples/hello-asyncapi/hello-world1-2.6.yaml	https://github.com/meteatamel/asyncapi-basics/blob/3372d7a4d4d6cf548ed4780e4901e5425fdd2dcf/samples/hello-asyncapi/hello-world1-2.6.yaml
jabrena/asyncapi-poc	specs/server-asyncapi.yaml	https://github.com/jabrena/asyncapi-poc/blob/c213b2b04d5c437513e12ff5196207c1645acb01/specs/server-asyncapi.yaml
crustacgen/asyncapi-rust-generator	specs/basic.yaml	https://github.com/crustacgen/asyncapi-rust-generator/blob/01fa3ecacc37ccf3eb580a0a4357687384a5cb08/specs/basic.yaml
slusset/intention-driven-design	specs/contracts/asyncapi/audit-events.yaml	https://github.com/slusset/intention-driven-design/blob/711dc10e8589ac23bd408a7eb9a5c9897c955d3d/specs/contracts/asyncapi/audit-events.yaml
jmcastellanojimenez/ecotrack	specs/asyncapi/tracking-events.yaml	https://github.com/jmcastellanojimenez/ecotrack/blob/df678b3553d50b0f9479d4d6491c726689611244/specs/asyncapi/tracking-events.yaml
Programmierpraktikum-MVA/AsyncAPI	example/specs/social-media/public-api/asyncapi.yaml	https://github.com/Programmierpraktikum-MVA/AsyncAPI/blob/dc51bda6f5376576606c85276d6b3e6338481a55/example/specs/social-media/public-api/asyncapi.yaml
dtanwer/video-service	docs/asyncapi.yaml	https://github.com/dtanwer/video-service/blob/83a93a15b3561e0dafd0e94b6aa6d3b79fc969ac/docs/asyncapi.yaml
Jack-the-Pro101/vequate	spec/asyncapi/v2/orchestrator.asyncapi.yaml	https://github.com/Jack-the-Pro101/vequate/blob/701bcb7cb8664c85cc441215857247b285ec389d/spec/asyncapi/v2/orchestrator.asyncapi.yaml
josebusv/enterprise-integration-platform	contracts/asyncapi.yaml	https://github.com/josebusv/enterprise-integration-platform/blob/d6bfa3d8334e2e85533aae9901c458574e97760a/contracts/asyncapi.yaml
echohello-dev/backstage	examples/apis/real-time-transactions-api.yaml	https://github.com/echohello-dev/backstage/blob/5925660719a89157c92516c283274d82c343decb/examples/apis/real-time-transactions-api.yaml
obedito-lab/document-services-s	contracts/asyncapi/asyncapi.yaml	https://github.com/obedito-lab/document-services-s/blob/751be66afb93acb973074b527a96c761ed198a5b/contracts/asyncapi/asyncapi.yaml
ankush98m/harmonyHub	docs/webSocketAPI.yaml	https://github.com/ankush98m/harmonyHub/blob/0f7eed4b398b58a5c0bda8b2288524d28f088dac/docs/webSocketAPI.yaml
GruppeNice/DLS_Exam	services/user-service/api/asyncapi.yaml	https://github.com/GruppeNice/DLS_Exam/blob/7bac4f685ccacfe8149db4e8d2e2fac6056d20bf/services/user-service/api/asyncapi.yaml
lucabio-cmyk/jsontohl7	asyncapi.yaml	https://github.com/lucabio-cmyk/jsontohl7/blob/d8eecfc43a4f716fd412d98290e9884ebb522689/asyncapi.yaml
TykTechnologies/graphql-translator	asyncapi/fixtures/user-api-2.0.0.yaml	https://github.com/TykTechnologies/graphql-translator/blob/15f82a5cf38ae80d5af538ca189a6f3f8cafa71c/asyncapi/fixtures/user-api-2.0.0.yaml
jamarcer/openapi-schema-parsers	tests/AsyncApi/valid-asyncapi-v20-spec.yaml	https://github.com/jamarcer/openapi-schema-parsers/blob/3dfc126b58831c5a3912aa90aa076160b0219acc/tests/AsyncApi/valid-asyncapi-v20-spec.yaml
asyncapi/java-spring-cloud-stream-template	test/mocks/animals.yaml	https://github.com/asyncapi/java-spring-cloud-stream-template/blob/33363e8ccab429c69022a1eceae2aa20d685ac94/test/mocks/animals.yaml
asyncapi/jasyncapi-idea-plugin	src/test/testData/yaml/reference/completion/2.1.0/reference.yaml	https://github.com/asyncapi/jasyncapi-idea-plugin/blob/be09627260ac048b4bdc022aa99916735be6b911/src/test/testData/yaml/reference/completion/2.1.0/reference.yaml
marle3003/mokapi	examples/kafka/asyncapi-2/api.yaml	https://github.com/marle3003/mokapi/blob/a742cadbbd68b84c1c2524924261f980778ee4ce/examples/kafka/asyncapi-2/api.yaml
hirneagabriel/SnakeDevs	flaskr/asyncapi.yaml	https://github.com/hirneagabriel/SnakeDevs/blob/996c2f2fc78d69b66510c46d6b5e743b28d559c1/flaskr/asyncapi.yaml
asyncapi/avro-schema-parser	test/documents/invalid-asyncapi.yaml	https://github.com/asyncapi/avro-schema-parser/blob/529e04585af5ab88f2fd975a62703c20643ae4fd/test/documents/invalid-asyncapi.yaml
aml-org/amf	amf-cli/shared/src/test/resources/validations/async20/validations/solace-0.4.0-invalid.yaml	https://github.com/aml-org/amf/blob/2a4acce06661e470fe419ae2918785f834bdb7eb/amf-cli/shared/src/test/resources/validations/async20/validations/solace-0.4.0-invalid.yaml
koxudaxi/datamodel-code-generator	tests/data/asyncapi/schema-format-v2.yaml	https://github.com/koxudaxi/datamodel-code-generator/blob/a5a9da9d3c22a6d92c1ffd9dbc90697f665e6f17/tests/data/asyncapi/schema-format-v2.yaml
ballerina-platform/asyncapi-tools	asyncapi-cli/src/test/resources/websockets/ballerina-to-asyncapi/yaml_outputs/response/rs_scenario08_float.yaml	https://github.com/ballerina-platform/asyncapi-tools/blob/c035bed4daf955d73df273b8c9f5815b8853bcce/asyncapi-cli/src/test/resources/websockets/ballerina-to-asyncapi/yaml_outputs/response/rs_scenario08_float.yaml
asyncapi/tck	tests/bindings/http/0.1.0/Message Bindings Object/valid.yaml	https://github.com/asyncapi/tck/blob/1508a3c25498b0dc8b9bb98d562b15c16a8dc1aa/tests/bindings/http/0.1.0/Message%20Bindings%20Object/valid.yaml
GreenRover/proto-schema-parser	test/simple.proto3.yaml	https://github.com/GreenRover/proto-schema-parser/blob/2fc3b2e362f9045d7e2036b522620b12532ac12d/test/simple.proto3.yaml
dimonoff/asyncapi-codegen	examples/helloworld/v2/asyncapi.yaml	https://github.com/dimonoff/asyncapi-codegen/blob/cd9302f8cc375019e54b9b61072db7866dba1384/examples/helloworld/v2/asyncapi.yaml
Mesteriis/rune-tasks-mesh	specs/asyncapi/platform-events.asyncapi.yaml	https://github.com/Mesteriis/rune-tasks-mesh/blob/61fccfe4746be6e9afc322f77ecd7a319dd943f0/specs/asyncapi/platform-events.asyncapi.yaml
CZSK-MicroHacks/MicroHack-GitHub-engineering-constitution	specs-template/services/service-sample/contracts/asyncapi.yaml	https://github.com/CZSK-MicroHacks/MicroHack-GitHub-engineering-constitution/blob/e6d137ed61bbb524b17538bba6e16a99911a0e5d/specs-template/services/service-sample/contracts/asyncapi.yaml
philCryoport/jasyncapi-idea-plugin	src/test/testData/yaml/reference/completion/2.1.0/reference.yaml	https://github.com/philCryoport/jasyncapi-idea-plugin/blob/2e034ca65a83de37f38beb8e35d5050cd2f7da19/src/test/testData/yaml/reference/completion/2.1.0/reference.yaml
thushalya/asyncapi-tools	asyncapi-cli/src/test/resources/ballerina-to-asyncapi/yaml_outputs/response/rs_scenario08_float.yaml	https://github.com/thushalya/asyncapi-tools/blob/62b0939b67e2cb57358d5702baa4bbdfa935d5d7/asyncapi-cli/src/test/resources/ballerina-to-asyncapi/yaml_outputs/response/rs_scenario08_float.yaml
yaraPB/RICER-project	apps/web/docs/asyncapi.yaml	https://github.com/yaraPB/RICER-project/blob/1d0a61643ee7eb188b3d6ee2b4dd310e33b0d8bc/apps/web/docs/asyncapi.yaml
asyncapi/parser-js	packages/parser/test/mocks/simple-with-refs.yaml	https://github.com/asyncapi/parser-js/blob/ef1aa36c23a4b6423eb4c74e68cd9b79ad614920/packages/parser/test/mocks/simple-with-refs.yaml
PcComponentes/open-api-messaging-context	tests/AsyncApi/valid-asyncapi-v20-spec.yaml	https://github.com/PcComponentes/open-api-messaging-context/blob/2faf8d3b950a6bf5a9654b2016c5af32adff2f20/tests/AsyncApi/valid-asyncapi-v20-spec.yaml
aml-org/als	als-suggestions/shared/src/test/resources/test/AsyncAPI2/by-directory/components/schemas/nested-format-applies.yaml	https://github.com/aml-org/als/blob/498c91e6ab0bf0a36edc2488410ae8bdbc52eaae/als-suggestions/shared/src/test/resources/test/AsyncAPI2/by-directory/components/schemas/nested-format-applies.yaml
jstoiko/amf	amf-client/shared/src/test/resources/upanddown/cycle/async20/bindings/http-operation-binding.yaml	https://github.com/jstoiko/amf/blob/379b0a80eb2a2ecdf670a8f68ae60af01921513a/amf-client/shared/src/test/resources/upanddown/cycle/async20/bindings/http-operation-binding.yaml
tiagobento/kie-monorepo	packages/serverless-workflow-vscode-extension/e2e-tests/resources/functions-events/specs/asyncapi.yaml	https://github.com/tiagobento/kie-monorepo/blob/2dc501d14bb4a3fd24c58d950c13a9be018d38c3/packages/serverless-workflow-vscode-extension/e2e-tests/resources/functions-events/specs/asyncapi.yaml
the-codegen-project/cli	test/configs/remote-url/asyncapi.yaml	https://github.com/the-codegen-project/cli/blob/43bb4f0ed8bf5a5d6118fa74f74d15ed77c6917d/test/configs/remote-url/asyncapi.yaml
zuevrs/yanote	yanote-js/test/fixtures/asyncapi/trait-declarations-trait-v2.yaml	https://github.com/zuevrs/yanote/blob/9115da173be121b8ff3cb2d9fb5f92d11299562f/yanote-js/test/fixtures/asyncapi/trait-declarations-trait-v2.yaml
baldimir/kie-frontend	packages/serverless-workflow-vscode-extension/e2e-tests/resources/functions-events/specs/asyncapi.yaml	https://github.com/baldimir/kie-frontend/blob/06a9718b0c581337c36201c00d00958729cdfbf5/packages/serverless-workflow-vscode-extension/e2e-tests/resources/functions-events/specs/asyncapi.yaml
asyncapi/protobuf-schema-parser	test/documents/simple.proto2.yaml	https://github.com/asyncapi/protobuf-schema-parser/blob/685f881d085f3a98d4cedda98e92f14bb1584be9/test/documents/simple.proto2.yaml
supermodel/asyncapi-cli	test/asyncapi-minimal.yaml	https://github.com/supermodel/asyncapi-cli/blob/5d858de84dc99ce37cb8c4e89147856c6a950b40/test/asyncapi-minimal.yaml
asyncapi/openapi-schema-parser	test/documents/invalid-asyncapi.yaml	https://github.com/asyncapi/openapi-schema-parser/blob/5923ebf1364b3bce4f9f66629fedb42803276953/test/documents/invalid-asyncapi.yaml
swagger-api/apidom	packages/apidom-ls/test/fixtures/async/security/security-lint.yaml	https://github.com/swagger-api/apidom/blob/342641b5f009a68661db0a54d604dbcd62d2fa48/packages/apidom-ls/test/fixtures/async/security/security-lint.yaml
aml-org/amf-metadata	transform/src/test/resources/specs/async20/components/external-operation-traits.yaml	https://github.com/aml-org/amf-metadata/blob/9473f7b7572564d5fed03ee5deea0a06964661f1/transform/src/test/resources/specs/async20/components/external-operation-traits.yaml
WaleedAshraf/asyncapi-validator	test/schemas/v2.4.0/userMessages.yaml	https://github.com/WaleedAshraf/asyncapi-validator/blob/90674de4a1b79781f6113449c471dc6fec9b5deb/test/schemas/v2.4.0/userMessages.yaml
trustedshops-public/schema2pyarrow	tests/sample_schemas/metadata.yaml	https://github.com/trustedshops-public/schema2pyarrow/blob/28461fc3c82c5a003ecd7931a3db866eb70d1503/tests/sample_schemas/metadata.yaml
Brico87/event-gateway	test-contract.v1.asyncapi.yaml	https://github.com/Brico87/event-gateway/blob/4789d1620c7bb3d5ecd4a34b706afbec5444c762/test-contract.v1.asyncapi.yaml
Elhebert/asyncapi-validation	tests/fixtures/valid-schema-openapi-2.4.0.yaml	https://github.com/Elhebert/asyncapi-validation/blob/302c5e29f8da7e3215017ef49a0a080188cdd11e/tests/fixtures/valid-schema-openapi-2.4.0.yaml
Savio629/testing	test.yaml	https://github.com/Savio629/testing/blob/4aaf3ec3f58b424a917d158604d6aa1e179bd2af/test.yaml
specmesh/specmesh-build	cli/src/test/resources/shared_schema_demo-api.yaml	https://github.com/specmesh/specmesh-build/blob/571d47b5e331918cf1c41a352cf093ade4ab1f1c/cli/src/test/resources/shared_schema_demo-api.yaml
dedoussis/asynction	tests/fixtures/array_vs_tuple.yaml	https://github.com/dedoussis/asynction/blob/0b35015d84572a1fcb9a5ac69c6c0743601dc4c0/tests/fixtures/array_vs_tuple.yaml
absmach/magistrala	apidocs/asyncapi/websocket.yaml	https://github.com/absmach/magistrala/blob/49488738df2e18087073791de5414ed69a4378bd/apidocs/asyncapi/websocket.yaml
apache/eventmesh-catalog	configs/testexpress.yaml	https://github.com/apache/eventmesh-catalog/blob/235b0956a50bf2de93d24089e6163012aa087041/configs/testexpress.yaml
swaggest/go-asyncapi	reflector/asyncapi-2.0.0/sample.yaml	https://github.com/swaggest/go-asyncapi/blob/8baf74c22ae95c86215b039780dcae869c2ad6fb/reflector/asyncapi-2.0.0/sample.yaml
schetinnikov-otus/arch-labs	api-spec/message-bus/bus-asyncapi.yaml	https://github.com/schetinnikov-otus/arch-labs/blob/c99e95d0bb4dde338c6c62a11bf2ea14a515c21e/api-spec/message-bus/bus-asyncapi.yaml
edulucca/api-autenticacao	catalogo-info.yaml	https://github.com/edulucca/api-autenticacao/blob/959a4ca3d51aeb03ba11f38b2d2b28010f69683d/catalogo-info.yaml
Lap-Platform/LAP	examples/verbose/asyncapi/kafka-ecommerce.yaml	https://github.com/Lap-Platform/LAP/blob/31ac700f6453ac15649ab850251f97f3307344bb/examples/verbose/asyncapi/kafka-ecommerce.yaml
maarten-vandeperre/developer-hub-documentation	configurations/catalog-entities/apis/async-api-api-spec-production.yaml	https://github.com/maarten-vandeperre/developer-hub-documentation/blob/da97cd4b2478f888b43f1b51c682e48390736100/configurations/catalog-entities/apis/async-api-api-spec-production.yaml
nikita-volkov/modeliero	hspec/Modeliero/AsyncApiSpec/fixtures/email-service.yaml	https://github.com/nikita-volkov/modeliero/blob/54d83a2ad5cf03cda36b5ed476120c2027b5b2c9/hspec/Modeliero/AsyncApiSpec/fixtures/email-service.yaml
TIBCOSoftware/cic-cli-plugin-asyncapi	examples/kafka/movietickets-kafka.yaml	https://github.com/TIBCOSoftware/cic-cli-plugin-asyncapi/blob/682f7a8f01146b2de6ec2b5cb9ff9021c185a1ca/examples/kafka/movietickets-kafka.yaml
greenthegarden/enviropluspublisher	asyncapi-min.yaml	https://github.com/greenthegarden/enviropluspublisher/blob/fc7ef5ce0ca66ace611fee8921f77f002ae75229/asyncapi-min.yaml
edulucca/gateway-stripe-adapter	catalog-info.yaml	https://github.com/edulucca/gateway-stripe-adapter/blob/0c1bff66f02b841e0fa7f163be19ed9f43c1a139/catalog-info.yaml
huy21it/ChatAppBackEnd	asyncapi.yaml	https://github.com/huy21it/ChatAppBackEnd/blob/4e73600e2a350126eb0c010bbc0c20218d8a7dfa/asyncapi.yaml
gsperim/account-engine-lab	contracts/asyncapi/eventos.yaml	https://github.com/gsperim/account-engine-lab/blob/a812cdb00bd8d81ee571dd5264c538f2a3efe7c7/contracts/asyncapi/eventos.yaml
ministryofjustice/hmpps-complexity-of-need	Complexity of Need Event Specification.yaml	https://github.com/ministryofjustice/hmpps-complexity-of-need/blob/0351db73ba7c4b17cac2fbfc0476d56e7fbff3d9/Complexity%20of%20Need%20Event%20Specification.yaml
bike4life-organization/bike4life	apps/notifier/src/swagger.yaml	https://github.com/bike4life-organization/bike4life/blob/189d1abb10782c11e10f532179eef66600a4a264/apps/notifier/src/swagger.yaml
Client-Engineering-Indonesia/workshop-event-automation	cp4i-demo/assemblies/16.1.0/common/00-assembly-mq-asyncapi.yaml	https://github.com/Client-Engineering-Indonesia/workshop-event-automation/blob/cd5009388da4056f4f6b63d8d34bf46daa742472/cp4i-demo/assemblies/16.1.0/common/00-assembly-mq-asyncapi.yaml
AdayevKP/warmhouse	schemas/docs/smarthome_asyncapi.yaml	https://github.com/AdayevKP/warmhouse/blob/fa2d644e0f94e412718e5251d0a8441c006e5abc/schemas/docs/smarthome_asyncapi.yaml
mzegarras/asyncapi-labs	transactions.yaml	https://github.com/mzegarras/asyncapi-labs/blob/abb306f2fac4646ea2b82b9bd640a101abd4616b/transactions.yaml
AccelByte/accelbyte-api-proto	asyncapi/accelbyte/basic/namespace/v1/namespace.yaml	https://github.com/AccelByte/accelbyte-api-proto/blob/c48248d62b2f512ea979a780972950464068f501/asyncapi/accelbyte/basic/namespace/v1/namespace.yaml
PacktPublishing/Building-an-API-Product	Chapter08/example-asyncapi.yaml	https://github.com/PacktPublishing/Building-an-API-Product/blob/f9cf19a8e38efc2e4349edf699e24c098ab5f9fa/Chapter08/example-asyncapi.yaml
ldynia/learning-api-styles	src/rabbitmq/5.Topics/docs/api/v1.0.0/topics.yaml	https://github.com/ldynia/learning-api-styles/blob/dc8bbcfc00e3257ff65b9b3170cc573406223bfd/src/rabbitmq/5.Topics/docs/api/v1.0.0/topics.yaml
SolaceLabs/solace-jenkins-plugin	asyncapi/non-default-asyncapi.yaml	https://github.com/SolaceLabs/solace-jenkins-plugin/blob/bff0b43622ad650f24be1edbdcd1661463d4392c/asyncapi/non-default-asyncapi.yaml
tsurdilo/async-demo	banking.yaml	https://github.com/tsurdilo/async-demo/blob/03ecce82e22f307d590511fa989bcc41c16fe8bb/banking.yaml
vincenzocorso/car-sharing	docs/apis/customer-service-asyncapi.yaml	https://github.com/vincenzocorso/car-sharing/blob/b0459ae0984b5e9b3486a758d099f1eec7a44053/docs/apis/customer-service-asyncapi.yaml
asyncapi/dotnet-rabbitmq-template	example/asyncapi.yaml	https://github.com/asyncapi/dotnet-rabbitmq-template/blob/1f81b35352a1c1905ae6dd526dc83f5dcfddb94c/example/asyncapi.yaml
SourceOS-Linux/sourceos-spec	asyncapi.ops-history.patch.yaml	https://github.com/SourceOS-Linux/sourceos-spec/blob/aa1908a8c558cbdeb1fb13bcadf0960aed0f2c27/asyncapi.ops-history.patch.yaml
guilhermerodrigues680/globo-terrestre-iot	data/asyncapi/asyncapi.yaml	https://github.com/guilhermerodrigues680/globo-terrestre-iot/blob/51853f0b2e4f8d74e0c7f9675e3050d00d2286f4/data/asyncapi/asyncapi.yaml
APIs-guru/asyncapi-directory	docs/APIs/jukeberry+asyncapiconfdemo@v1.0.0.yaml	https://github.com/APIs-guru/asyncapi-directory/blob/dfd96affc7ce0042f7cdd53c64c3fa14e17b0423/docs/APIs/jukeberry%2Basyncapiconfdemo@v1.0.0.yaml
decker757/Smart-Clinic-Queue-ESD	docs/asyncapi/appointment-composite.yaml	https://github.com/decker757/Smart-Clinic-Queue-ESD/blob/7e8f704bbdd2bcbd340ef9921e95d4f2165ec4ac/docs/asyncapi/appointment-composite.yaml
rpicanco/livro-eda	cap4/asyncapi/ecommerce.yaml	https://github.com/rpicanco/livro-eda/blob/cfa90bceff2598d4852eeedff042fa39312e2e87/cap4/asyncapi/ecommerce.yaml
andreitudose2000/ingineria-programarii	docs/asyncapi.yaml	https://github.com/andreitudose2000/ingineria-programarii/blob/b41e16a53c113bafd1e250866737956e1eaec773/docs/asyncapi.yaml
R3shm1thThar1ndu/HND_finalAuthService	api.yaml	https://github.com/R3shm1thThar1ndu/HND_finalAuthService/blob/c6d17e48e8750564a40453371c461d18d08a79b7/api.yaml
prafulrana/asyncAPIExamples	samples/sample.yaml	https://github.com/prafulrana/asyncAPIExamples/blob/dbdc7fb8e307f3ff4de8d24afec00e575c565b4e/samples/sample.yaml
opengeospatial/developer-website	api/connectedsystems/api/part2/asyncapi/asyncapi-connectedsystems-2.yaml	https://github.com/opengeospatial/developer-website/blob/c9f75a6d2d4682d0c62640965cafaade6b78aeb9/api/connectedsystems/api/part2/asyncapi/asyncapi-connectedsystems-2.yaml
peter-rr/record-store	website_backend/asyncapi.yaml	https://github.com/peter-rr/record-store/blob/61a36038fd854cbe5ed15f8e6bdb70d3ef0b2911/website_backend/asyncapi.yaml
ldynia/rabbitmq	docs/api/v1.0.0/work_queue.yaml	https://github.com/ldynia/rabbitmq/blob/e938520a4a284febac7f1b179b32bb66c107aa40/docs/api/v1.0.0/work_queue.yaml
LucaDev/LFM-Team-Blue	Talos/k8s/contracts/asyncapi/nats.yaml	https://github.com/LucaDev/LFM-Team-Blue/blob/b2d3187dbc675e0a33335c47d916c82ed2b65a0d/Talos/k8s/contracts/asyncapi/nats.yaml
practicumstudent2025/architecture-warmhouse	apps/smart_home/api/telemetry-asyncapi.yaml	https://github.com/practicumstudent2025/architecture-warmhouse/blob/74c62f104147d4d5ffaac887e846ed681ab64871/apps/smart_home/api/telemetry-asyncapi.yaml
Sergei8888/Uniscope	apps/backend/src/docs/asyncapi/asyncapi.yaml	https://github.com/Sergei8888/Uniscope/blob/e86ad5ee5c708d4c1fc6209fd12c2862b83d15c0/apps/backend/src/docs/asyncapi/asyncapi.yaml
specmatic/specmatic-order-contracts	io/specmatic/examples/store/asyncapi/order_service_async_v1.yaml	https://github.com/specmatic/specmatic-order-contracts/blob/f904f86dce562c43afa70f6e9573440b76469cc9/io/specmatic/examples/store/asyncapi/order_service_async_v1.yaml
SolaceLabs/solace-ansible-plugin	examples/asyncapi/myEventApi1-0.1.0.yaml	https://github.com/SolaceLabs/solace-ansible-plugin/blob/7271476b15aa29b8b6d29249b0e7529dde16b4d5/examples/asyncapi/myEventApi1-0.1.0.yaml
Nordic-MVP-GitOps-Repos/hypersonic-lightweight-cp4i	components/apiconnect/base/apis/rabbitmq-asyncapi.yaml	https://github.com/Nordic-MVP-GitOps-Repos/hypersonic-lightweight-cp4i/blob/5c7afa13c4c65d4231f34277d6ca212a8260309b/components/apiconnect/base/apis/rabbitmq-asyncapi.yaml
ThinkportRepo/kafka-summit-solace-demo	EventPortal/Async/CheckoutToSupplierFilter.yaml	https://github.com/ThinkportRepo/kafka-summit-solace-demo/blob/b476673112e376d2ef61b95571e9e5fe01336759/EventPortal/Async/CheckoutToSupplierFilter.yaml
Ravip2006/Demo	io/specmatic/examples/store/asyncapi/jms.yaml	https://github.com/Ravip2006/Demo/blob/0c316559ce8b193b5cd662a72214d0f95a0bc0a2/io/specmatic/examples/store/asyncapi/jms.yaml
caiquedebrito/logistics-platform	shared/contracts/asyncapi-events.yaml	https://github.com/caiquedebrito/logistics-platform/blob/ec215224693a620ec6b6f1cc2fd6ecbcf3c1e9c8/shared/contracts/asyncapi-events.yaml
kondoumh/asyncapi-study	serving-studio/example-consumer.yaml	https://github.com/kondoumh/asyncapi-study/blob/b3d2d37a4bf44984fee56db03ded3338761ddec6/serving-studio/example-consumer.yaml
dickeyf/esp32-mqtt	asyncapi.yaml	https://github.com/dickeyf/esp32-mqtt/blob/fcbe958449704b1f9fbbc0618b95524c1c1d6c96/asyncapi.yaml
fkatsaras/functionality-dsl	examples/m2m/asyncapi/streetlights.yaml	https://github.com/fkatsaras/functionality-dsl/blob/df17d5d19e88c1e1671a92b7d6a1e89e93deabe9/examples/m2m/asyncapi/streetlights.yaml
carlosquintino/realtime-iot-decisioning	magistrala/apidocs/asyncapi/websocket.yaml	https://github.com/carlosquintino/realtime-iot-decisioning/blob/af438a640ec7d857ccf2f0918f2e3cde89f6176a/magistrala/apidocs/asyncapi/websocket.yaml
dedoussis/asyncapi-socket.io-example	asyncapi.yaml	https://github.com/dedoussis/asyncapi-socket.io-example/blob/fd7bf244af9f9fbfabe01ac4a6bcb541587db36b/asyncapi.yaml
joshwambere/Galileo	asyncApi.yaml	https://github.com/joshwambere/Galileo/blob/4f40651c68727b190f496844a5fbbe83c9ef8c3a/asyncApi.yaml
kaje94/slek-link	libs/asyncapi/asyncapi.yaml	https://github.com/kaje94/slek-link/blob/a6d700b1bf2bbdb34093b2ff2293f5ffed49cd46/libs/asyncapi/asyncapi.yaml
IMAGINARY/future-mobility	specs/asyncapi.yaml	https://github.com/IMAGINARY/future-mobility/blob/4dc88b668b7787e8e4d4ffb1dd2934705ada6a8a/specs/asyncapi.yaml
jonaslagoni/asyncapi-miniseries	AsyncAPI/Processor.yaml	https://github.com/jonaslagoni/asyncapi-miniseries/blob/260bf05396f21e1ca5247dc331f73a336be95f70/AsyncAPI/Processor.yaml
tapis-project/tapis-workflows	src/engine-streams/specs/WorkflowEngineStreamsApi.yaml	https://github.com/tapis-project/tapis-workflows/blob/45288166de90408689c7157cc81e9423fa07a644/src/engine-streams/specs/WorkflowEngineStreamsApi.yaml
tayyabfayyaz/hakathon_2	phase-5/specs/009-dapr-k8s-deployment/contracts/pubsub-messages.yaml	https://github.com/tayyabfayyaz/hakathon_2/blob/0642c8f36b53d1a09d363d9029d1e79103427792/phase-5/specs/009-dapr-k8s-deployment/contracts/pubsub-messages.yaml
aimerzarashi/ts-cqrs-es-v1	shop/command/asyncapi/stockItemEvent.yaml	https://github.com/aimerzarashi/ts-cqrs-es-v1/blob/1db5d27de5a04a1979c4069caf42ea95c6d095d9/shop/command/asyncapi/stockItemEvent.yaml
eda-ecommerce/asyncapi	product/asyncapi.yaml	https://github.com/eda-ecommerce/asyncapi/blob/908b8760d17e2d9da74c2431688abdd7f0414801/product/asyncapi.yaml
SolaceLabs/solace-tools-typescript	docs/source/ep-async-api-importer/examples-content/files/NewApplication.yaml	https://github.com/SolaceLabs/solace-tools-typescript/blob/d4f1b51a10ce42daefaf180c8eb2abe35d3e5663/docs/source/ep-async-api-importer/examples-content/files/NewApplication.yaml
advanced-rest-client/api-body-document	demo/W-12528949/W-12528949.yaml	https://github.com/advanced-rest-client/api-body-document/blob/14df4fa657a7e4f1ac33718be28e3e822a521076/demo/W-12528949/W-12528949.yaml
dataGriff/contracts.cli	domains/demo/services/user-service/contracts/asyncapi/user-events.yaml	https://github.com/dataGriff/contracts.cli/blob/a5d15d8ac107d6e5bd3bcc447cfa87583b516c45/domains/demo/services/user-service/contracts/asyncapi/user-events.yaml
enisspahi/async-api-example	src/main/resources/async-api.yaml	https://github.com/enisspahi/async-api-example/blob/446fe67389d4db59fbb79cd46966083c45c9cfd7/src/main/resources/async-api.yaml
Mithlesh-Kumar2002/E_Commerce_Microservice	microservices/order/asyncApi.yaml	https://github.com/Mithlesh-Kumar2002/E_Commerce_Microservice/blob/392530d60e1ffeaabf5a2ecd5757f9510d91a716/microservices/order/asyncApi.yaml
UnibucProjects/SmartAquarium	asyncapi.yaml	https://github.com/UnibucProjects/SmartAquarium/blob/6f3c16fb7a45218e763b46223568f6c3e5b66bfd/asyncapi.yaml
a-l-a-z-a-r/Socialbook	backend/docs/asyncapi.yaml	https://github.com/a-l-a-z-a-r/Socialbook/blob/45feae3ed58588f09f6ed79802748f1f33461576/backend/docs/asyncapi.yaml
ChiragSethi-1153/RMHA	order-processing-asyncapi.yaml	https://github.com/ChiragSethi-1153/RMHA/blob/b5823535b38fd3cea0cafefeaab8658d845f9d2a/order-processing-asyncapi.yaml
brasseld/gravitee-bootcamp-june2022	taxi/asyncapi.yaml	https://github.com/brasseld/gravitee-bootcamp-june2022/blob/ff0bab4bd91d29ba4ed435b53c4e46a53e8679fe/taxi/asyncapi.yaml
edulucca/github-runners-manager	catalog-info.yaml	https://github.com/edulucca/github-runners-manager/blob/de8d7572f3a6d85bd4cf50da081055f115252ee6/catalog-info.yaml
caochun/tollgate	asyncapi/device/asyncapi.yaml	https://github.com/caochun/tollgate/blob/94c75caffdfe59651028e105e47898761c412b00/asyncapi/device/asyncapi.yaml
hasathcharu/ballerina-websockets-test	client/asyncapi.yaml	https://github.com/hasathcharu/ballerina-websockets-test/blob/9a06bf9da22d1e60e1017d9783292eb46d48f35d/client/asyncapi.yaml
MSA-SA-OTUS/architecture-labs	api-spec/message-bus/bus-asyncapi.yaml	https://github.com/MSA-SA-OTUS/architecture-labs/blob/c99e95d0bb4dde338c6c62a11bf2ea14a515c21e/api-spec/message-bus/bus-asyncapi.yaml
starnold-redhat/rhdh-install	configurations/catalog-entities/apis/async-api-api-spec-production.yaml	https://github.com/starnold-redhat/rhdh-install/blob/417d28549704ad7fc1ea7b67e1b709b0261ca59a/configurations/catalog-entities/apis/async-api-api-spec-production.yaml
henefisa/xfs-chat-app-backend	asyncapi.yaml	https://github.com/henefisa/xfs-chat-app-backend/blob/1e7e1f7bff0eee05109bc37a1f3b20e367ed91cd/asyncapi.yaml
J0SAL/kafka-playground	kafka_asyncAPI/asyncapi.yaml	https://github.com/J0SAL/kafka-playground/blob/2673b5d9794914831d0e309ec2b8b7cac09e6bd9/kafka_asyncAPI/asyncapi.yaml
arih1299/solacedemo-kafkasummitapac2021	EventPortal/DoctorMobileApp.yaml	https://github.com/arih1299/solacedemo-kafkasummitapac2021/blob/4699c8ea75fc4f16cfcf7cd689362f11eb353550/EventPortal/DoctorMobileApp.yaml
FrackiewiczP/info_bubbles	backend_docs.yaml	https://github.com/FrackiewiczP/info_bubbles/blob/161174e959e376818e134d3c489cc1bb2b14f724/backend_docs.yaml
DEFRA/ffc-pay-responses	docs/asyncapi.yaml	https://github.com/DEFRA/ffc-pay-responses/blob/acd13ad33680fc0199ed3fd372ecbc6c79e3fa81/docs/asyncapi.yaml
derberg/shrekapp-asyncapi-designed	asyncapi.yaml	https://github.com/derberg/shrekapp-asyncapi-designed/blob/cee9b081e874a26e26bff6b829b1543af530060c/asyncapi.yaml
genelaz/blue_viper_pro	docs/asyncapi/realtime-ptt-v1.yaml	https://github.com/genelaz/blue_viper_pro/blob/7e3788337380c2f3bb13a28702a621e8d650c4df/docs/asyncapi/realtime-ptt-v1.yaml
opengeospatial/ogcapi-connected-systems	api/part2/asyncapi/asyncapi-connectedsystems-2.yaml	https://github.com/opengeospatial/ogcapi-connected-systems/blob/3fd86c73e744b7e2faaf7f1c17366bfb9ff4cd6f/api/part2/asyncapi/asyncapi-connectedsystems-2.yaml
Aser-Osama/Arch-Project-Async-Docs	asyncapi.yaml	https://github.com/Aser-Osama/Arch-Project-Async-Docs/blob/90255a8229b8ecc167ac4c848313e540a9646494/asyncapi.yaml
music10/server	ws.api.yaml	https://github.com/music10/server/blob/300a668dd145fcdbac9a88a361747addbea9df0c/ws.api.yaml
999iQ/networking	docs/kafka/COMMON-KAFKA-API.yaml	https://github.com/999iQ/networking/blob/2a73d3d073493d9d34c914f9a77752ca869d15a0/docs/kafka/COMMON-KAFKA-API.yaml
omiga-group/omiga	api-definitions/asyncapi/events/omiga/Order_V1.yaml	https://github.com/omiga-group/omiga/blob/fe50809440b63a68870568ff41f33bf3ba97a884/api-definitions/asyncapi/events/omiga/Order_V1.yaml
wbelguidoum/docapi	examples/asyncapi/streetlights_v2.asyncapi.yaml	https://github.com/wbelguidoum/docapi/blob/fabbcf6b026ac70d7b4eb86e1478aed62cf3d12f/examples/asyncapi/streetlights_v2.asyncapi.yaml
periclescesar/event-processor	docs/asyncapi.yaml	https://github.com/periclescesar/event-processor/blob/34c4b8bf873fb9e42364b891054bf8eaf74c3c45/docs/asyncapi.yaml
dili91/events-based-api-specs	async-api/nodejs-app/asyncapi.yaml	https://github.com/dili91/events-based-api-specs/blob/914e6688badc026276ab2ce9191795840bd7f5fa/async-api/nodejs-app/asyncapi.yaml
Sushkov24/architecture	asyncapi.yaml	https://github.com/Sushkov24/architecture/blob/84f7771ba8f06dfb5614737a3f664336f5d1ca3e/asyncapi.yaml
junjiepro/mango	specs/001-agent-chat-platform/contracts/terminal-ws.yaml	https://github.com/junjiepro/mango/blob/2810afeac686abc4cc74dd60fb90d991c8a7a547/specs/001-agent-chat-platform/contracts/terminal-ws.yaml
ibrahimt2/exampleAPI	spec/asyncapi.yaml	https://github.com/ibrahimt2/exampleAPI/blob/107eb9590c45bdd0c9db765a770b4933728e2d41/spec/asyncapi.yaml
DEFRA/aphw-ddi-events	docs/asyncapi.yaml	https://github.com/DEFRA/aphw-ddi-events/blob/183a21cc7729258afc163c4768e5e15ec3736390/docs/asyncapi.yaml
yojo-generator/generator	src/test/resources/example/contract/enum-values.yaml	https://github.com/yojo-generator/generator/blob/a272ab2f8e1c1a58c56d709e41d4ee2cb76e5fdd/src/test/resources/example/contract/enum-values.yaml
aml-org/examples	AMF5/src/test/resources/examples/avro/asyncapi.yaml	https://github.com/aml-org/examples/blob/ed94ed71fb79a8c5f1deb23dedba34aa73bd270d/AMF5/src/test/resources/examples/avro/asyncapi.yaml
Sanix-Darker/skill-md.dev	testdata/asyncapi.yaml	https://github.com/Sanix-Darker/skill-md.dev/blob/6d556a41b1180f4c27846ccecc26cfcdad950b1d/testdata/asyncapi.yaml
masechkacat/tic-tac-toe-server	asyncapi.yaml	https://github.com/masechkacat/tic-tac-toe-server/blob/bd573584780712f48e1bb4ef66d35bb4e2bbb062/asyncapi.yaml
junmoku/pokeraid	docs/api/ws.yaml	https://github.com/junmoku/pokeraid/blob/33cd0815b04c9411ff78f68a663dc426020f33ec/docs/api/ws.yaml
Startempire-Wire/Startempire-Wire-Network-Websockets	docs/asyncapi.yaml	https://github.com/Startempire-Wire/Startempire-Wire-Network-Websockets/blob/ff8a909a40a9131d9de496b16e48af3dc0054554/docs/asyncapi.yaml
FjordMaritimeAS/FjordControlSwagger	swagger/SignalRHubsEntity-1.0.yaml	https://github.com/FjordMaritimeAS/FjordControlSwagger/blob/3d99f2bc713321d10a78beaf6d484bec1411d48d/swagger/SignalRHubsEntity-1.0.yaml
dataGriff/contract.catalog	contracts/user-management/user-service/user-events.yaml	https://github.com/dataGriff/contract.catalog/blob/8a6429a869240bc1d29080e51570850940db23da/contracts/user-management/user-service/user-events.yaml
djoleant/IoTS-Smart-building	Smartbuilding_PROJ2/AsyncAPI/asyncapi.yaml	https://github.com/djoleant/IoTS-Smart-building/blob/6966a028cd81e63836c0fcde516dfedb3018c7a7/Smartbuilding_PROJ2/AsyncAPI/asyncapi.yaml
markusahlstrand/sss	examples/order/python/asyncapi.yaml	https://github.com/markusahlstrand/sss/blob/d1f32b82ccce02376d6ed963caed715285f36509/examples/order/python/asyncapi.yaml
funny-bunny-corp/ledger	src/main/resources/asyncapi/asyncapi.yaml	https://github.com/funny-bunny-corp/ledger/blob/cf90a86ce78e22ba574e49136916cb80e15a0ce0/src/main/resources/asyncapi/asyncapi.yaml
ChunPingWang/tracing-otel-agent-poc	specs/001-otel-distributed-tracing/contracts/order-confirmed-event.yaml	https://github.com/ChunPingWang/tracing-otel-agent-poc/blob/35e72d9cba7ff7c59dd11251e20003a19528b000/specs/001-otel-distributed-tracing/contracts/order-confirmed-event.yaml
asyncapi/java-spring-template	tests/user_examples/aqmp_config_multiple-channels.yaml	https://github.com/asyncapi/java-spring-template/blob/0bbc89d0fbbb4eb4cb43d9a4516ae8c7a12bdf4f/tests/user_examples/aqmp_config_multiple-channels.yaml
chris-regnier/gavel	api/asyncapi.yaml	https://github.com/chris-regnier/gavel/blob/227995569ab2fb3b19bdd3549773a46b0b12449e/api/asyncapi.yaml
prakhar47b/faststream-poc	asyncapi.yaml	https://github.com/prakhar47b/faststream-poc/blob/246a338d9f4f9b09847c12cc96b8a2d607d567e1/asyncapi.yaml
Netcracker/qubership-integration-runtime-catalog	src/test/resources/asyncapi/v2/kafka-v2-inline-oneof.yaml	https://github.com/Netcracker/qubership-integration-runtime-catalog/blob/c7295671d031ce7cfe9c8c9ee71283ff6656531e/src/test/resources/asyncapi/v2/kafka-v2-inline-oneof.yaml
Netcracker/qubership-integration-platform	runtime-catalog/src/test/resources/asyncapi/v2/kafka-v2-inline-oneof.yaml	https://github.com/Netcracker/qubership-integration-platform/blob/1a89f0438e8dd89420d562a6844679f163b3ea1d/runtime-catalog/src/test/resources/asyncapi/v2/kafka-v2-inline-oneof.yaml
aklivity/todo-service	src/main/api/todo-service-asyncapi.yaml	https://github.com/aklivity/todo-service/blob/2579db5d0647618540284529c8b190c3e689e64b/src/main/api/todo-service-asyncapi.yaml
MaxwellGBrown/aws_websockets_eventbus	event_definition.yaml	https://github.com/MaxwellGBrown/aws_websockets_eventbus/blob/7d3223fd4566630eb244eb9516b679703f6d2d5b/event_definition.yaml
jfunfor/chess_robot	backend/chess_api.yaml	https://github.com/jfunfor/chess_robot/blob/1ea7a4557cd2ef3bb5a78687ca23e35fbaaeaebd/backend/chess_api.yaml
funny-bunny-corp/wallet	src/main/resources/asyncapi/asyncapi.yaml	https://github.com/funny-bunny-corp/wallet/blob/6d6d2845d4669dcd30ef436ebbc4b77c4fc44445/src/main/resources/asyncapi/asyncapi.yaml
KentoShimizu/sw-agent-skills	skills/api-design-rest/assets/asyncapi-queue-template.yaml	https://github.com/KentoShimizu/sw-agent-skills/blob/5b7bafb626d3b76fa411a14653d399f20e7c7ae6/skills/api-design-rest/assets/asyncapi-queue-template.yaml
IMAGINARY/citizen-quest	specs/asyncapi.yaml	https://github.com/IMAGINARY/citizen-quest/blob/1848b2565c34e3e871a9d2fdbe85598fa7378c83/specs/asyncapi.yaml
blagoySimandov/takgo	asyncapi.yaml	https://github.com/blagoySimandov/takgo/blob/1ae934d22f7f46407640152f3ab4dc1a9f87f0da/asyncapi.yaml
aklivity/zilla-demos	extras-containers/todo/todo-command-service/src/main/api/todo-service-asyncapi.yaml	https://github.com/aklivity/zilla-demos/blob/524b9decbb58fc7eefc2ab595943185eac4110c1/extras-containers/todo/todo-command-service/src/main/api/todo-service-asyncapi.yaml
olaviolacerda/notification	docs/asyncapi.yaml	https://github.com/olaviolacerda/notification/blob/9ff2d3280892680c662426d6e6a6d27e8647b024/docs/asyncapi.yaml
krisnaganesha1609/IoTDrainage-BE	docs/mqtt-docs/asyncapi.yaml	https://github.com/krisnaganesha1609/IoTDrainage-BE/blob/0fbc28929282ecb028ff6c0e806aa8303e4181a0/docs/mqtt-docs/asyncapi.yaml
vkputhenmadhom/smarthiringassistant	contracts/events/asyncapi.yaml	https://github.com/vkputhenmadhom/smarthiringassistant/blob/9d58b32b4a09360014259a3abd616c65860c943d/contracts/events/asyncapi.yaml
lxbme/E-ee	api/asyncapi.yaml	https://github.com/lxbme/E-ee/blob/fc44ecedfff5e44d22a5273397df5795574b29dc/api/asyncapi.yaml
montionugera/atlas-world-svc	colyseus-server/asyncapi.yaml	https://github.com/montionugera/atlas-world-svc/blob/71a2e3f40c6d36f29bf452ece0876ad6193a92a8/colyseus-server/asyncapi.yaml
jhumci/MECH-M-3-IIoT	docs/iot-specs/asyncapi.yaml	https://github.com/jhumci/MECH-M-3-IIoT/blob/cf8115371ff78cbcb9ad31385edf6c70caef3dfb/docs/iot-specs/asyncapi.yaml
SynapticFour/sc-specs	specs/sc-transport/v1/asyncapi.yaml	https://github.com/SynapticFour/sc-specs/blob/e36c628b8febfab325106e4fed22f209158c2f9c/specs/sc-transport/v1/asyncapi.yaml
c0olix/asyncApiCodeGen	generator/test-spec/test-spec.yaml	https://github.com/c0olix/asyncApiCodeGen/blob/194fe2617b382862ec7367f2d1aa95609d6e12d0/generator/test-spec/test-spec.yaml
wso2/product-apim	all-in-one-apim/modules/integration/tests-integration/tests-backend/src/test/resources/solace/APIConsumption.yaml	https://github.com/wso2/product-apim/blob/17c7d359cba420a64d9c5b90b972671e2b41cbbb/all-in-one-apim/modules/integration/tests-integration/tests-backend/src/test/resources/solace/APIConsumption.yaml
Sriramanenivikas/Intelligent-Warehouse-Orchestration-System	services/fulfillment/warehouse-orchestrator-service/events/asyncapi.yaml	https://github.com/Sriramanenivikas/Intelligent-Warehouse-Orchestration-System/blob/da5b8016bffa22eb9290dab82f383264607c236d/services/fulfillment/warehouse-orchestrator-service/events/asyncapi.yaml
ingka-group/asyncapi-payload-validator	tests/test-files/asyncapi-2.6-spec.yaml	https://github.com/ingka-group/asyncapi-payload-validator/blob/81e83261ed17a5bd6fa9342e142c3c3bdeb63a85/tests/test-files/asyncapi-2.6-spec.yaml
SolaceLabs/solace-tryme-cli-mcp-server	test/sample-asyncapi.yaml	https://github.com/SolaceLabs/solace-tryme-cli-mcp-server/blob/174bc6ec27db3de91804b7495cc08506ceae145d/test/sample-asyncapi.yaml
paradisemay/tradingexchange	API/docs/api/asyncapi.yaml	https://github.com/paradisemay/tradingexchange/blob/f1e1afe356d73f69561a2add8cca759c30955707/API/docs/api/asyncapi.yaml
dataGriff/whiskey-reviews-api	docs/specifications/_template/contracts/asyncapi.yaml	https://github.com/dataGriff/whiskey-reviews-api/blob/8fc68df891183769b6f7c39b12faa7c7ce6c9ac0/docs/specifications/_template/contracts/asyncapi.yaml
amer8/apibconv	test/integration/testdata/valid/fulfillment-asyncapi.yaml	https://github.com/amer8/apibconv/blob/cf2022ac9dfe5d4c534d02dbc4a03a1f3cb44332/test/integration/testdata/valid/fulfillment-asyncapi.yaml
HeshanSudarshana/product-apim-workflow	all-in-one-apim/modules/integration/tests-integration/tests-backend/src/test/resources/solace/APIConsumption.yaml	https://github.com/HeshanSudarshana/product-apim-workflow/blob/25b0ef385958cf20e0016835818f758f10dc3e16/all-in-one-apim/modules/integration/tests-integration/tests-backend/src/test/resources/solace/APIConsumption.yaml
thil4n/wso2-apim-source	product-apim/all-in-one-apim/modules/integration/tests-integration/tests-backend/src/test/resources/solace/APIConsumption.yaml	https://github.com/thil4n/wso2-apim-source/blob/627da2d5021a50db69270d252709a2eb686b3902/product-apim/all-in-one-apim/modules/integration/tests-integration/tests-backend/src/test/resources/solace/APIConsumption.yaml
dataGriff/domain-api-template	docs/specifications/_template/contracts/asyncapi.yaml	https://github.com/dataGriff/domain-api-template/blob/cfad954c1339cf4e168d071124872f7913f7c919/docs/specifications/_template/contracts/asyncapi.yaml
dataGriff/pet.insurance.domain.app.v1	docs/specifications/_template/contracts/asyncapi.yaml	https://github.com/dataGriff/pet.insurance.domain.app.v1/blob/272fca415f252b27a00bf40378a50096ee1ee469/docs/specifications/_template/contracts/asyncapi.yaml
ministryofjustice/visit-scheduler	visit-scheduler-event-specification.yaml	https://github.com/ministryofjustice/visit-scheduler/blob/9c1a47921cdde0f8a7e9d025e36bdb151fd68299/visit-scheduler-event-specification.yaml
asyncapi-go/asyncapigo	example/basic/asyncapi.yaml	https://github.com/asyncapi-go/asyncapigo/blob/5cff17eed22a5a1c3e9e75e98a3f50e1c6aa32a6/example/basic/asyncapi.yaml
kirya522/distributed-systems-course	content/structure/02_contracts/code/events/orders-events.yaml	https://github.com/kirya522/distributed-systems-course/blob/df73b48be69009df304ef5aeea06cb46d8e74cf7/content/structure/02_contracts/code/events/orders-events.yaml
BakangMonei/PolyGlot-Demo-Examples	shared/asyncapi/events.yaml	https://github.com/BakangMonei/PolyGlot-Demo-Examples/blob/ae85bff8a14dce9a6ec79cff336087459b892325/shared/asyncapi/events.yaml
LowellObservatory/Lorax	PWMountAgent/mount_api.yaml	https://github.com/LowellObservatory/Lorax/blob/fadf1241c54fe01160fc12456107f6490a7c643e/PWMountAgent/mount_api.yaml
mzegarras/schemas-avros	customer-event.yaml	https://github.com/mzegarras/schemas-avros/blob/7225036a1826e7091ef11c789e8be614b03be017/customer-event.yaml
DEFRA/coreai-mcu-event	docs/asyncapi.yaml	https://github.com/DEFRA/coreai-mcu-event/blob/c75b96bb13e1de12dfdddc96f02379dbbe2ad123/docs/asyncapi.yaml
pagopa/io-fims	apps/rp-func/asyncapi.yaml	https://github.com/pagopa/io-fims/blob/b7c22501cc97a2aad048cba24621d70343b6efa5/apps/rp-func/asyncapi.yaml
lmeilibr/asyncapi-demo	asyncapi.yaml	https://github.com/lmeilibr/asyncapi-demo/blob/4d95f5e43df3e1adb974222726628a47093629af/asyncapi.yaml
dgomezs/learning-AI-agents	apps/product-catalog/api/events/asyncapi.yaml	https://github.com/dgomezs/learning-AI-agents/blob/687972e77711e1bba6b00ac201e76183dcad14b2/apps/product-catalog/api/events/asyncapi.yaml
isala404/choreo-tests	ws-relay/asyncapi.yaml	https://github.com/isala404/choreo-tests/blob/ce14803c702e754702d426dd39beec4687d9b474/ws-relay/asyncapi.yaml
albertnadal/asyncapi-schema-pydantic	tests/data/sample.yaml	https://github.com/albertnadal/asyncapi-schema-pydantic/blob/6e178293797a4e09a7717b2558f64e6f1d4df987/tests/data/sample.yaml
RResabala2015/express-template	asyncapi.yaml	https://github.com/RResabala2015/express-template/blob/a3e3981ea9a2aee683273993bc8cae073f25517b/asyncapi.yaml
rakeshmani35/springboot-openAPI	pets-orders-asyncapi/src/main/resources/asyncapi/pets-orders-asyncapi_1.yaml	https://github.com/rakeshmani35/springboot-openAPI/blob/992455d258a790802824921035d6116c7faa9b2c/pets-orders-asyncapi/src/main/resources/asyncapi/pets-orders-asyncapi_1.yaml
outfoxx/sunday-generator	generator/src/test/resources/asyncapi/ir/operation-surface.yaml	https://github.com/outfoxx/sunday-generator/blob/7e2850569f93116c8fadf2d1783654bba8c52035/generator/src/test/resources/asyncapi/ir/operation-surface.yaml
TadiwanasheChawatama/zerodrift	examples/events.asyncapi.yaml	https://github.com/TadiwanasheChawatama/zerodrift/blob/a97fbf8b03d9de253db406605eda5389297287d5/examples/events.asyncapi.yaml
DevOpsMadDog/Fixops	tests/APP2/contract_tests/partner_feed.asyncapi.yaml	https://github.com/DevOpsMadDog/Fixops/blob/4946ea9e867191a10bd56a11e3f5d6440c629111/tests/APP2/contract_tests/partner_feed.asyncapi.yaml
DevOpsMadDog/aldeci_core	tests/APP2/contract_tests/partner_feed.asyncapi.yaml	https://github.com/DevOpsMadDog/aldeci_core/blob/f60703404ec61f19773c546f476bc1fc93c9be98/tests/APP2/contract_tests/partner_feed.asyncapi.yaml
DevOpsMadDog/aldeci-core	tests/APP2/contract_tests/partner_feed.asyncapi.yaml	https://github.com/DevOpsMadDog/aldeci-core/blob/f4164453229f6f0903992f0199a12d18c54fbef3/tests/APP2/contract_tests/partner_feed.asyncapi.yaml
mulesoft/api-console	demo/models/APIC-560/APIC-560.yaml	https://github.com/mulesoft/api-console/blob/38f14f91bd7174c80db57bb6ad8bb0f08ec7be91/demo/models/APIC-560/APIC-560.yaml
open-data-fabric/open-data-fabric	protocols/smart-transfer-protocol.asyncapi.yaml	https://github.com/open-data-fabric/open-data-fabric/blob/3eb60bedea01b2a0a3d409e4be744ab352c24ba6/protocols/smart-transfer-protocol.asyncapi.yaml
Verdenroz/finance-query	server/asyncapi.yaml	https://github.com/Verdenroz/finance-query/blob/9bd0154b0c96bdea67a598ac7d520538943f403a/server/asyncapi.yaml
litmuschaos/m-agent	docs/cpu-stress.yaml	https://github.com/litmuschaos/m-agent/blob/06e8c3e44cea730ca4794093ea40173cd37e435c/docs/cpu-stress.yaml
dweber019/backstage-plugins	plugins/api-docs-spectral-linter/dev/asyncapi-example-api.yaml	https://github.com/dweber019/backstage-plugins/blob/78b52a5d0de9e75f4c3b2baca15a1319132dd9c2/plugins/api-docs-spectral-linter/dev/asyncapi-example-api.yaml
mdl29/donkeycarLPH	doc/donkeycarManager/event-spec-asyncio.yaml	https://github.com/mdl29/donkeycarLPH/blob/577734d5fafd24940fea0797365bf6064ce7c9d9/doc/donkeycarManager/event-spec-asyncio.yaml
allenheltondev/gopher-holes-unlimited	asyncapi.yaml	https://github.com/allenheltondev/gopher-holes-unlimited/blob/8c8c0facdeb3091c4a633fa1914475259675f6c6/asyncapi.yaml
VolatilityGroup/volatility-ws	volatility-ws/asyncapi.wip.yaml	https://github.com/VolatilityGroup/volatility-ws/blob/a70e171ebc7ddfff6aa6691d3435e3fc8d23c9ae/volatility-ws/asyncapi.wip.yaml
zettai-seigi/helix-docs	docs/generated/asyncapi-merged.yaml	https://github.com/zettai-seigi/helix-docs/blob/3da10369b60b06911661e32bb625e2e1e26e4fd4/docs/generated/asyncapi-merged.yaml
Lynda1423/gestion-vehicules	kafka/topic-utilisateurs.yaml	https://github.com/Lynda1423/gestion-vehicules/blob/92631a19106861233d91bb5f6161adb36dbf2a53/kafka/topic-utilisateurs.yaml
iwaag/agcode-worker	app/asyncapi/realtime_chat.yaml	https://github.com/iwaag/agcode-worker/blob/169d476b706bf069ff6946de33053ef731d2d0be/app/asyncapi/realtime_chat.yaml
SAP/asyncapi-specification	examples/consume-example.yaml	https://github.com/SAP/asyncapi-specification/blob/74b5c6f61f476eac0f0f8813deb227f578f58653/examples/consume-example.yaml
encypher-studio/newsware-docs	asyncapi/asyncapi-v2.0.0.yaml	https://github.com/encypher-studio/newsware-docs/blob/d79795a7c4f9d9ce6fef80311233de5fcfa8d92c/asyncapi/asyncapi-v2.0.0.yaml
ChunPingWang/saga-kafka	specs/001-saga-order-flow/contracts/payment-events.yaml	https://github.com/ChunPingWang/saga-kafka/blob/9c0c90dae191b0af024a146730da8e393e98bd57/specs/001-saga-order-flow/contracts/payment-events.yaml
danf425/idp-examples-public	harness-services/Service/streetlights/streetlights-api.yaml	https://github.com/danf425/idp-examples-public/blob/0916ea7b7923ceedee9afc5c9d63f43df6cd78bd/harness-services/Service/streetlights/streetlights-api.yaml
joefrancisGA/ArchLucid	docs/contracts/archlucid-asyncapi-2.6.yaml	https://github.com/joefrancisGA/ArchLucid/blob/a8556b6b894f4e9adde8e91ec4533aa57ecae8c1/docs/contracts/archlucid-asyncapi-2.6.yaml
jprofessionals/shopping-list	backend/src/main/resources/asyncapi/websocket.yaml	https://github.com/jprofessionals/shopping-list/blob/9d0d01fb34bdb16ac19cb027a0a91b66ef868223/backend/src/main/resources/asyncapi/websocket.yaml
zimoch84/HaggisProject	haggis-platform/docs/asyncApi/HaggisAPI.yaml	https://github.com/zimoch84/HaggisProject/blob/650aec13c4463324bac7151e04bff2e7df3ab422/haggis-platform/docs/asyncApi/HaggisAPI.yaml
VitorSVNascimento/Truco-SD	api/documentation/socketdoc.yaml	https://github.com/VitorSVNascimento/Truco-SD/blob/68252239f30e33b9ed863831fa212661354f34a3/api/documentation/socketdoc.yaml
golemfoundation/octant	backend/v2/info/static/websockets-api.yaml	https://github.com/golemfoundation/octant/blob/90a873fac66af2fef277181de972fec5d5f51d44/backend/v2/info/static/websockets-api.yaml
brucedominguez/backstage-nomad-local	catalog/apis/streetlights-api.yaml	https://github.com/brucedominguez/backstage-nomad-local/blob/06e5c8e7035b7b8f33d0e3a45d69a2d6cb3efbf9/catalog/apis/streetlights-api.yaml
RidaNaz/Agentic-Todo	specs/005-cloud-advanced-deploy/contracts/reminder-events.yaml	https://github.com/RidaNaz/Agentic-Todo/blob/9831075adebbface42df564aae077b22fb390ec0/specs/005-cloud-advanced-deploy/contracts/reminder-events.yaml
Project-ScholarAI/ScholarAI-Docs	api-doc/AgentBus.yaml	https://github.com/Project-ScholarAI/ScholarAI-Docs/blob/4af36062b35e70488d6b6e21785edaac4f018109/api-doc/AgentBus.yaml
DEFRA/ffc-pay-request-editor	docs/asyncapi.yaml	https://github.com/DEFRA/ffc-pay-request-editor/blob/b274cc7fbe3592c2481a5d3a91e5cea97ba91724/docs/asyncapi.yaml
AravindRTW/APIStrategyPOC	HoundAPI/apidocs/prudentialasyncapispecfile.yaml	https://github.com/AravindRTW/APIStrategyPOC/blob/9b4fe6fa7bef03b56f4107438d09aa47e40be395/HoundAPI/apidocs/prudentialasyncapispecfile.yaml
mknoufi/STOCK_VERIFY_ui	specs/002-system-modernization-and-enhancements/contracts/realtime.yaml	https://github.com/mknoufi/STOCK_VERIFY_ui/blob/53542ed6b262ca1d3f20a948651c602a64b869a7/specs/002-system-modernization-and-enhancements/contracts/realtime.yaml
skunkforce/node-agnostic-datastream-interface	nadi_asyncapi.yaml	https://github.com/skunkforce/node-agnostic-datastream-interface/blob/c4b94d40beef8838c79ae2d74cdb7cb3af637a8c/nadi_asyncapi.yaml
allenheltondev/serverless-websockets	async-api.yaml	https://github.com/allenheltondev/serverless-websockets/blob/a7e12d093fa670b6adbf8f4e848ebdcd5b0c88d8/async-api.yaml
mariacolab/einzelhandel	backend/eventing/asyncapi2.yaml	https://github.com/mariacolab/einzelhandel/blob/6e6daa5cdf67b984c47180b19e1adcba93a86b9f/backend/eventing/asyncapi2.yaml
chathushkaayash/GraphQL-Over-WebSocket-Protocol	server/graphql_over_websocket_asyncapi.yaml	https://github.com/chathushkaayash/GraphQL-Over-WebSocket-Protocol/blob/50c5018f7201b24831dd403a25448f04c394b0bb/server/graphql_over_websocket_asyncapi.yaml
MatthewSnelgrove/chefswap	server/socketdoc.yaml	https://github.com/MatthewSnelgrove/chefswap/blob/239d5f260e87da6cee295e2aaa36bf7ee9fcefab/server/socketdoc.yaml
ziyashaw/backstage_demo2	packages/catalog-model/examples/apis/streetlights-api.yaml	https://github.com/ziyashaw/backstage_demo2/blob/4db6b3989a9ff10b509566f5469aa0fd187a7f5d/packages/catalog-model/examples/apis/streetlights-api.yaml
8cH9azbsFifZ/hangboard	backend/workout/workout_api.yaml	https://github.com/8cH9azbsFifZ/hangboard/blob/d8c804969053ea9a6d25c7f0a7311166faa09f59/backend/workout/workout_api.yaml
RoutineCloud/RoutineCloudServer	backend/openapi_doc/specs/asyncapi.socketio.device.yaml	https://github.com/RoutineCloud/RoutineCloudServer/blob/5e65291b865db75b15cf13629351c68a7d17ddb6/backend/openapi_doc/specs/asyncapi.socketio.device.yaml
genesisAI4/genesis-docs	docs/api/nexus-a2a-ws.yaml	https://github.com/genesisAI4/genesis-docs/blob/a0a878527efe6ef8b64779a4f563405df44b8976/docs/api/nexus-a2a-ws.yaml
zz-plant/ethotechnics.org	public/standards/ethotechnics-events.asyncapi.yaml	https://github.com/zz-plant/ethotechnics.org/blob/da3cb9b5d7ea6b8530a2c366ea989ac17503109b/public/standards/ethotechnics-events.asyncapi.yaml
Okan-wqm/aquaculture_platform	sens-api-gateway/docs/api/asyncapi.yaml	https://github.com/Okan-wqm/aquaculture_platform/blob/da6019ac109df990226377973760d0ae991688c3/sens-api-gateway/docs/api/asyncapi.yaml
voidly-ai/openapi-specs	asyncapi.yaml	https://github.com/voidly-ai/openapi-specs/blob/2bf2ba8cf55d6de145279eca9c6965f24c335063/asyncapi.yaml
ChunPingWang/saga-axon	specs/001-saga-order-transaction/contracts/inventory-events.yaml	https://github.com/ChunPingWang/saga-axon/blob/1ecbdae7d5ebd2571aebb8f37f35fd01bb9e2ad2/specs/001-saga-order-transaction/contracts/inventory-events.yaml
maximilianoPizarro/platform-hub-spoke-config	catalog/industrial-edge-system.yaml	https://github.com/maximilianoPizarro/platform-hub-spoke-config/blob/c20be929ce7a6126a1578d0df57c9bd7977785e8/catalog/industrial-edge-system.yaml
mattbishop/asyncapi-hotels	hotels.yaml	https://github.com/mattbishop/asyncapi-hotels/blob/27a6d479df7667115b29980983b8be8b02013645/hotels.yaml
panand13/backstage	plugins/api-docs/dev/asyncapi-example-api.yaml	https://github.com/panand13/backstage/blob/6cebb9d587224c055516d1ab2958f34bd3659c43/plugins/api-docs/dev/asyncapi-example-api.yaml
Navvyaa/ChatBE	asyncapi.yaml	https://github.com/Navvyaa/ChatBE/blob/d0d0ecc012365e2d7e9ee7e3ac891db3211fb7c5/asyncapi.yaml
kevinswiber/spectral-function-past-tense	example/streetlights.yaml	https://github.com/kevinswiber/spectral-function-past-tense/blob/3fd5d1ad2a01c6c9aef6113d7acf6845f92ee50b/example/streetlights.yaml
DataDog/serverless-sample-app	src/order-service/docs/asyncapi.yaml	https://github.com/DataDog/serverless-sample-app/blob/0e42e7ee960b6034c68891fbfab980c5a488a18f/src/order-service/docs/asyncapi.yaml
one-2-one/task-manager	lab1/backend/server/doc.yaml	https://github.com/one-2-one/task-manager/blob/91177331f64390d0b541cf69f57b00b5366f28e9/lab1/backend/server/doc.yaml
weidmueller/u-os-hub-api	variable-nats-asyncapi.yaml	https://github.com/weidmueller/u-os-hub-api/blob/fefbce7aa801b2f19a49201572f1199a4f6f67ea/variable-nats-asyncapi.yaml
bb-frc-workshops/wpilib-ws-schema	schema/wpilib-ws.yaml	https://github.com/bb-frc-workshops/wpilib-ws-schema/blob/fb60cfd378c1b46b042e9b48b9a83e67a965e408/schema/wpilib-ws.yaml
Jet-labs/jet-admin	socket-events.yaml	https://github.com/Jet-labs/jet-admin/blob/234ac579b13ee5e3a052f7fa808b53f7ce559f66/socket-events.yaml
firestoned/firestone	examples/addressbook/asyncapi.yaml	https://github.com/firestoned/firestone/blob/c301292b2d07daebdd841bfa6b552af99a6b90d1/examples/addressbook/asyncapi.yaml
underpass-ai/rehydration-kernel	api/asyncapi/context-projection.v1beta1.yaml	https://github.com/underpass-ai/rehydration-kernel/blob/5b446a70011a598f7d4d491b6b9755d0fb1c8850/api/asyncapi/context-projection.v1beta1.yaml
raulMrello/AstCalendar	doc/mqtt_api/AstCalendar.yaml	https://github.com/raulMrello/AstCalendar/blob/12d63bf6685d81bca52cb81502dc825d26cf6334/doc/mqtt_api/AstCalendar.yaml
energywebfoundation/ddhub-client-gateway	apps/dsb-client-gateway-frontend/public/ws.yaml	https://github.com/energywebfoundation/ddhub-client-gateway/blob/3620cc2fc5e05b6eca04014f41521bb5a2cf1d91/apps/dsb-client-gateway-frontend/public/ws.yaml
zch4321/MarketDataPipeline	docs/asyncapi.yaml	https://github.com/zch4321/MarketDataPipeline/blob/21a6295bfbe7b598befd608403ca04d7f7dc4a85/docs/asyncapi.yaml
keithralphs/DiscoveryTest	subfolder/locations/entities/subscriptions.yaml	https://github.com/keithralphs/DiscoveryTest/blob/8c2890e57353a95fe7728b0dacd5238922880c68/subfolder/locations/entities/subscriptions.yaml
ClearEyesFullHearts/mft	apps/config-handler/asyncapi/1.0.0/mft.yaml	https://github.com/ClearEyesFullHearts/mft/blob/a1672d2376ade59bd828ac692481f2b4e9fcace9/apps/config-handler/asyncapi/1.0.0/mft.yaml
Mrc0113/smarttown	asyncapi/Heating Cooling Controllers - EXTERNAL.yaml	https://github.com/Mrc0113/smarttown/blob/e7e9d2b221b87cc8a64f6c091f7bbf24556a0761/asyncapi/Heating%20Cooling%20Controllers%20-%20EXTERNAL.yaml
welthee/tx-executor-client	api/tx-api.yaml	https://github.com/welthee/tx-executor-client/blob/b535dc564dbce02d6f428bb00ea92cb4a3004cb9/api/tx-api.yaml
minhnguyen102/CDTN_BE	socket.yaml	https://github.com/minhnguyen102/CDTN_BE/blob/21c93937e5dd88e7207e8c050cfc16fe448da208/socket.yaml
durable-workflow/durable-workflow.github.io	static/platform-protocol-specs/worker-protocol-stream.asyncapi.yaml	https://github.com/durable-workflow/durable-workflow.github.io/blob/69c96e68a9246e6c26e17a9252b085770d9734af/static/platform-protocol-specs/worker-protocol-stream.asyncapi.yaml
UNIZAR-30226-2025-05/adrenalux-backend	asyncapi.yaml	https://github.com/UNIZAR-30226-2025-05/adrenalux-backend/blob/2b74913788d869eeb2a03c5994329e466ccab24b/asyncapi.yaml
UNIZAR-30226-2021-13/UniTrivia_backend	api/asyncapi.yaml	https://github.com/UNIZAR-30226-2021-13/UniTrivia_backend/blob/6a82b5b5e3727196eb25d962fc127103158e05fe/api/asyncapi.yaml
DEFRA/ffc-pay-event-hub	docs/asyncapi.yaml	https://github.com/DEFRA/ffc-pay-event-hub/blob/a792e542814008c782bbe3e5db1af522c017c248/docs/asyncapi.yaml
spaced-repetition-learner/srscs-deck-service	api/asyncAPI.yaml	https://github.com/spaced-repetition-learner/srscs-deck-service/blob/199a9cfdc387374caf12b6afb8e5bc51aad8b429/api/asyncAPI.yaml
SolaceLabs/ep-asyncapi-importer	example/acme/PassengerApp.yaml	https://github.com/SolaceLabs/ep-asyncapi-importer/blob/b3db7eeb51067c098c51318dc1db21348e8c4d19/example/acme/PassengerApp.yaml
DiamondLightSource/subscriptions	docs/user/reference/asyncapi.yaml	https://github.com/DiamondLightSource/subscriptions/blob/1cfe96ff8dd364902d54d2b4a55001fa09f21347/docs/user/reference/asyncapi.yaml
nekofar/warpcast	asyncapi/index.yaml	https://github.com/nekofar/warpcast/blob/e3612cbaac5715feab95424a344b9839c62eb35b/asyncapi/index.yaml
H1lp0p/fins-web	openapi/asyncApi.transactions.yaml	https://github.com/H1lp0p/fins-web/blob/a2087cff098a44b43a17d08098b885154081ba41/openapi/asyncApi.transactions.yaml
jfriisj/real-time-speech-translation-mvp	services/gateway-websocket/generated/asyncapi/asyncapi.yaml	https://github.com/jfriisj/real-time-speech-translation-mvp/blob/86c9a55c3a50f6d6b91ec46100b80a3bd7999ba9/services/gateway-websocket/generated/asyncapi/asyncapi.yaml
adalbertocajueiro/edscorbot-c-cpp	edscorbot-async-api.yaml	https://github.com/adalbertocajueiro/edscorbot-c-cpp/blob/0d8f988962abdc9820d20a43827a4cb6a1fcd9f6/edscorbot-async-api.yaml
PlutoneonConsultancy/api-console	demo/models/APIC-560/APIC-560.yaml	https://github.com/PlutoneonConsultancy/api-console/blob/a1b3fc59e2cad42c65405222d8d41a928215707d/demo/models/APIC-560/APIC-560.yaml
konfig-dev/backstage-plugin-konfig	plugins/backstage-plugin-konfig/dev/asyncapi-example-api.yaml	https://github.com/konfig-dev/backstage-plugin-konfig/blob/c588e6475b2b166c6077cbbd307fc2d1e861a9a5/plugins/backstage-plugin-konfig/dev/asyncapi-example-api.yaml
lalit774/backstage-app	examples/apis/streetlights-api.yaml	https://github.com/lalit774/backstage-app/blob/c848ef6184e22637033b95d1b5d9d97b67fc1d6d/examples/apis/streetlights-api.yaml
c4rth/backstage-demo-config	catalog/apis/streetlights-api.yaml	https://github.com/c4rth/backstage-demo-config/blob/a673f2088aae8c102e0df5417e3804388f3f179a/catalog/apis/streetlights-api.yaml
AndrienkoAleksandr/catalog-model	examples/apis/streetlights-api.yaml	https://github.com/AndrienkoAleksandr/catalog-model/blob/85471af948c4d87e24ab0c9ec879f8fb8cfba834/examples/apis/streetlights-api.yaml
arnaldoprado74/backstage	oss/backstage/packages/catalog-model/examples/apis/streetlights-api.yaml	https://github.com/arnaldoprado74/backstage/blob/cf5f12dd90e4706236bf07bab27e7551b4de3401/oss/backstage/packages/catalog-model/examples/apis/streetlights-api.yaml
mknoufi/stock-verify-system	specs/002-system-modernization-and-enhancements/contracts/realtime.yaml	https://github.com/mknoufi/stock-verify-system/blob/8abc0e7ec6a27723d00d88e76598b4a8e49056ae/specs/002-system-modernization-and-enhancements/contracts/realtime.yaml
mknoufi/stck-new	specs/002-system-modernization-and-enhancements/contracts/realtime.yaml	https://github.com/mknoufi/stck-new/blob/2fc64bdfd6fc56233ff905972feb68a0b376e4aa/specs/002-system-modernization-and-enhancements/contracts/realtime.yaml
AccelByte/extend-event-handler-with-mongodb-csharp	src/AccelByte.PluginArch.EventHandler.Demo.Server/Protos/iam/oauth/v1/oauth.yaml	https://github.com/AccelByte/extend-event-handler-with-mongodb-csharp/blob/bcda6e34e9f4cec5c1c716419714e561f6ad0d3e/src/AccelByte.PluginArch.EventHandler.Demo.Server/Protos/iam/oauth/v1/oauth.yaml
ziyashaw/backstage_demo	packages/catalog-model/examples/apis/streetlights-api.yaml	https://github.com/ziyashaw/backstage_demo/blob/e884b579ba3ca5ff7d7fb34e5e6966000cf2ddf1/packages/catalog-model/examples/apis/streetlights-api.yaml
sohailhaider/backstage-search-github-issues-plugin	plugins/api-docs/dev/asyncapi-example-api.yaml	https://github.com/sohailhaider/backstage-search-github-issues-plugin/blob/8138adcbf41d3925dc861a8ec242fe7bf8b45d78/plugins/api-docs/dev/asyncapi-example-api.yaml
BalaNarvar/BackStage1	plugins/api-docs/dev/asyncapi-example-api.yaml	https://github.com/BalaNarvar/BackStage1/blob/9b3b2e6594c111a5bf6d90183714dfd64625547f/plugins/api-docs/dev/asyncapi-example-api.yaml
etrolls/backstage	plugins/api-docs/dev/asyncapi-example-api.yaml	https://github.com/etrolls/backstage/blob/58ec200cbf7d813593538bcc1b978737315b622d/plugins/api-docs/dev/asyncapi-example-api.yaml
McLaouth/backstage	plugins/api-docs/dev/asyncapi-example-api.yaml	https://github.com/McLaouth/backstage/blob/80c627d098d8ae9aa1b6e73911e442d2fe6aab27/plugins/api-docs/dev/asyncapi-example-api.yaml
deivid11/tide-commander	docs/asyncapi.yaml	https://github.com/deivid11/tide-commander/blob/7ede8267ec07a4c68199aaebb61b5a945de7100e/docs/asyncapi.yaml
verona-interfaces/editor	editorapi.yaml	https://github.com/verona-interfaces/editor/blob/42666eb1987cc4b79a9f98c82844f9991247d52e/editorapi.yaml
cristianve/VibrationsGame-Backend	api/vibration-async.yaml	https://github.com/cristianve/VibrationsGame-Backend/blob/27d626fa569f6525639ac483f982871a76a77c27/api/vibration-async.yaml
hdulay/streaming-data-mesh	asyncapi.yaml	https://github.com/hdulay/streaming-data-mesh/blob/590422251e652460d4ee5b243df225888b2bc41f/asyncapi.yaml
ha-securemtr/ha-securemtr	docs/securemtr_asyncapi.yaml	https://github.com/ha-securemtr/ha-securemtr/blob/ebc537568130c3cfd6507c02a8c3d4ff65324cc3/docs/securemtr_asyncapi.yaml
Navdeep-12/Backstage	packages/catalog-model/examples/apis/streetlights-api.yaml	https://github.com/Navdeep-12/Backstage/blob/708e754f91709b887dbc075927a4cf17c0e06aab/packages/catalog-model/examples/apis/streetlights-api.yaml
davesienkowski/mastercontrol-apidocs-conversion	asyncapi/mastercontrol.yaml	https://github.com/davesienkowski/mastercontrol-apidocs-conversion/blob/0bef257d12e897a700a566242475ee49cc90471b/asyncapi/mastercontrol.yaml
leefreemanxyz/redocly-async-api-reproduction	bundled.yaml	https://github.com/leefreemanxyz/redocly-async-api-reproduction/blob/3bf9dc2ab85f03c92843bb08a3c6a0237a9e6104/bundled.yaml
reza-sanjari/2L1nk	api-spec/asyncapi.yaml	https://github.com/reza-sanjari/2L1nk/blob/7477ad91140314f99e9bf07e2f608cd8f9269946/api-spec/asyncapi.yaml
isehuetdk/backstage	plugins/api-docs/dev/asyncapi-example-api.yaml	https://github.com/isehuetdk/backstage/blob/22eca5b841b8c3b7e6029ea120786f437a3cca04/plugins/api-docs/dev/asyncapi-example-api.yaml
bcwilsondotcom/nx-monorepo-template	specs/001-this-is-a/contracts/template-events.asyncapi.yaml	https://github.com/bcwilsondotcom/nx-monorepo-template/blob/0c62ff05b20e8ec1ae3705c6ca3884a21285f304/specs/001-this-is-a/contracts/template-events.asyncapi.yaml
JLanders96/abw-processor	docs/asyncapi.yaml	https://github.com/JLanders96/abw-processor/blob/08f45497670a8df40718ad1102fb25a79f8300d6/docs/asyncapi.yaml
ChathurangaKCD/bus-tracking-mqtt-websocket-demo	backend/asyncapi.yaml	https://github.com/ChathurangaKCD/bus-tracking-mqtt-websocket-demo/blob/c2b3d65578b81413019d83af1447bcddfd6a4019/backend/asyncapi.yaml
bang-olufsen/beoremote-halo	beoremote-halo-spec.yaml	https://github.com/bang-olufsen/beoremote-halo/blob/e8c7f0d2bfb32caae38b9b36350ec4ec2ad8f37a/beoremote-halo-spec.yaml
lucasheld/wg-ha-app-backend	docs/asyncapi.yaml	https://github.com/lucasheld/wg-ha-app-backend/blob/497600f44a2c43db9411387e512770c6b3552f7c/docs/asyncapi.yaml
ivamuno/redoc-asyncapi	demo/asyncapi.yaml	https://github.com/ivamuno/redoc-asyncapi/blob/0b73f9e3d7a3244b6f2efbb95f32c712eebcf7da/demo/asyncapi.yaml
officialdavidtaylor/leftover-label-printer	contracts/asyncapi.yaml	https://github.com/officialdavidtaylor/leftover-label-printer/blob/738b8081db55e8ce25bd65a61831d6c46086fe6b/contracts/asyncapi.yaml
funny-bunny-corp/payment-executor	src/main/resources/asyncapi/asyncapi.yaml	https://github.com/funny-bunny-corp/payment-executor/blob/976d0b426b537cfa6869dc7a33454cb4663a4360/src/main/resources/asyncapi/asyncapi.yaml
kiransth77/aionmcp	examples/specs/user-events.yaml	https://github.com/kiransth77/aionmcp/blob/3ac62a0666e248277e7b9f19ba1fa9b4f464d027/examples/specs/user-events.yaml
DEFRA/ffc-pay-batch-processor	docs/asyncapi.yaml	https://github.com/DEFRA/ffc-pay-batch-processor/blob/d531ea214391cea7e7f108b0b6f03b28d5aca863/docs/asyncapi.yaml
uri157/trading-chart	TradingChartBackend/docs/api/asyncapi.yaml	https://github.com/uri157/trading-chart/blob/48ae6649aed810188e185de3d4215318a1830b6a/TradingChartBackend/docs/api/asyncapi.yaml
sepa79/PocketHive	docs/spec/asyncapi.yaml	https://github.com/sepa79/PocketHive/blob/f153a2de1a745e4628cdc1c63cac196fa671c12d/docs/spec/asyncapi.yaml
slairu/current	backend/asyncapi.yaml	https://github.com/slairu/current/blob/fbb4a70fbc32f45ada03db5c44d42f72a7b4d26c/backend/asyncapi.yaml
thim81/asyncapi-format	test/json-custom-yaml/output.yaml	https://github.com/thim81/asyncapi-format/blob/be502324b14ba4148bbaf5b40a0d8783d87d2d4c/test/json-custom-yaml/output.yaml
dnesting/sense	realtime/asyncapi.yaml	https://github.com/dnesting/sense/blob/51f4a75a244adb67315f44cd92ffbe6cab5ed044/realtime/asyncapi.yaml
victorbahl/mulequiz	mulequiz/src/main/resources/api/asyncapi.yaml	https://github.com/victorbahl/mulequiz/blob/6012c87e915800b2d4a6d97f78021e202e31c1dc/mulequiz/src/main/resources/api/asyncapi.yaml
yuvraj-chouhan-dev/ready-now-server	config/asyncapi.yaml	https://github.com/yuvraj-chouhan-dev/ready-now-server/blob/7c8b6f3c173f51a9d563b9abb23b05627c6e7881/config/asyncapi.yaml
microcks/microcks	webapp/src/test/resources/io/github/microcks/util/asyncapi/api-maintenance.async-api-spec.yaml	https://github.com/microcks/microcks/blob/dca87422657e0ee5b0818de3c4700f0ffd29a887/webapp/src/test/resources/io/github/microcks/util/asyncapi/api-maintenance.async-api-spec.yaml
GreenRover/async-api-validator	tests/controllers/apis/monalesy_metric_2.5.yaml	https://github.com/GreenRover/async-api-validator/blob/cd80ed58662281eda73765cbf0d4741afd36e45a/tests/controllers/apis/monalesy_metric_2.5.yaml
ayumu203/poke-clone-v4	documents/api/asyncapi/asyncapi.yaml	https://github.com/ayumu203/poke-clone-v4/blob/f24451d7081603b2df6a95d116cae85d5f9d3ce4/documents/api/asyncapi/asyncapi.yaml
runwisp/runwisp	packages/asyncapi/asyncapi.yaml	https://github.com/runwisp/runwisp/blob/8ae88938c35ce932351aae01db100a808127c1da/packages/asyncapi/asyncapi.yaml
codex-k8s/kodex	deprecated/services/external/api-gateway/api/server/asyncapi.yaml	https://github.com/codex-k8s/kodex/blob/36410be229f564ba22fe374522440580be3df7b1/deprecated/services/external/api-gateway/api/server/asyncapi.yaml
mcrawfo2/go-msx	skel/tests/fixtures/before/api/asyncapi.yaml	https://github.com/mcrawfo2/go-msx/blob/62491a6eec0c6e4f3d4d18d4e2c843d53ce7bce0/skel/tests/fixtures/before/api/asyncapi.yaml
adityasneo/Backstage.io	plugins/api-docs/dev/asyncapi-example-api.yaml	https://github.com/adityasneo/Backstage.io/blob/06cb0eca90103493d602a76096ddb0fa25c7cd28/plugins/api-docs/dev/asyncapi-example-api.yaml
davidosantos/backstage	plugins/api-docs/dev/asyncapi-example-api.yaml	https://github.com/davidosantos/backstage/blob/d820584c6df4aa66c927622f86898aa2c1a4fc3f/plugins/api-docs/dev/asyncapi-example-api.yaml
lloydchang/harness-backstage	plugins/api-docs/dev/asyncapi-example-api.yaml	https://github.com/lloydchang/harness-backstage/blob/b132b9db13775609624e1fbdcc1028657ab821e3/plugins/api-docs/dev/asyncapi-example-api.yaml
wilsoniaan/backstage	plugins/api-docs/dev/asyncapi-example-api.yaml	https://github.com/wilsoniaan/backstage/blob/7ea94a0fc9e4825b5bc80fe038056697589994ba/plugins/api-docs/dev/asyncapi-example-api.yaml
lucasheld/masterarbeit-files	wg-ha-app-backend/docs/asyncapi.yaml	https://github.com/lucasheld/masterarbeit-files/blob/a5e51fa3ebe4500f980a9aa77f77f09bf26864bc/wg-ha-app-backend/docs/asyncapi.yaml
WebFuzzing/Dataset	jdk_21_maven/cs/rest-gui/microcks/webapp/src/test/resources/io/github/microcks/util/asyncapi/api-maintenance.async-api-spec.yaml	https://github.com/WebFuzzing/Dataset/blob/915859080da033fc36feae54bab3ad4a7b04e872/jdk_21_maven/cs/rest-gui/microcks/webapp/src/test/resources/io/github/microcks/util/asyncapi/api-maintenance.async-api-spec.yaml
yu-han-yang/behavior-analyze	microcks/src/webapp/test/resources/io/github/microcks/util/asyncapi/api-maintenance.async-api-spec.yaml	https://github.com/yu-han-yang/behavior-analyze/blob/2eb27deca5fc67011896a21de38c3a68f9edea18/microcks/src/webapp/test/resources/io/github/microcks/util/asyncapi/api-maintenance.async-api-spec.yaml
kaaaaakun/ft_transcendence	asyncapi.yaml	https://github.com/kaaaaakun/ft_transcendence/blob/db30d42f79b777e34e10e803b5c441e405fd1584/asyncapi.yaml
daveshanley/asyncapi-tutorials	specs/pub-sub.yaml	https://github.com/daveshanley/asyncapi-tutorials/blob/4a191f008b21ec19bb4c462214bf3e82e0c52fea/specs/pub-sub.yaml
jeancharles-roger/BlackMagicRestControlUI	doc/Notification.yaml	https://github.com/jeancharles-roger/BlackMagicRestControlUI/blob/5b2ead91af419b5f855290e3ccbb43f2012d69ab/doc/Notification.yaml
changtraisitinh/digital-bank-hub	shared/api-contracts/asyncapi/payment-domain/payment-domain.asyncapi.yaml	https://github.com/changtraisitinh/digital-bank-hub/blob/70ddc024b6ade23310858f07aef98d7485df6f38/shared/api-contracts/asyncapi/payment-domain/payment-domain.asyncapi.yaml
NASA-AMMOS/anms	transcoder/asyncapi.yaml	https://github.com/NASA-AMMOS/anms/blob/105661aa3197d90b3ae6d14b0049912d0a02c52b/transcoder/asyncapi.yaml
OlegNyr/kcproc-matrixkc	docs/acd-contract.yaml	https://github.com/OlegNyr/kcproc-matrixkc/blob/961848798cd57a985827bce10464a859c9140691/docs/acd-contract.yaml
tianshi04/rent-a-girlfriend	services/profile-service/api/asyncapi/asyncapi.yaml	https://github.com/tianshi04/rent-a-girlfriend/blob/05eb6762d7aceaf2d4f5f8a563948c9d222aa795/services/profile-service/api/asyncapi/asyncapi.yaml
MasterVentures/cea-docs	docs/orderbook.yaml	https://github.com/MasterVentures/cea-docs/blob/b00b23cdd4c42f855286c7a594b14e83e93cdeb0/docs/orderbook.yaml
VersaceXcodes/make-a-task-management1234-qr0d4h	backend/asyncapi.yaml	https://github.com/VersaceXcodes/make-a-task-management1234-qr0d4h/blob/1dc601c414e2b2c63dad0f59785afdc30ddd64e5/backend/asyncapi.yaml
iwaag/agoffice	services/worker/src/agoffice_worker/asyncapi/realtime_chat.yaml	https://github.com/iwaag/agoffice/blob/bf3e85bd610b7af70698c70efd19b730cf036c6d/services/worker/src/agoffice_worker/asyncapi/realtime_chat.yaml
amaralc/explore	teams/kernel/taxonomic-units/docs/asyncapi.yaml	https://github.com/amaralc/explore/blob/deb43239b18d5866caffaa220aadfc0a6139b70b/teams/kernel/taxonomic-units/docs/asyncapi.yaml
api-components/amf-components	demo/apis/streetlights2/streetlights2.yaml	https://github.com/api-components/amf-components/blob/878425644eed032c2f2522d36fc9d9da16bc6710/demo/apis/streetlights2/streetlights2.yaml
Remake1/lambda-server	asyncapi.yaml	https://github.com/Remake1/lambda-server/blob/e61828c2031ebaf5939985d3670c7f6cf07517c2/asyncapi.yaml
ArshdevSinghji/iffy-backend	modules/chat-management/asyncapi.yaml	https://github.com/ArshdevSinghji/iffy-backend/blob/5a512ea1c647f14a40da63c0f2e8aab5146de571/modules/chat-management/asyncapi.yaml
kurtrisley/EventDrivenServices	WebPresenceBoundedContext/docs/asyncapi.yaml	https://github.com/kurtrisley/EventDrivenServices/blob/3a00f063acaf630bec331b268b780fd1885f6226/WebPresenceBoundedContext/docs/asyncapi.yaml
BillyBolton/menace	asyncapi/asyncapi.yaml	https://github.com/BillyBolton/menace/blob/ab391523fbbdc08417269dcaf21e660f986e42a4/asyncapi/asyncapi.yaml
michalis003/SmartBin	main/asyncapi.yaml	https://github.com/michalis003/SmartBin/blob/baa6211f924a42e0e3632610cb7b3797b0f6ef3d/main/asyncapi.yaml
OleksandrBazylevych1096/software-arch	asyncapi.yaml	https://github.com/OleksandrBazylevych1096/software-arch/blob/c4e340cc0f895f51e4c47106c689d2ff91d6a0b7/asyncapi.yaml
Unizar-30226-2026-11/Backend	src/sockets/asyncapi.yaml	https://github.com/Unizar-30226-2026-11/Backend/blob/efe8db901addd89db6ded6cf82aa53a523fae8d2/src/sockets/asyncapi.yaml
Central-University-IT-prod/2026-final-command-team-27-backend	docs/asyncapi.yaml	https://github.com/Central-University-IT-prod/2026-final-command-team-27-backend/blob/5d860170a8eb0b9daffdf4175ecd353578fcd9c6/docs/asyncapi.yaml
yelaco/ludofy	docs/api/websocket/asyncapi.yaml	https://github.com/yelaco/ludofy/blob/85df89d034339b575f663e2492023467162f3f40/docs/api/websocket/asyncapi.yaml
pandapan-cute/TriggerGameCompose	docs/03_詳細設計/API設計書/asyncapi.yaml	https://github.com/pandapan-cute/TriggerGameCompose/blob/8f1ed4bad3b0564d737039e8209b7f735f4c7276/docs/03_%E8%A9%B3%E7%B4%B0%E8%A8%AD%E8%A8%88/API%E8%A8%AD%E8%A8%88%E6%9B%B8/asyncapi.yaml
ChiragSethi-1153/ECommerce	Accounts-service/asyncapi.yaml	https://github.com/ChiragSethi-1153/ECommerce/blob/06d02f278e6a9cd31d48976e6d80f6e45b2e0847/Accounts-service/asyncapi.yaml
nikolay-e/diffctx	tests/cases/diff/cicd_and_docs_060_asyncapi_channels.yaml	https://github.com/nikolay-e/diffctx/blob/79c07ddf0a31b0bc327a4c2b215f01cf9c18c64d/tests/cases/diff/cicd_and_docs_060_asyncapi_channels.yaml
Dream-Wood/api-security-analyzer-hack	test-specs/spec.yaml	https://github.com/Dream-Wood/api-security-analyzer-hack/blob/0c21e1766e767e3d03e90f17a6f044bf9dc69a12/test-specs/spec.yaml
ivankahl/asyncapi-food-delivery	asyncapi.yaml	https://github.com/ivankahl/asyncapi-food-delivery/blob/b85bda97a378d30a2730b1904ddef29c82f0f0f9/asyncapi.yaml
LeonardoVincent07/MissionSmith-Demo	contracts/connectivity-apis/asyncapi.yaml	https://github.com/LeonardoVincent07/MissionSmith-Demo/blob/8a20f14df87bcb6b89c266495b68cdcb743cba6e/contracts/connectivity-apis/asyncapi.yaml
Archi-Lab-FAE/fae-team-2-service	api-docs/asyncapi.yaml	https://github.com/Archi-Lab-FAE/fae-team-2-service/blob/8ceee88d5625cd40cfa0175d59cb7378a9660abf/api-docs/asyncapi.yaml
magazino/api-docs	mfm-frontend/0.0.1/asyncapi.yaml	https://github.com/magazino/api-docs/blob/2225e40c652fb74ecfdc545d45ea31a9cf1762c9/mfm-frontend/0.0.1/asyncapi.yaml
dsbaars/btclock-ws-nostr-publish	docs/asyncapi.yaml	https://github.com/dsbaars/btclock-ws-nostr-publish/blob/ed46958e0f4c9848bf4f0537e9e2527687496804/docs/asyncapi.yaml
advanced-rest-client/api-method-documentation	demo/streetlights/streetlights.yaml	https://github.com/advanced-rest-client/api-method-documentation/blob/ab29b649f1f1fd7c5de1bc560d043dd98794ed57/demo/streetlights/streetlights.yaml
ep-infosec/35_mulesoft_api-console	demo/models/streetlights/streetlights.yaml	https://github.com/ep-infosec/35_mulesoft_api-console/blob/a48673b3e0f7642e1767e5281e957e5521863b87/demo/models/streetlights/streetlights.yaml
ep-infosec/14_mulesoft_api-console	demo/models/streetlights/streetlights.yaml	https://github.com/ep-infosec/14_mulesoft_api-console/blob/b7a4fbd723730350cc2bf8aa785270b2f552781c/demo/models/streetlights/streetlights.yaml
VersaceXcodes/make-a-task-management1234-dbwz8a	backend/asyncapi.yaml	https://github.com/VersaceXcodes/make-a-task-management1234-dbwz8a/blob/7fb9f4978e602ca6124546c1ac22ba05b68b1cbd/backend/asyncapi.yaml
paulCormierProgressive/EventDrivenServices	WebPresenceBoundedContext/docs/asyncapi.yaml	https://github.com/paulCormierProgressive/EventDrivenServices/blob/20f93334a459b4208319d1faf170d3b454dfa53f/WebPresenceBoundedContext/docs/asyncapi.yaml
kurtrisley/DemoEventDrivenService	WebPresenceBoundedContext/docs/asyncapi.yaml	https://github.com/kurtrisley/DemoEventDrivenService/blob/776ecf8271f32cd6e6e05e9f89cea234bf43ea36/WebPresenceBoundedContext/docs/asyncapi.yaml
chess-vn/slchess	docs/api/websocket/asyncapi.yaml	https://github.com/chess-vn/slchess/blob/7d9cbb7b65b69a7a012c23034b0f014a7be759b9/docs/api/websocket/asyncapi.yaml
pproenca/agent-tui	docs/api/asyncapi.yaml	https://github.com/pproenca/agent-tui/blob/d5997c0c03298ad0350ba85a6b18ac96955373ce/docs/api/asyncapi.yaml
sjswerdloff/dicomweb_openapi	ups-rs-asyncapi-spec.yaml	https://github.com/sjswerdloff/dicomweb_openapi/blob/87dff4238a87dd1473671df833732b738d1f5927/ups-rs-asyncapi-spec.yaml
bitrockteam/kafka-dvs-api	src/main/resources/asyncapi.yaml	https://github.com/bitrockteam/kafka-dvs-api/blob/a8162ad5e6b682ce2e108cf02d3336ad08d3231c/src/main/resources/asyncapi.yaml
VersaceXcodes/ui-design-tjtwx4	backend/asyncapi.yaml	https://github.com/VersaceXcodes/ui-design-tjtwx4/blob/a4cb2ad870a4bdf0f402e6619ebab504430f3289/backend/asyncapi.yaml
api-client/amf-store	demo/streetlights/streetlights.yaml	https://github.com/api-client/amf-store/blob/20349fce20150115aa956a41515888a2c695968d/demo/streetlights/streetlights.yaml
kasrasabertehrani/mancala	src/main/resources/static/asyncapi.yaml	https://github.com/kasrasabertehrani/mancala/blob/f6a8d99beb0503bdd95bd695c8558ca88e191dea/src/main/resources/static/asyncapi.yaml
SaaSy-Solutions/mockforge	examples/specs/iot-asyncapi.yaml	https://github.com/SaaSy-Solutions/mockforge/blob/67f2ae77f361e008ba5a628c757c66e2ea5a4191/examples/specs/iot-asyncapi.yaml
4g3nt4333/Ascy-website	public/resources/casestudies/adeo/asyncapi.yaml	https://github.com/4g3nt4333/Ascy-website/blob/837f12dc594d46f69b049667836fdf7e85b75d2f/public/resources/casestudies/adeo/asyncapi.yaml
DimitriosSpanos1998/My_version	asyncapi-mongo-lab/src/examples/sample-asyncapi.yaml	https://github.com/DimitriosSpanos1998/My_version/blob/04c7b579d9fe8baf35731d3e99ca1799956bfc08/asyncapi-mongo-lab/src/examples/sample-asyncapi.yaml
holstein13/mcp-config-manager	documentation/design/specs/001-cross-platform-gui/contracts/event-contract.yaml	https://github.com/holstein13/mcp-config-manager/blob/3ca92556d5b710833336d797b9eaf8c4562af28a/documentation/design/specs/001-cross-platform-gui/contracts/event-contract.yaml
pagopa/idpay-notification-manager	specs/asyncapi.yaml	https://github.com/pagopa/idpay-notification-manager/blob/84424a0d09308909dce6de2599758125ab1fad40/specs/asyncapi.yaml
DEFRA/ffc-pay-processing	docs/asyncapi.yaml	https://github.com/DEFRA/ffc-pay-processing/blob/c50aa19483842e050c90e15ff3f7ecd65895835a/docs/asyncapi.yaml
lbaker2/nest-cqrs-example	asyncapi.yaml	https://github.com/lbaker2/nest-cqrs-example/blob/27d1e8a1d587816c192d5c4b285aab5491bd17e0/asyncapi.yaml
pagopa/idpay-onboarding-workflow	specs/asyncapi.yaml	https://github.com/pagopa/idpay-onboarding-workflow/blob/05a8221614961be66b0f2718c77af6e50e2fa01d/specs/asyncapi.yaml
arc-framework/arc-platform	services/voice/contracts/asyncapi.yaml	https://github.com/arc-framework/arc-platform/blob/a4f97ee9771e79fabb3d4680893e9ac0bc3b5150/services/voice/contracts/asyncapi.yaml
leopcaraballo/RLApp-V2	apps/backend/docs/api/asyncapi.yaml	https://github.com/leopcaraballo/RLApp-V2/blob/21bf629d25f37f22764296606d3ebaad5cbbda80/apps/backend/docs/api/asyncapi.yaml
hanEck/distributed-software-architecture	services/asyncapi/asyncapi.yaml	https://github.com/hanEck/distributed-software-architecture/blob/f01400b9ace7bccc38702083efda4fc91087acba/services/asyncapi/asyncapi.yaml
BarminGeorge/ShuKnow	docs/asyncapi.yaml	https://github.com/BarminGeorge/ShuKnow/blob/e86826af2bcf36ecd7f7abb71985f8e33205a44f/docs/asyncapi.yaml
om-nitrox/dating	docs/api/asyncapi.yaml	https://github.com/om-nitrox/dating/blob/ed55d82dd2bb29a9195e8fb5fb0e0a85d1d1e8db/docs/api/asyncapi.yaml
markbac/examples-diags-apis	APIs/asyncapi.yaml	https://github.com/markbac/examples-diags-apis/blob/ebb377257659ddd6427a069ad09e6e8596da5a45/APIs/asyncapi.yaml
Metsuk1/bybitParser	asyncapi.yaml	https://github.com/Metsuk1/bybitParser/blob/9abbc45adaab2c2c8aba1fea090dac35f9f78e5d/asyncapi.yaml
codacy/codacy-spectral	docs/multiple-tests/without-config-file/src/signup.yaml	https://github.com/codacy/codacy-spectral/blob/9d57be2121315b6fbda2a175ba7af835be6d7fd0/docs/multiple-tests/without-config-file/src/signup.yaml
entente-dev/entente	packages/fixtures/test/specs/castles-asyncapi.yaml	https://github.com/entente-dev/entente/blob/9e6bdcb540eb41d9e11ef7bd8aa28f0f38488461/packages/fixtures/test/specs/castles-asyncapi.yaml
VersaceXcodes/make-a-task-ma-uonxvv	backend/asyncapi.yaml	https://github.com/VersaceXcodes/make-a-task-ma-uonxvv/blob/a5366d71cb50c2db83b6f93d439dd46d9f28ef36/backend/asyncapi.yaml
qconn-io/apim-backstage	backstage/templates/event-asyncapi/content/asyncapi.yaml	https://github.com/qconn-io/apim-backstage/blob/f0db3f71ad2f7c3bf2ab3988160c0b31efa8f932/backstage/templates/event-asyncapi/content/asyncapi.yaml
Vrock691/Whist-algebrique	server/internal/api/asyncapi.yaml	https://github.com/Vrock691/Whist-algebrique/blob/e2a5757289d053db6ae1bc5d841ecfc29351d0b4/server/internal/api/asyncapi.yaml
CreditMutuelArkea/asyncapi-parser	src/test/resources/asyncapi.yaml	https://github.com/CreditMutuelArkea/asyncapi-parser/blob/940aad38ae49c779555a29600495300a0f011c56/src/test/resources/asyncapi.yaml
VersaceXcodes/ui-design-h3glv2	backend/asyncapi.yaml	https://github.com/VersaceXcodes/ui-design-h3glv2/blob/15f06d453b3522886421211eaf44e14591446632/backend/asyncapi.yaml
VersaceXcodes/ui-design-l3w1mm	backend/asyncapi.yaml	https://github.com/VersaceXcodes/ui-design-l3w1mm/blob/6990a400a6e96e5f850f6efd5132b8b76eb9cd76/backend/asyncapi.yaml
VersaceXcodes/ui-design-voraox	backend/asyncapi.yaml	https://github.com/VersaceXcodes/ui-design-voraox/blob/05da3e62327a3230a4310de145a7826a6a8f310e/backend/asyncapi.yaml
VersaceXcodes/ui-design-7jcl18	backend/asyncapi.yaml	https://github.com/VersaceXcodes/ui-design-7jcl18/blob/27b4b1e523b1fc101383a3c16566f7ed13e81110/backend/asyncapi.yaml
asyncapi-actions-testing/website	public/resources/casestudies/adeo/asyncapi.yaml	https://github.com/asyncapi-actions-testing/website/blob/638b9d665627849fc14e11755a4db21abfd0ad78/public/resources/casestudies/adeo/asyncapi.yaml
markusfc/distributed-systems	services/asyncapi/asyncapi.yaml	https://github.com/markusfc/distributed-systems/blob/f01400b9ace7bccc38702083efda4fc91087acba/services/asyncapi/asyncapi.yaml
feytox/ShuKnow	docs/asyncapi.yaml	https://github.com/feytox/ShuKnow/blob/407c944cf088ccb72bb3cce3f987763b31325c8c/docs/asyncapi.yaml
wpilibsuite/allwpilib	simulation/halsim_ws_core/doc/wpilib-ws.yaml	https://github.com/wpilibsuite/allwpilib/blob/f1d95ee5f886e87ba2dd0dbd3f78892fef7adbb8/simulation/halsim_ws_core/doc/wpilib-ws.yaml
unfoldedcircle/core-api	dock-api/UCD2-asyncapi.yaml	https://github.com/unfoldedcircle/core-api/blob/c02f34203cd7cf80cc3392285632e0e63536cab0/dock-api/UCD2-asyncapi.yaml
flexiblepower/s2-ws-json	s2-asyncapi/s2-rm-pebc-only.yaml	https://github.com/flexiblepower/s2-ws-json/blob/8dcc4c36abf651a0db478759c0fbc38b486b54d9/s2-asyncapi/s2-rm-pebc-only.yaml
verona-interfaces/player	playerapi.yaml	https://github.com/verona-interfaces/player/blob/72cf5931b3eef24cb1f76fcd19a2d1020a3b7ab2/playerapi.yaml
isurunix/async-api-message-validator	schemas/user-api-schema.yaml	https://github.com/isurunix/async-api-message-validator/blob/4521748d24346bcdb2faf1f7f1b5e65ef7d85351/schemas/user-api-schema.yaml
germanProgq/crypto-hackathon	docs/asyncapi.yaml	https://github.com/germanProgq/crypto-hackathon/blob/d57dfef0f4f7505b71c763e4b26abe048f05c12d/docs/asyncapi.yaml
shashanksaxena-tz/munciplaityTax	specs/1-withholding-reconciliation/contracts/event-w1-filed.yaml	https://github.com/shashanksaxena-tz/munciplaityTax/blob/b968f4ba47c606c28525154d12019ad7dcc7b4d3/specs/1-withholding-reconciliation/contracts/event-w1-filed.yaml
imorrish/blackmagic_camera_control	docs/rest-api-specs/Notification.yaml	https://github.com/imorrish/blackmagic_camera_control/blob/a0e215fd4db75d13bb2e410c8cc273abdcb290ea/docs/rest-api-specs/Notification.yaml
sunnyhealthai/docs	fern/sh-websocket-backend.asyncapi.yaml	https://github.com/sunnyhealthai/docs/blob/db6753ecbe6e9e8b21e0ee2008f9d16f7dbed478/fern/sh-websocket-backend.asyncapi.yaml
Veriflite/portal-api	asyncapi/portal-api.yaml	https://github.com/Veriflite/portal-api/blob/4da8adc6d26d0201ad9ef02ebe31f23123484843/asyncapi/portal-api.yaml
twimprine/GitWorkflow	templates/contracts/asyncapi-template.yaml	https://github.com/twimprine/GitWorkflow/blob/84c93020ef6194348ad404f1c68bbd96b84f5f99/templates/contracts/asyncapi-template.yaml
agarkoff/Bonds	investAPI/src/docs/ws/websock/draft-asyncapi.yaml	https://github.com/agarkoff/Bonds/blob/249ad0d0d6d00470d77ad0e549997e4cc349f6a4/investAPI/src/docs/ws/websock/draft-asyncapi.yaml
rizrmd/zlay	docs/api/asyncapi.yaml	https://github.com/rizrmd/zlay/blob/7d812489e641daa2a5007e9133bcc74c3520d13a/docs/api/asyncapi.yaml
justynroberts/emea-backstage-demo	catalog/apis/asyncapi-apis.yaml	https://github.com/justynroberts/emea-backstage-demo/blob/276776815a7f8b2907d079073a92b91d3a02cedb/catalog/apis/asyncapi-apis.yaml
rvasqz86/manufacturing-mes-streaming-aggregate	docs/asyncapi/kstream-alarm.asyncapi.yaml	https://github.com/rvasqz86/manufacturing-mes-streaming-aggregate/blob/7262a42028b50d1f97072da73ffc5ef8ffcc83bd/docs/asyncapi/kstream-alarm.asyncapi.yaml
MCI-MS-WS2025-Advanced-Project/crazy-labyrinth-gameserver	docs/messaging-spec.yaml	https://github.com/MCI-MS-WS2025-Advanced-Project/crazy-labyrinth-gameserver/blob/25df615c26129357dd8f7f176b673dc1a2368eab/docs/messaging-spec.yaml
henrykey/kone-elevator	elevator-websocket-api-v2.yaml	https://github.com/henrykey/kone-elevator/blob/7a0fdd457e3911cd743d9c840bc203138699c907/elevator-websocket-api-v2.yaml
Guebbit/boilerplate-vue-frontend	asyncapi.yaml	https://github.com/Guebbit/boilerplate-vue-frontend/blob/984dad30b0bcf1b8421daf38bda14f07bbcb419a/asyncapi.yaml
danilfg/bank-test-platform	docs/asyncapi.yaml	https://github.com/danilfg/bank-test-platform/blob/be2a1e6be39498e742cde0185a58a5c963e32943/docs/asyncapi.yaml
ewanvidal/SimuMarty	docs/api-websocket.yaml	https://github.com/ewanvidal/SimuMarty/blob/e03afcdda7659d19e19da80e8783120782d86d9a/docs/api-websocket.yaml
LingshijunRenzy/ICS-guard-next	docs/kafka-asyncapi.yaml	https://github.com/LingshijunRenzy/ICS-guard-next/blob/470f37842648cb3afb880c6c8f522a7e06fddc11/docs/kafka-asyncapi.yaml
ThomasWimprine/LangChangeWorkflows	templates/contracts/asyncapi-template.yaml	https://github.com/ThomasWimprine/LangChangeWorkflows/blob/dbddd9aefd5320bc2a10ca6d0a45d9e73415b9d7/templates/contracts/asyncapi-template.yaml
kdcube/kdcube-ai-app	app/ai-app/src/kdcube-ai-app/kdcube_ai_app/apps/chat/ingress/socketio.asyncapi.yaml	https://github.com/kdcube/kdcube-ai-app/blob/b393a8496efd532f5614c5679ddca5f389436271/app/ai-app/src/kdcube-ai-app/kdcube_ai_app/apps/chat/ingress/socketio.asyncapi.yaml
christian-photo/ninaAPI	ninaAPI/websocket_spec.yaml	https://github.com/christian-photo/ninaAPI/blob/dee9cc7be52c729c54371784a439f51b9a872bd7/ninaAPI/websocket_spec.yaml
VersaceXcodes/build-an-online-web-application	backend/asyncapi.yaml	https://github.com/VersaceXcodes/build-an-online-web-application/blob/a7b7b134904c4e0ac312672e58f3b226310ca262/backend/asyncapi.yaml
VersaceXcodes/urgent-same-day-delivery-shalj7	backend/asyncapi.yaml	https://github.com/VersaceXcodes/urgent-same-day-delivery-shalj7/blob/e6f9559268940cab948a215ab1471a6310e69bbb/backend/asyncapi.yaml
mnabli94/ecommerce-microservices	events-api/src/main/resources/asyncapi.yaml	https://github.com/mnabli94/ecommerce-microservices/blob/458171bcb228c1b02286a13e63479254bfc46059/events-api/src/main/resources/asyncapi.yaml
dgnsrekt/gexbot-faker-api	api/asyncapi.yaml	https://github.com/dgnsrekt/gexbot-faker-api/blob/df8f09c8a4a0680961cb0c2268f478aebb3dbd1a/api/asyncapi.yaml
IntelIP/Neural	docs/openapi/websocket-api.yaml	https://github.com/IntelIP/Neural/blob/3c4621cecb2c6efc83cf91aa6d9cf17f815bb311/docs/openapi/websocket-api.yaml
Ishou/wordsparrow	game/api/asyncapi.yaml	https://github.com/Ishou/wordsparrow/blob/d3e37ea6276198dc48cd6e2fdaf67381cb2c579d/game/api/asyncapi.yaml
jrevillard/edulift	backend/docs/asyncapi/asyncapi.yaml	https://github.com/jrevillard/edulift/blob/c67317954222899b08660f63b8a037aed044e812/backend/docs/asyncapi/asyncapi.yaml
pagopa/idpay-reward-calculator	specs/asyncapi.yaml	https://github.com/pagopa/idpay-reward-calculator/blob/44e16e2bd8147d2e3011d1fc92ce9f52a3c537c4/specs/asyncapi.yaml
VersaceXcodes/taxi-package-delivery-same-day-6im713	backend/asyncapi.yaml	https://github.com/VersaceXcodes/taxi-package-delivery-same-day-6im713/blob/0a313f242d966d162c8b5023094eaf49a7836aa7/backend/asyncapi.yaml
joass1/ESD-Ticket-booking	docs/asyncapi.yaml	https://github.com/joass1/ESD-Ticket-booking/blob/3171d294e5faca3d1e39efde9e83c55d0e9d2d0a/docs/asyncapi.yaml
VersaceXcodes/make-a-task-management-appdesfwqe3e-0jjxse	backend/asyncapi.yaml	https://github.com/VersaceXcodes/make-a-task-management-appdesfwqe3e-0jjxse/blob/824b8585ad0f49d1646de0f051b513918a3faa89/backend/asyncapi.yaml
VersaceXcodes/real-time-pickups-rvxv5p	backend/asyncapi.yaml	https://github.com/VersaceXcodes/real-time-pickups-rvxv5p/blob/3ac292f15cd319bce745b039bc9a2b9d2bb18e00/backend/asyncapi.yaml
alexeadem/qbo-asyncapi	asyncapi.yaml	https://github.com/alexeadem/qbo-asyncapi/blob/92aa1c65e30708ab5c335dd04951133fb882a0eb/asyncapi.yaml
Elgcopilot/ISUZU-MOCK	asyncapi.yaml	https://github.com/Elgcopilot/ISUZU-MOCK/blob/c79bc7fa8eec589b9055dfeb45039d6312a1e1c7/asyncapi.yaml
VersaceXcodes/construction-materials-supplies-markets-snmlrq	backend/asyncapi.yaml	https://github.com/VersaceXcodes/construction-materials-supplies-markets-snmlrq/blob/3b928a347f8bf07f834a770aa23f94915b958ae1/backend/asyncapi.yaml
VersaceXcodes/delivery-service-within-24-hours-51mbar	backend/asyncapi.yaml	https://github.com/VersaceXcodes/delivery-service-within-24-hours-51mbar/blob/658127b7b8ca300ce2e454f3254068211da53ed2/backend/asyncapi.yaml
funny-bunny-corp/payment-service	src/main/resources/asyncapi/asyncapi.yaml	https://github.com/funny-bunny-corp/payment-service/blob/6dfae016f85361b1b96b40f4803dd5c2ebe00688/src/main/resources/asyncapi/asyncapi.yaml
Analytics4Change/A4C-AppSuite	infrastructure/supabase/contracts/asyncapi/asyncapi.yaml	https://github.com/Analytics4Change/A4C-AppSuite/blob/ffad05aa501ca6399b5ffcd0a5b5690618cd19ba/infrastructure/supabase/contracts/asyncapi/asyncapi.yaml
gmnielsen/wpilib	simulation/halsim_ws_core/doc/wpilib-ws.yaml	https://github.com/gmnielsen/wpilib/blob/a7ae22d7640c3395e9a8ca37dc8c5fe0b7a2a559/simulation/halsim_ws_core/doc/wpilib-ws.yaml
fluximus-prime/fluximus-prime.github.io	docs/private/asyncapi.yaml	https://github.com/fluximus-prime/fluximus-prime.github.io/blob/98b0e4de125c11cc4ec681ffb8f54f18786fa2c3/docs/private/asyncapi.yaml
kidoneself/DockPilot	dockpilot-backend/src/main/resources/asyncapi.yaml	https://github.com/kidoneself/DockPilot/blob/0471fd480216e1a5f53b9a2dcda29d1f3ba7a5a8/dockpilot-backend/src/main/resources/asyncapi.yaml
yojo-generator/gradle-plugin	src/test/resources/example/contract/test.yaml	https://github.com/yojo-generator/gradle-plugin/blob/b1eba785e01bf2d3ec2eba93a69bc3a7b18e291b/src/test/resources/example/contract/test.yaml
rahul-10-byte/multi-video-conferencing-app	contracts/asyncapi.yaml	https://github.com/rahul-10-byte/multi-video-conferencing-app/blob/9be441a7a803df9aea82b6aae85f956667e78a44/contracts/asyncapi.yaml
imaksb/quizy	docs/asyncapi.yaml	https://github.com/imaksb/quizy/blob/b614365494151b49d66131cdaf4dde2f025855f6/docs/asyncapi.yaml
SolaceLabs/solace-ep-codegen	src/test/resources/asyncapi/OrderManagement-0.1.2.yaml	https://github.com/SolaceLabs/solace-ep-codegen/blob/d9e14883a8f0d6f087818d4e08974dbaa0e925a7/src/test/resources/asyncapi/OrderManagement-0.1.2.yaml
kanekoshoyu/asyncapi-rust-ws-template	test/input/v2.yaml	https://github.com/kanekoshoyu/asyncapi-rust-ws-template/blob/d6c4082bd58a58a2c2f254d4d2ec3d7d6d7530ad/test/input/v2.yaml
yankeeinlondon/rusty-biscuit	schematic/specs/unfolded-circle/UCD2-asyncapi.yaml	https://github.com/yankeeinlondon/rusty-biscuit/blob/448c3b66f34243a7cba893503fdd2f289ee14320/schematic/specs/unfolded-circle/UCD2-asyncapi.yaml
bitfocus/companion-module-bmd-cameras	research/Blackmagic URSA Cine 12K LF/control/Notification.yaml	https://github.com/bitfocus/companion-module-bmd-cameras/blob/cbcacc3b13995c97fbcc2bea9c03d239577e9ab1/research/Blackmagic%20URSA%20Cine%2012K%20LF/control/Notification.yaml
innovatrics/smartface-integrations	src/KoneApi/Kone.Api.Client/elevator-websocket-api-v2.yaml	https://github.com/innovatrics/smartface-integrations/blob/65484d4e5e2acf35614d019bb8440d239c21285d/src/KoneApi/Kone.Api.Client/elevator-websocket-api-v2.yaml
faraz7321/robot-elevator-middleware	docs/elevators/KONE/elevator-websocket-api-v2.yaml	https://github.com/faraz7321/robot-elevator-middleware/blob/0d59028384ac2ee3f06b947dc6f9a7c8afb85685/docs/elevators/KONE/elevator-websocket-api-v2.yaml
Guebbit/boilerplate-node-backend	asyncapi.yaml	https://github.com/Guebbit/boilerplate-node-backend/blob/163816683e9c6e80cc5bdd0fd618cddd2bb90e69/asyncapi.yaml
VersaceXcodes/make-a-task-management-appdesfwqe3e-fru29g	backend/asyncapi.yaml	https://github.com/VersaceXcodes/make-a-task-management-appdesfwqe3e-fru29g/blob/53d987a277f27352198994d9b0f09daae3e8be37/backend/asyncapi.yaml
VersaceXcodes/make-a-task-management-appdesfwqe3e-jzaah4	backend/asyncapi.yaml	https://github.com/VersaceXcodes/make-a-task-management-appdesfwqe3e-jzaah4/blob/0a819a42a693cbc00efc787aaffcaabec03a991c/backend/asyncapi.yaml
VersaceXcodes/make-a-task-management-appdesfwqe3e-zpl292	backend/asyncapi.yaml	https://github.com/VersaceXcodes/make-a-task-management-appdesfwqe3e-zpl292/blob/848d7c705fc9d7d118c8ac4e05f57c38ee9746ea/backend/asyncapi.yaml
VersaceXcodes/make-a-task-management-appdesfwqe3e-fzt0ds	backend/asyncapi.yaml	https://github.com/VersaceXcodes/make-a-task-management-appdesfwqe3e-fzt0ds/blob/f38afdf93fd293172e928d687d047bc9df8c9b17/backend/asyncapi.yaml
VersaceXcodes/make-a-task-management-appdesfwqe3e-kq2zyh	backend/asyncapi.yaml	https://github.com/VersaceXcodes/make-a-task-management-appdesfwqe3e-kq2zyh/blob/9c15cc8ba3c720f77e82076030542b5a9c71a57e/backend/asyncapi.yaml
VersaceXcodes/delivery-service-within-24-hours-45vzsd	backend/asyncapi.yaml	https://github.com/VersaceXcodes/delivery-service-within-24-hours-45vzsd/blob/d697aecd6a629fe8e424ce3de1136c2a813eb47b/backend/asyncapi.yaml
cudy789/MAPLE	lib/allwpilib/simulation/halsim_ws_core/doc/wpilib-ws.yaml	https://github.com/cudy789/MAPLE/blob/3be596cac6f3a64b5baebad1baf13641c5c535fe/lib/allwpilib/simulation/halsim_ws_core/doc/wpilib-ws.yaml
jeffmikels/ProPresenter-API	Pro6/asyncapi.yaml	https://github.com/jeffmikels/ProPresenter-API/blob/6e7490671c94a7c9e588274bdf5df6ece1934248/Pro6/asyncapi.yaml
solace-cto-labs/solace-axway-agent	specs/connector.yaml	https://github.com/solace-cto-labs/solace-axway-agent/blob/b7afd239c485976fef32bf44f2459fefc90cd55f/specs/connector.yaml
C7-Digital/c7_ledger	ledger/specs/asyncapi_3.4.7.yaml	https://github.com/C7-Digital/c7_ledger/blob/2ff4257756d0e30a66928a66cfa66317cd4e8eb4/ledger/specs/asyncapi_3.4.7.yaml
metaseller/tinkoff-invest-api-v2-php	library/src/docs/ws/asyncapi.yaml	https://github.com/metaseller/tinkoff-invest-api-v2-php/blob/2c3133bd5dbf637ebb826ea41e9f35731d0b376a/library/src/docs/ws/asyncapi.yaml
tradeparadex/paradex-docs	fern/apis/prod_ws/asyncapi-2.6.0.yaml	https://github.com/tradeparadex/paradex-docs/blob/8239aa032042ddb64ce689754945b1e37e6487ec/fern/apis/prod_ws/asyncapi-2.6.0.yaml
Flissel/requirements-engineer	enterprise_output/whatsapp-messaging-service_20260211_025459/api/asyncapi_spec.yaml	https://github.com/Flissel/requirements-engineer/blob/8e007b4b9ecc45d19676b199ae8c3cae3894087e/enterprise_output/whatsapp-messaging-service_20260211_025459/api/asyncapi_spec.yaml
trakx/canton-api-client	src/Trakx.Canton.ApiClient/OpenApiSpecs/ledger-async.yaml	https://github.com/trakx/canton-api-client/blob/b0c747c2545ae267de489fd841bf66438a5d7606/src/Trakx.Canton.ApiClient/OpenApiSpecs/ledger-async.yaml
Sofie-Automation/sofie-core	packages/live-status-gateway-api/src/generated/asyncapi.yaml	https://github.com/Sofie-Automation/sofie-core/blob/dba153c0b5c3ea333edab947359c01532b14c392/packages/live-status-gateway-api/src/generated/asyncapi.yaml
canton-network/wallet	api-specs/ledger-api/3.4.12/asyncapi.yaml	https://github.com/canton-network/wallet/blob/2143d6b759d3b43b4474c7e73b1e35c0d38401f4/api-specs/ledger-api/3.4.12/asyncapi.yaml
Ashish8951/poker-docs	asyncapi/bundled.yaml	https://github.com/Ashish8951/poker-docs/blob/4de2979af0e3dcc0656ec157687513859cf43b12/asyncapi/bundled.yaml
panovps/t-invest-api	investAPI-main/src/docs/ws/asyncapi.yaml	https://github.com/panovps/t-invest-api/blob/d28136de69761b27c39f7e9deaa1a17c0ddec6fe/investAPI-main/src/docs/ws/asyncapi.yaml
vitalets/tinkoff-invest-api	investAPI-main/src/docs/ws/asyncapi.yaml	https://github.com/vitalets/tinkoff-invest-api/blob/3aaf6ef1df84c0dc4f7488ac9ea2a159a530409a/investAPI-main/src/docs/ws/asyncapi.yaml
solace-cto-labs/solace-amplify-discovery-agent	codegen/connector.yaml	https://github.com/solace-cto-labs/solace-amplify-discovery-agent/blob/4ae4e4c5cede3163ceaa9be2cb47b88e68e0025c/codegen/connector.yaml
mariabrykulskaa/robond	t-invest-api-rust/invest-contracts/src/docs/ws/asyncapi.yaml	https://github.com/mariabrykulskaa/robond/blob/a7cabbd59bea81fa23bf74fbe068b9e6191ef19a/t-invest-api-rust/invest-contracts/src/docs/ws/asyncapi.yaml
digital-asset/canton	community/ledger/ledger-json-api/src/test/resources/json-api-docs/asyncapi.yaml	https://github.com/digital-asset/canton/blob/8d252e6592354ac244eb65c850c4ef2a9a9b63c2/community/ledger/ledger-json-api/src/test/resources/json-api-docs/asyncapi.yaml
gerasimov-d/flow-ops	invest-csharp/investAPI/src/docs/ws/asyncapi.yaml	https://github.com/gerasimov-d/flow-ops/blob/362fda17ec80639e65b6160c2f5aaa98da5dff78/invest-csharp/investAPI/src/docs/ws/asyncapi.yaml
Flissel/Coding_engine	Data/all_services/whatsapp-messaging-service_20260211_025459/api/asyncapi_spec.yaml	https://github.com/Flissel/Coding_engine/blob/ad67a07bf26043485262beaabf12c7d7a9b2a6c5/Data/all_services/whatsapp-messaging-service_20260211_025459/api/asyncapi_spec.yaml
Flissel/DaveFelix-Coding-Engine	Data/all_services/whatsapp-messaging-service_20260211_025459/api/asyncapi_spec.yaml	https://github.com/Flissel/DaveFelix-Coding-Engine/blob/c1df852bb43bfc059c0263474731b32870a8c76e/Data/all_services/whatsapp-messaging-service_20260211_025459/api/asyncapi_spec.yaml
canton-network/splice	canton/community/ledger/ledger-json-api/src/test/resources/json-api-docs/asyncapi.yaml	https://github.com/canton-network/splice/blob/c68a05c0902b0abda487b91c5326e1f7681d68cf/canton/community/ledger/ledger-json-api/src/test/resources/json-api-docs/asyncapi.yaml
canton-network/cf-docs	tests/fixtures/characterization/asyncapi/input/cache/3.4.12/asyncapi.yaml	https://github.com/canton-network/cf-docs/blob/00ca314527ff32428147268d1e7cec1a1337dc7e/tests/fixtures/characterization/asyncapi/input/cache/3.4.12/asyncapi.yaml
MakShuk/t-invest-grpc-sdk	investAPI-main/src/docs/ws/asyncapi.yaml	https://github.com/MakShuk/t-invest-grpc-sdk/blob/bc0759a06c7568782d2094404de8aafbc1a67683/investAPI-main/src/docs/ws/asyncapi.yaml
robond-fintech/robond	t-invest-api-rust/invest-contracts/src/docs/ws/asyncapi.yaml	https://github.com/robond-fintech/robond/blob/8665a31cb49671b3ac8460e9e6064fe40df098a7/t-invest-api-rust/invest-contracts/src/docs/ws/asyncapi.yaml
