Redocly/redocly-cli	resources/asyncapi3.yaml	https://github.com/Redocly/redocly-cli/blob/8becb8acf8d9bbf071e9d13f5ef3f511683cfe8c/resources/asyncapi3.yaml
Sunagatov/Iced-Latte	docs/events/asyncapi.yaml	https://github.com/Sunagatov/Iced-Latte/blob/000aac140b1bc26ba85cc31a60db830eb77b35cc/docs/events/asyncapi.yaml
openfoodfacts/openfoodfacts-server	docs/events/openfoodfacts-server.yaml	https://github.com/openfoodfacts/openfoodfacts-server/blob/20ef2ed0eb4aec12ccf3fcf31f5883faa53537ce/docs/events/openfoodfacts-server.yaml
marle3003/mokapi	examples/kafka/asyncapi-3/api.yaml	https://github.com/marle3003/mokapi/blob/a742cadbbd68b84c1c2524924261f980778ee4ce/examples/kafka/asyncapi-3/api.yaml
lerenn/asyncapi-codegen	examples/helloworld/v3/asyncapi.yaml	https://github.com/lerenn/asyncapi-codegen/blob/2974485068d999cadbd12d8cd286e5dde4436050/examples/helloworld/v3/asyncapi.yaml
Harsh4902/kubecon-eu-2026-tutorials	asyncapi/simple-order.yaml	https://github.com/Harsh4902/kubecon-eu-2026-tutorials/blob/25127d5ee6e00dc288cd26d43873194b536889f1/asyncapi/simple-order.yaml
Sriramanenivikas/Intelligent-Warehouse-Orchestration-System	services/fulfillment/task-execution-service/events/asyncapi.yaml	https://github.com/Sriramanenivikas/Intelligent-Warehouse-Orchestration-System/blob/da5b8016bffa22eb9290dab82f383264607c236d/services/fulfillment/task-execution-service/events/asyncapi.yaml
G-USI/asyncapi-python	examples/amqp-work-queue/spec/worker.asyncapi.yaml	https://github.com/G-USI/asyncapi-python/blob/be3fef85e87f386397efcaf68a7346bc1ebddedd/examples/amqp-work-queue/spec/worker.asyncapi.yaml
sanzhanggui/grandma_cook_agent	events/tasks.yaml	https://github.com/sanzhanggui/grandma_cook_agent/blob/8bb226cc2161035feb8c8036cf5e00e1b692e5c3/events/tasks.yaml
FrankSpooren/HolidaiButler	platform-core/specs/asyncapi/flows/SAGA2.yaml	https://github.com/FrankSpooren/HolidaiButler/blob/4f94f46149de21acc2230610e77575284eff26be/platform-core/specs/asyncapi/flows/SAGA2.yaml
mayankshouche/docs-ally	helloworld.asyncapi.yaml	https://github.com/mayankshouche/docs-ally/blob/4e44164a1940695e82edeff6ddd8a1cbfa132a3b/helloworld.asyncapi.yaml
acharyaPawan/ecommerce-platform	services/iam-svc/docs/iam-service.yaml	https://github.com/acharyaPawan/ecommerce-platform/blob/7e5e756011ddeed696edb484d30fefb2b9ea577b/services/iam-svc/docs/iam-service.yaml
bjuvensjo/backstage-slask	data/asyncexample/account-asyncapi-avro-external.yaml	https://github.com/bjuvensjo/backstage-slask/blob/a128b175f2881b4e50c616af55a553856056bfe8/data/asyncexample/account-asyncapi-avro-external.yaml
asyncapi/bundler	example/example-with-nested-dirs/asyncapi/index.yaml	https://github.com/asyncapi/bundler/blob/e45b541a1f0565064f3e732a6c3a348a33e09d99/example/example-with-nested-dirs/asyncapi/index.yaml
ambihome-gmbh/asyncapi	examples/multi_stack/priv/schema/service.yaml	https://github.com/ambihome-gmbh/asyncapi/blob/2f8a84b3e35fb0413093ee801e00b6a81b9c2835/examples/multi_stack/priv/schema/service.yaml
aklivity/zilla	examples/asyncapi.sse.kafka.proxy/etc/specs/sse-asyncapi.yaml	https://github.com/aklivity/zilla/blob/e88ebe9752dc6664234aae73be1e204ab42c211d/examples/asyncapi.sse.kafka.proxy/etc/specs/sse-asyncapi.yaml
fernandoeqc/log_stream	docs/dam/backstage.yaml	https://github.com/fernandoeqc/log_stream/blob/717d525ee39572186d51192d6371a45e85e47d4c/docs/dam/backstage.yaml
openfoodfacts/openfoodfacts-query	docs/events/openfoodfacts-query.yaml	https://github.com/openfoodfacts/openfoodfacts-query/blob/5b66d85b407c092673696b3a47a4a957310c3f2d/docs/events/openfoodfacts-query.yaml
aniccname/Q-Game	Q-Web-client/src/protocol.yaml	https://github.com/aniccname/Q-Game/blob/0f1f8630512203a89274c2b592c20b57b48fd5b1/Q-Web-client/src/protocol.yaml
ross2p/mindlet-subscription	contracts/events.asyncapi.yaml	https://github.com/ross2p/mindlet-subscription/blob/19cd60b556f335d0fbf38ed344e59ebf17f7b1c6/contracts/events.asyncapi.yaml
ivanztz/sandbox	object-api/src/main/resources/api/async/objects-events-api.yaml	https://github.com/ivanztz/sandbox/blob/54a77850127292709401195acb83bf63212263b4/object-api/src/main/resources/api/async/objects-events-api.yaml
EddieDevLife/agentix-release	asyncapi/agentix-events.asyncapi.yaml	https://github.com/EddieDevLife/agentix-release/blob/fbd7dac2c33abc4c42248ae14a1c93e158d8eebd/asyncapi/agentix-events.asyncapi.yaml
ross2p/mindlet-payment	contracts/events.asyncapi.yaml	https://github.com/ross2p/mindlet-payment/blob/748e46d816bbd39ed8e96f64e01d23fa5c0f6b74/contracts/events.asyncapi.yaml
Brico87/seed-kafka	examples/quarkus/event-consumer/contract_asyncapi_v1.0.yaml	https://github.com/Brico87/seed-kafka/blob/e91ee1e1fe422b54a7ce04f1e22a203827578202/examples/quarkus/event-consumer/contract_asyncapi_v1.0.yaml
ross2p/mindlet-notification	contracts/events.asyncapi.yaml	https://github.com/ross2p/mindlet-notification/blob/85f971e4ce42e3086664e48b4df4d0d0027d421f/contracts/events.asyncapi.yaml
MaximilianWalker/HexRelay	fixtures/contract-parity/fail-nonauth-helper-500/docs/contracts/realtime-events-runtime.asyncapi.yaml	https://github.com/MaximilianWalker/HexRelay/blob/46fe568c293cf032e8dafbfcfca863fde3f142f5/fixtures/contract-parity/fail-nonauth-helper-500/docs/contracts/realtime-events-runtime.asyncapi.yaml
0xFivis/agentic-mesh-arch-kit	_example/contracts/bctx-orders/asyncapi/bctx-orders.order.placed.v1.yaml	https://github.com/0xFivis/agentic-mesh-arch-kit/blob/424e6154011f36b75cbe780f6ccd5dcf1cdb97c8/_example/contracts/bctx-orders/asyncapi/bctx-orders.order.placed.v1.yaml
asimarora/semantic-intelligence-layer	specs/asyncapi/sil-events.yaml	https://github.com/asimarora/semantic-intelligence-layer/blob/57baeb5a46c3cb2355ac1cbe791e95a8b3f58f37/specs/asyncapi/sil-events.yaml
tomascejka/microcks.labs	001_-_microcks_new_openapi/hello.yaml	https://github.com/tomascejka/microcks.labs/blob/3ceb391a24caa9ad953466413a2a52f4f42c4e25/001_-_microcks_new_openapi/hello.yaml
nivreddy14/event-mesh	kustomize/mesh-lob-service/kustomization.yaml	https://github.com/nivreddy14/event-mesh/blob/d9e12940eb85dc9e568c6497f666b86994956f2a/kustomize/mesh-lob-service/kustomization.yaml
meteatamel/asyncapi-basics	samples/hello-asyncapi/hello-world1-3.0.yaml	https://github.com/meteatamel/asyncapi-basics/blob/3372d7a4d4d6cf548ed4780e4901e5425fdd2dcf/samples/hello-asyncapi/hello-world1-3.0.yaml
Split-Receipt/explosive-puppies-contract	asyncApi/lobby-socket-game-start.yaml	https://github.com/Split-Receipt/explosive-puppies-contract/blob/1e79348c80acd93432451e0b101fefc2f7dcd117/asyncApi/lobby-socket-game-start.yaml
gravitee-io/gravitee-api-management	gravitee-apim-rest-api/gravitee-apim-rest-api-service/src/main/resources/templates/default-portal-asyncapi-page-content.yaml	https://github.com/gravitee-io/gravitee-api-management/blob/b98ad6a85a77be333ccaf8ea139c5a5022bef14d/gravitee-apim-rest-api/gravitee-apim-rest-api-service/src/main/resources/templates/default-portal-asyncapi-page-content.yaml
Apress/Crafting-Great-APIs-with-Domain-Driven-Design	chapter-6-4/asyncapi-scaffold.yaml	https://github.com/Apress/Crafting-Great-APIs-with-Domain-Driven-Design/blob/3d63ccccb9f1a3d1bffc0b22364cc0694efc2302/chapter-6-4/asyncapi-scaffold.yaml
Rycen7822/ExAP	reference/asyncapi-provider.yaml	https://github.com/Rycen7822/ExAP/blob/a7ae4aaf3aeb945b0f80c412663dcda399c4bb9b/reference/asyncapi-provider.yaml
eyw520/inspirited-docs	fern/asyncapi.yaml	https://github.com/eyw520/inspirited-docs/blob/2425c0951853b42cac055aa0db8aebbe69329fba/fern/asyncapi.yaml
jlfowle/asterism	services/cluster/api/asyncapi.yaml	https://github.com/jlfowle/asterism/blob/2abedfc96b7e6315929e43996afa1d9bdf902a3f/services/cluster/api/asyncapi.yaml
pre-backstage/producer-repo-public	api/asyncapi/asyncapi.yaml	https://github.com/pre-backstage/producer-repo-public/blob/da9495bbb94f39da02a84bbe532e293e4c284e63/api/asyncapi/asyncapi.yaml
smoya/asyncapi-parser-example	asyncapi.yaml	https://github.com/smoya/asyncapi-parser-example/blob/2a80830e90e0923878364c8530faaf03464c0d50/asyncapi.yaml
postel-sh/postel	openspec/schemas/postel/templates/wire-format-delta.yaml	https://github.com/postel-sh/postel/blob/a0bba74210d1550fc6dafc382810323a6feff2dd/openspec/schemas/postel/templates/wire-format-delta.yaml
Kong/spec-renderer	sandbox/public/specs/openapi-scema-in-async.yaml	https://github.com/Kong/spec-renderer/blob/41fbabedb5a7e2afe5a26955cb65e9423b289155/sandbox/public/specs/openapi-scema-in-async.yaml
romanchaa997/st-risk-platform	contracts/asyncapi.yaml	https://github.com/romanchaa997/st-risk-platform/blob/3725ff94b8450fe581f4db44bc799b5d84f19700/contracts/asyncapi.yaml
laat/asyncapi-generator-repro	asyncapi.yaml	https://github.com/laat/asyncapi-generator-repro/blob/6d0f0c14465e0b60b65d6e6bf82ce30685f96d5c/asyncapi.yaml
frankkilcommins/arazzo-examples	v1.1.0-prep/async-api-examples/sqs/escalation-events-sqs.asyncapi.yaml	https://github.com/frankkilcommins/arazzo-examples/blob/adc5930733e350d88d33c262cdc086dd139f1949/v1.1.0-prep/async-api-examples/sqs/escalation-events-sqs.asyncapi.yaml
balbrench/Spec2Integration	plugins/spec2integration-core/templates/contracts/asyncapi.yaml	https://github.com/balbrench/Spec2Integration/blob/a653ce43470109154eb481e53ec90bf6f8eedf9b/plugins/spec2integration-core/templates/contracts/asyncapi.yaml
picodotdev/blog-bitix	content/posts/2026/2026-05-18-introduccion-y-uso-de-las-especificaciones-de-cloudevents-y-asyncapi/code/orders.yaml	https://github.com/picodotdev/blog-bitix/blob/89378dd346bf5c47578c995a16b84771a6c48301/content/posts/2026/2026-05-18-introduccion-y-uso-de-las-especificaciones-de-cloudevents-y-asyncapi/code/orders.yaml
evryfs/asyncapi-generator	asyncapi-generator-core/src/test/resources/generator/asyncapi_read_write_only.yaml	https://github.com/evryfs/asyncapi-generator/blob/09c8ba8d13d70c690ee8100d2799ae46aa9c39fb/asyncapi-generator-core/src/test/resources/generator/asyncapi_read_write_only.yaml
jacekzwpl/docueye	ExampleWorkspace/asyncapi/onlineshop/basket/asyncapi.yaml	https://github.com/jacekzwpl/docueye/blob/cf62b3fe573b92850fe8e42d4f1288d2bbc6b575/ExampleWorkspace/asyncapi/onlineshop/basket/asyncapi.yaml
J0SAL/kafka-playground	kafka_asyncAPI/asyncapiv3.yaml	https://github.com/J0SAL/kafka-playground/blob/2673b5d9794914831d0e309ec2b8b7cac09e6bd9/kafka_asyncAPI/asyncapiv3.yaml
madebykrol/formr	src/backend/Formr.Api/asyncapi/asyncapi.yaml	https://github.com/madebykrol/formr/blob/fce256ba5e8d9e91649fe210f42e0adfc6cdf3c0/src/backend/Formr.Api/asyncapi/asyncapi.yaml
Netcracker/qubership-apihub-api-processor	test/projects/asyncapi-deduplication/cross-document-dedup/after2.yaml	https://github.com/Netcracker/qubership-apihub-api-processor/blob/18c3a5d935e5aa9f80d186064e3bb4f21bb07eae/test/projects/asyncapi-deduplication/cross-document-dedup/after2.yaml
openfoodfacts/documentation	docs/product-opener/events/openfoodfacts-server.yaml	https://github.com/openfoodfacts/documentation/blob/90b4fac9eb1506ff02d0bedc1f546ef2be6ac008/docs/product-opener/events/openfoodfacts-server.yaml
dimonoff/asyncapi-codegen	examples/helloworld/v3/asyncapi.yaml	https://github.com/dimonoff/asyncapi-codegen/blob/cd9302f8cc375019e54b9b61072db7866dba1384/examples/helloworld/v3/asyncapi.yaml
a-grasso/master-thesis-public	spikes/service-generation-spike/asyncapi/simple.yaml	https://github.com/a-grasso/master-thesis-public/blob/3c248403e33fddfe5ba7bec3d55685d38c037ea1/spikes/service-generation-spike/asyncapi/simple.yaml
thealmikey/zilla-kt	examples/asyncapi.sse.kafka.proxy/etc/specs/sse-asyncapi.yaml	https://github.com/thealmikey/zilla-kt/blob/7f9dc7b14d4ee5ab9b23b4f1a3031e1e88896d02/examples/asyncapi.sse.kafka.proxy/etc/specs/sse-asyncapi.yaml
Souvikns/greet-bot	asyncapi.yaml	https://github.com/Souvikns/greet-bot/blob/e0a86db19de9d790162de679d62b7e274c9d53a5/asyncapi.yaml
asyncapi/jasyncapi-idea-plugin	src/test/resources/asyncapi-3.0.0.yaml	https://github.com/asyncapi/jasyncapi-idea-plugin/blob/be09627260ac048b4bdc022aa99916735be6b911/src/test/resources/asyncapi-3.0.0.yaml
udamir/api-ref-bundler	test/specs/asyncapi-v3-external/asyncapi-v3-external.yaml	https://github.com/udamir/api-ref-bundler/blob/c8d09a9acaa58c16b61760dc081e2bdec51bb55d/test/specs/asyncapi-v3-external/asyncapi-v3-external.yaml
jqassistant-plugin/jqassistant-asyncapi-plugin	src/test/resources/contractTests/contractWithOnlyAsyncApiVersion.yaml	https://github.com/jqassistant-plugin/jqassistant-asyncapi-plugin/blob/95e978f04474fbaa5975a5da33747f731e0fe5a1/src/test/resources/contractTests/contractWithOnlyAsyncApiVersion.yaml
apiaddicts/sonarasyncapi-rules	src/test/resources/checks/v3/security/AAR001/with-http-protocol.yaml	https://github.com/apiaddicts/sonarasyncapi-rules/blob/0bc5e34b1e8dcce2b6b95f392bf88288bd58a764/src/test/resources/checks/v3/security/AAR001/with-http-protocol.yaml
Netcracker/qubership-integration-runtime-catalog	src/test/resources/asyncapi/v3/kafka-v3-multi-operation.yaml	https://github.com/Netcracker/qubership-integration-runtime-catalog/blob/c7295671d031ce7cfe9c8c9ee71283ff6656531e/src/test/resources/asyncapi/v3/kafka-v3-multi-operation.yaml
aml-org/als	als-suggestions/shared/src/test/resources/test/AsyncAPI2/by-directory/components/schemas/nested-format-applies.yaml	https://github.com/aml-org/als/blob/498c91e6ab0bf0a36edc2488410ae8bdbc52eaae/als-suggestions/shared/src/test/resources/test/AsyncAPI2/by-directory/components/schemas/nested-format-applies.yaml
swagger-api/apidom	packages/apidom-ls/test/fixtures/validation/asyncapi/bindings/sns/sns-channel-binding-allowed-fields-1-0-0.yaml	https://github.com/swagger-api/apidom/blob/c20813a5f609bceea761085a65c54eb0ae971271/packages/apidom-ls/test/fixtures/validation/asyncapi/bindings/sns/sns-channel-binding-allowed-fields-1-0-0.yaml
zuevrs/yanote	yanote-js/test/fixtures/asyncapi/header-runtime-inline-v3.yaml	https://github.com/zuevrs/yanote/blob/9115da173be121b8ff3cb2d9fb5f92d11299562f/yanote-js/test/fixtures/asyncapi/header-runtime-inline-v3.yaml
Netcracker/qubership-integration-platform	runtime-catalog/src/test/resources/asyncapi/v3/kafka-v3-multi-operation.yaml	https://github.com/Netcracker/qubership-integration-platform/blob/b05bac38998e14f8c810890a3bfdf8a8c22ceb8d/runtime-catalog/src/test/resources/asyncapi/v3/kafka-v3-multi-operation.yaml
MRX1205/AIflow	.agents/skills/aiflow/templates/asyncapi.yaml	https://github.com/MRX1205/AIflow/blob/e96e8289d0218526b11d9524ec77cc63c4a40030/.agents/skills/aiflow/templates/asyncapi.yaml
the-codegen-project/cli	test/configs/headers.yaml	https://github.com/the-codegen-project/cli/blob/43bb4f0ed8bf5a5d6118fa74f74d15ed77c6917d/test/configs/headers.yaml
asynq-io/pydantic-asyncapi	tests/fixtures/v3/simple.yaml	https://github.com/asynq-io/pydantic-asyncapi/blob/d29ef3fd49e1d18bd4fb4e5c53df6ec71b0b5d4e/tests/fixtures/v3/simple.yaml
barbacane-dev/barbacane	tests/fixtures/kafka-dispatch.yaml	https://github.com/barbacane-dev/barbacane/blob/bb08eb0d34994c98c28e0ad0fe0e5a5d28de2be2/tests/fixtures/kafka-dispatch.yaml
openfoodfacts/openfoodfacts-auth	docs/events/openfoodfacts-auth.yaml	https://github.com/openfoodfacts/openfoodfacts-auth/blob/3226f445e7693cb3f9fe08020c932d13aa3c9284/docs/events/openfoodfacts-auth.yaml
chainloop-dev/chainloop	pkg/attestation/crafter/materials/testdata/asyncapi-3.0.yaml	https://github.com/chainloop-dev/chainloop/blob/c81540bf57aa7a07f021c1cd99dfaaae81178ab6/pkg/attestation/crafter/materials/testdata/asyncapi-3.0.yaml
insspb/asyncapi3	tests/fixtures/yaml_specs/valid/multi_files/frontend/asyncapi.yaml	https://github.com/insspb/asyncapi3/blob/d7e6b604c4553873247525dd26a3c50b9ff16ff8/tests/fixtures/yaml_specs/valid/multi_files/frontend/asyncapi.yaml
vsk-api/papi	async1.yaml	https://github.com/vsk-api/papi/blob/7d4f89241b6ebc1d53d6f6bbff7dfe9e501c952a/async1.yaml
davidB/sandbox_cdevents_spec	asyncapi/spec/asyncapi.yaml	https://github.com/davidB/sandbox_cdevents_spec/blob/352f85e1797a7a51c7c6748792e12adc83ce4874/asyncapi/spec/asyncapi.yaml
barisozy/spring-boot-outbox-starter	outbox-core/src/main/resources/asyncapi/outbox-events.yaml	https://github.com/barisozy/spring-boot-outbox-starter/blob/bec3424b57171a66815183ff96528fb7bd10d594/outbox-core/src/main/resources/asyncapi/outbox-events.yaml
Binit-Dhakal/Saarathi	docs/events/asyncapi.yaml	https://github.com/Binit-Dhakal/Saarathi/blob/d90ac0d0c8e8c43b57bd497fbd3216465a15596b/docs/events/asyncapi.yaml
wso2/product-apim	all-in-one-apim/modules/integration/tests-integration/tests-backend/src/test/resources/async/asyncapiv3.yaml	https://github.com/wso2/product-apim/blob/b8bc39149aec9d5a091f56755bb7899ed8bbd71a/all-in-one-apim/modules/integration/tests-integration/tests-backend/src/test/resources/async/asyncapiv3.yaml
GreenRover/async-api-validator	tests/cli/join_withSubDirs/toTest.yaml	https://github.com/GreenRover/async-api-validator/blob/cd80ed58662281eda73765cbf0d4741afd36e45a/tests/cli/join_withSubDirs/toTest.yaml
ff-fab/cosalette	packages/tests/fixtures/schemas/valid_with_refs.yaml	https://github.com/ff-fab/cosalette/blob/15ad2b134c7f6ba384f7da7d28dac5db8f52eb6b/packages/tests/fixtures/schemas/valid_with_refs.yaml
timnavigate/DAC	playgrounds/openapi-vs-asyncapi/asyncapi00-example.yaml	https://github.com/timnavigate/DAC/blob/10eac44d80b584a0352ec1b099687267d0ff68ed/playgrounds/openapi-vs-asyncapi/asyncapi00-example.yaml
arravo-co/hackathon-backend	asyncapi.yaml	https://github.com/arravo-co/hackathon-backend/blob/7f856614daf8eca134e8a84fc3402e065cb247bb/asyncapi.yaml
artur-ciocanu/presentations	apidays-conf-london-2024/code/data-collection-service/asyncapi.yaml	https://github.com/artur-ciocanu/presentations/blob/3fd7d8393971312c7b9e86219ed2c7357900a56a/apidays-conf-london-2024/code/data-collection-service/asyncapi.yaml
asyncapi/openapi-schema-parser	test/documents/invalid-asyncapi.yaml	https://github.com/asyncapi/openapi-schema-parser/blob/5923ebf1364b3bce4f9f66629fedb42803276953/test/documents/invalid-asyncapi.yaml
charlie-haley/asyncapi-go	testdata/semantic_invalid_3_0_0_v2_publish_subscribe.yaml	https://github.com/charlie-haley/asyncapi-go/blob/9782889bf371ab858248130403b43aec907c7fec/testdata/semantic_invalid_3_0_0_v2_publish_subscribe.yaml
eda-ecommerce/shoppingBasket-service	messages/external.yaml	https://github.com/eda-ecommerce/shoppingBasket-service/blob/e4d2a26dac3e42b59084a1135a1e92d8ccbf16c3/messages/external.yaml
pt9912/geodata-native-suite	schemas/asyncapi/geodata-events.yaml	https://github.com/pt9912/geodata-native-suite/blob/611ed2b0d3500c352d498eaa350407aeaea638fb/schemas/asyncapi/geodata-events.yaml
Kuestenlogik/Bowire	tests/Kuestenlogik.Bowire.AsyncApi.Tests/TestData/minimal.asyncapi.yaml	https://github.com/Kuestenlogik/Bowire/blob/ea1f3145995aa0a569146df5d6196dd323630774/tests/Kuestenlogik.Bowire.AsyncApi.Tests/TestData/minimal.asyncapi.yaml
asyncapi/tck	tests/asyncapi-2.0/Message Object/Payloads/valid-optional-oas-schema-object-json.yaml	https://github.com/asyncapi/tck/blob/1508a3c25498b0dc8b9bb98d562b15c16a8dc1aa/tests/asyncapi-2.0/Message%20Object/Payloads/valid-optional-oas-schema-object-json.yaml
finlayjn/asyncapi-swift-ws-template	test/fixtures/malicious-url-backslash.asyncapi.yaml	https://github.com/finlayjn/asyncapi-swift-ws-template/blob/dc2bee24e564e5b97ce1c6fca50845f03115ecfa/test/fixtures/malicious-url-backslash.asyncapi.yaml
ravecat/asyncapi	test/fixtures/regressions/channel-parameter.asyncapi.yaml	https://github.com/ravecat/asyncapi/blob/4b0f533ddb3daeba401dfe2b032cd7632d2197d3/test/fixtures/regressions/channel-parameter.asyncapi.yaml
amer8/apibconv	test/integration/testdata/invalid/asyncapi_v3_missing_info_version.yaml	https://github.com/amer8/apibconv/blob/778ff8f55e617e90d69b8b7fff8ec38217892860/test/integration/testdata/invalid/asyncapi_v3_missing_info_version.yaml
aklivity/zillabase	cli/src/test/scripts/io/aklivity/zillabase/cli/internal/specs/asyncapi.yaml	https://github.com/aklivity/zillabase/blob/469f3c8f3cee15b1e0a46f6469459cbcc3b55953/cli/src/test/scripts/io/aklivity/zillabase/cli/internal/specs/asyncapi.yaml
s-menne-inovex/async_api_pages	api/api.yaml	https://github.com/s-menne-inovex/async_api_pages/blob/264733291e069b9eb3521a44ee1aeeccc23bee68/api/api.yaml
asyncapi/jasyncapi	asyncapi-core/src/test/resources/examples/v3.0.0/xml/simple-referenced-schema.yaml	https://github.com/asyncapi/jasyncapi/blob/e754fee8fdc9185484be1324e3534b4abc00d293/asyncapi-core/src/test/resources/examples/v3.0.0/xml/simple-referenced-schema.yaml
Elhebert/asyncapi-validation	tests/fixtures/valid-schema-openapi-2.4.0.yaml	https://github.com/Elhebert/asyncapi-validation/blob/302c5e29f8da7e3215017ef49a0a080188cdd11e/tests/fixtures/valid-schema-openapi-2.4.0.yaml
xingyug/service2mcp	tests/fixtures/asyncapi_specs/simple_v3.yaml	https://github.com/xingyug/service2mcp/blob/52d46f21bf3087581fc007cbee03377ad50a9c4f/tests/fixtures/asyncapi_specs/simple_v3.yaml
asyncapi/protobuf-schema-parser	test/documents/recursive.proto3.yaml	https://github.com/asyncapi/protobuf-schema-parser/blob/685f881d085f3a98d4cedda98e92f14bb1584be9/test/documents/recursive.proto3.yaml
TomzBench/jsmn-tools	codegen/tests/fixtures/walk/asyncapi_components.yaml	https://github.com/TomzBench/jsmn-tools/blob/4b38d4617919015b1aedfc135620e51441354b37/codegen/tests/fixtures/walk/asyncapi_components.yaml
suwa-sh/lineage-to-graph	data/asyncapi/circular-ref-test.yaml	https://github.com/suwa-sh/lineage-to-graph/blob/0c8160e21b19ad94df5e462278744149b57f993a/data/asyncapi/circular-ref-test.yaml
trustgraph-ai/trustgraph	specs/websocket/asyncapi.yaml	https://github.com/trustgraph-ai/trustgraph/blob/4e3bd85abc53fcc63e10ae95f1a5964c1b3b75dd/specs/websocket/asyncapi.yaml
cloudevents/spec	cloudevents/working-drafts/asyncapi-examples/light-switch-events-binary-kafka.yaml	https://github.com/cloudevents/spec/blob/2ef79bd16aadf64ac783496ababee5ae1b4bc85e/cloudevents/working-drafts/asyncapi-examples/light-switch-events-binary-kafka.yaml
bian-official/public	release12.0.0/semantic-apis/asyncapi-3.x/yamls/GuidelineCompliance.yaml	https://github.com/bian-official/public/blob/b58bf4c2c300dd018afc084e9bb24b7adaaa3500/release12.0.0/semantic-apis/asyncapi-3.x/yamls/GuidelineCompliance.yaml
OAI/Arazzo-Specification	examples/1.1.0/pet-asyncapi.yaml	https://github.com/OAI/Arazzo-Specification/blob/2f86f9d9ff14b0afe51c9c45982cae3118ec3259/examples/1.1.0/pet-asyncapi.yaml
dalsgaard/asyncapi-template	examples/account.aas.yaml	https://github.com/dalsgaard/asyncapi-template/blob/c8ba99defda2c12547944b416a0cbf175f09e7b9/examples/account.aas.yaml
cryptoxdog/Cognitive.Engine.Graphs	docs/contracts/events/asyncapi.yaml	https://github.com/cryptoxdog/Cognitive.Engine.Graphs/blob/48ac88b8962d1390684c76e128dc00a7db734a71/docs/contracts/events/asyncapi.yaml
fraunhoferfokus/dredger	examples/weather-example/secondasync.yaml	https://github.com/fraunhoferfokus/dredger/blob/553c42bece2f3078036708df717913b41b6fe299/examples/weather-example/secondasync.yaml
Lap-Platform/LAP	examples/verbose/asyncapi/notifications.yaml	https://github.com/Lap-Platform/LAP/blob/31ac700f6453ac15649ab850251f97f3307344bb/examples/verbose/asyncapi/notifications.yaml
jamescarr/async-api-demo	docs/asyncapi-consumer.yaml	https://github.com/jamescarr/async-api-demo/blob/6cb476c96a0a5eca2944d28feab9c8b61440268b/docs/asyncapi-consumer.yaml
darken33/design-first-allinone	demo/hello/hello-receiver/target/classes/model/hello-asyncapi-3-full.yaml	https://github.com/darken33/design-first-allinone/blob/18bac25710912f4256c37efac21e54600dd376fd/demo/hello/hello-receiver/target/classes/model/hello-asyncapi-3-full.yaml
Grinseteddy/MasteringDdd	Chapter12-ExposingDomainEvents/AsyncApis/Services/CatalogManagement.yaml	https://github.com/Grinseteddy/MasteringDdd/blob/d5579ee56d0921650f77950db0cb3e103c826e10/Chapter12-ExposingDomainEvents/AsyncApis/Services/CatalogManagement.yaml
specmatic/specmatic-order-contracts	io/specmatic/examples/store/asyncapi/jms.yaml	https://github.com/specmatic/specmatic-order-contracts/blob/f904f86dce562c43afa70f6e9573440b76469cc9/io/specmatic/examples/store/asyncapi/jms.yaml
medmo/backstage-templates	ft-catalog-generated/asyncapi-producer-notification-activite-justifie.yaml	https://github.com/medmo/backstage-templates/blob/035018e2f9e76dec849187c6dd0c9638b777f835/ft-catalog-generated/asyncapi-producer-notification-activite-justifie.yaml
sun475300-sudo/Swarm-control-in-sc2bot	asyncapi/sc2_events.yaml	https://github.com/sun475300-sudo/Swarm-control-in-sc2bot/blob/ff3a268213cdc78911e0079de7effd4ac97b2334/asyncapi/sc2_events.yaml
mumia/wallet-accountant	.edikt/config.yaml	https://github.com/mumia/wallet-accountant/blob/7d6d572eb550a6f3098ecb50384dc18383ee4c90/.edikt/config.yaml
eoap/event-driven-with-argo	Taskfile.yaml	https://github.com/eoap/event-driven-with-argo/blob/9ea9ea280629e692554ecaa84d6dd4466d8368bc/Taskfile.yaml
jardelva96/Orqupay	contracts/asyncapi/payment-events.v1.yaml	https://github.com/jardelva96/Orqupay/blob/efc7c4a8b85d41af35751bf18804aa060361af74/contracts/asyncapi/payment-events.v1.yaml
DarkflameUniverse/DarkflameServer	docs/ChatWSAPI.yaml	https://github.com/DarkflameUniverse/DarkflameServer/blob/4ef9f4326679803dd1ea8317736f4717366b4c5d/docs/ChatWSAPI.yaml
aklivity/zilla-demos	extras-containers/todo/todo-command-service/src/main/api/todo-service-asyncapi-v3.yaml	https://github.com/aklivity/zilla-demos/blob/524b9decbb58fc7eefc2ab595943185eac4110c1/extras-containers/todo/todo-command-service/src/main/api/todo-service-asyncapi-v3.yaml
ajgarciaparadigma/backstage-example	backstage.yaml	https://github.com/ajgarciaparadigma/backstage-example/blob/d55bac995e30eff0b9c919c19dba034224eb8a78/backstage.yaml
meridianhub/meridian	api/asyncapi/audit.yaml	https://github.com/meridianhub/meridian/blob/5c345340ea840a28a64c0aa7f19edafa4a1f1430/api/asyncapi/audit.yaml
tewhatuora/api-standards	docs/api-development/api-specifications/birthevent-asyncapi.yaml	https://github.com/tewhatuora/api-standards/blob/aaa42e1fcfaf2f289e5ba678f3357fe2d232b72b/docs/api-development/api-specifications/birthevent-asyncapi.yaml
NHSDigital/nhs-notify-digital-letters	src/asyncapigenerator/config.yaml	https://github.com/NHSDigital/nhs-notify-digital-letters/blob/f8d053abaa23ba0d9cbb27b401cd05ad1d289aba/src/asyncapigenerator/config.yaml
spbu-ds-practicum-2025/example-project	api-examples/async/realtime-chat.yaml	https://github.com/spbu-ds-practicum-2025/example-project/blob/d4cbce772c5d1cb24269ed5761b60df92c0a3c09/api-examples/async/realtime-chat.yaml
fraunhoferfokus/dredger-todos	web/doc/AsyncAPI.yaml	https://github.com/fraunhoferfokus/dredger-todos/blob/77bed184dd16f74a4b31276c39db2bb5805d57d6/web/doc/AsyncAPI.yaml
derchrischkya/k8s-async-api	definitions/async-api-definition.yaml	https://github.com/derchrischkya/k8s-async-api/blob/882ac495f422f0aff49032dd9b27a5cc3a56b506/definitions/async-api-definition.yaml
dmytmeln/SoftwareArchitecure	docs/PaymentService/AsyncAPI.yaml	https://github.com/dmytmeln/SoftwareArchitecure/blob/ac087a8bb3c2f080f251da56ce974c61f9cbf595/docs/PaymentService/AsyncAPI.yaml
GitEngHar/pointservice	asyncapi/asyncapi-v3.yaml	https://github.com/GitEngHar/pointservice/blob/93e94bf6f098b9e318b214c1f0c290ab18921717/asyncapi/asyncapi-v3.yaml
paddypawprints/VLMChat	shared/specs/asyncapi-websocket.yaml	https://github.com/paddypawprints/VLMChat/blob/8ef703d9e0b8453dce0310278b9942c6a08f0ab0/shared/specs/asyncapi-websocket.yaml
notnullptr-gh/architechture-sprint-3	telemetry-manager-service/telemetry-manager-api.yaml	https://github.com/notnullptr-gh/architechture-sprint-3/blob/e434e20e57a6dd83133fbf1d7388cf10fcb72a61/telemetry-manager-service/telemetry-manager-api.yaml
KeertiPusarlaa/idp-platform	catalog-apis.yaml	https://github.com/KeertiPusarlaa/idp-platform/blob/525a29ee10cfa89dded145264f401485a516eb1a/catalog-apis.yaml
IATI/iati-message-queue-service	specification/schemas-servers.yaml	https://github.com/IATI/iati-message-queue-service/blob/adb2bf71967510e47011311c1b1cd44aff857872/specification/schemas-servers.yaml
Ravip2006/Demo	io/specmatic/examples/store/asyncapi/3_0_0/order_service_async_v1.yaml	https://github.com/Ravip2006/Demo/blob/0c316559ce8b193b5cd662a72214d0f95a0bc0a2/io/specmatic/examples/store/asyncapi/3_0_0/order_service_async_v1.yaml
nba-amtgroup/4424rr-2	src/mqtt/PLC_data_structure.yaml	https://github.com/nba-amtgroup/4424rr-2/blob/7e7ca283f738821d5e566a0d070265f200cf9582/src/mqtt/PLC_data_structure.yaml
Emiltzav/asyncapi-iot-examples	dht22-sensor-mqtt-api/dht22-sensor-mqtt-api.yaml	https://github.com/Emiltzav/asyncapi-iot-examples/blob/4e72ca2be18e01b370ca8358557e4819650df113/dht22-sensor-mqtt-api/dht22-sensor-mqtt-api.yaml
PriyanArora/Event-Management-Platform	contracts/asyncapi/event-platform-events.yaml	https://github.com/PriyanArora/Event-Management-Platform/blob/b721fdc6bbd86cbde3667c7f51405b9a1858b10c/contracts/asyncapi/event-platform-events.yaml
microcks/microcks-spectral-ruleset	resources/petstore-asyncapi-v3-bad.yaml	https://github.com/microcks/microcks-spectral-ruleset/blob/dcd7977b6db807a11d9d6c5d9f06efb4e24fcc36/resources/petstore-asyncapi-v3-bad.yaml
kanekoshoyu/exchange-collection	asset/coincheck_ws_asyncapi.yaml	https://github.com/kanekoshoyu/exchange-collection/blob/68b68600603dc8f988bf2c581135fa733a0ced39/asset/coincheck_ws_asyncapi.yaml
event-catalog/eventcatalog	examples/default/domains/E-Commerce/subdomains/Orders/services/OrdersService/versioned/0.0.2/order-service-asyncapi.yaml	https://github.com/event-catalog/eventcatalog/blob/3306a33245e88f3cef38491acb4b7688fe6c5db9/examples/default/domains/E-Commerce/subdomains/Orders/services/OrdersService/versioned/0.0.2/order-service-asyncapi.yaml
Forsakringskassan/rimfrost-service-oul-asyncapi	asyncapi.yaml	https://github.com/Forsakringskassan/rimfrost-service-oul-asyncapi/blob/209cc7b5103fc7db36962b80345624c9327d99e3/asyncapi.yaml
aklivity/todo-service	src/main/api/todo-service-asyncapi-v3.yaml	https://github.com/aklivity/todo-service/blob/2579db5d0647618540284529c8b190c3e689e64b/src/main/api/todo-service-asyncapi-v3.yaml
pv-udpv/dual-publish-platform	specs/events/orders.asyncapi.yaml	https://github.com/pv-udpv/dual-publish-platform/blob/b7342e4fab49b1d2eacb9bbd7cd0a30b731fede7/specs/events/orders.asyncapi.yaml
Zenika/kafka-schema-registry-publish	lib/src/main/asyncapi/asyncapp.yaml	https://github.com/Zenika/kafka-schema-registry-publish/blob/642177012e7913279e055f5d040c8b02f4a3ba90/lib/src/main/asyncapi/asyncapp.yaml
Ihor-Mykytiuk/software-architecture	UserService/asyncapi.yaml	https://github.com/Ihor-Mykytiuk/software-architecture/blob/cf08b45cf7b65390549815076b39f0d249c967ff/UserService/asyncapi.yaml
Forsakringskassan/gradle-conventions	examples/asyncapi/asyncapi.yaml	https://github.com/Forsakringskassan/gradle-conventions/blob/d15882cfc7ba59879bc2384969510d6e4ff5acff/examples/asyncapi/asyncapi.yaml
XaaXaaX/eventcatalog-automation	specs/Product/1.0.0/asyncapi.yaml	https://github.com/XaaXaaX/eventcatalog-automation/blob/d96efa5162253285be8b5de35d585b037c2366bd/specs/Product/1.0.0/asyncapi.yaml
fredabila/oahl	docs/asyncapi.yaml	https://github.com/fredabila/oahl/blob/44398733986866494c72cb63bb63a1a8a5904615/docs/asyncapi.yaml
openxapi/openxapi	specs/binance/asyncapi/spot/ping.yaml	https://github.com/openxapi/openxapi/blob/e2791e425741e4002b8db44ca3f34f2e49aa8eea/specs/binance/asyncapi/spot/ping.yaml
XaaXaaX/aws-cloudevents-eda	specs/Shipment/1.0.0/asyncapi.yaml	https://github.com/XaaXaaX/aws-cloudevents-eda/blob/4d059659cf8a357a4a1896aa8c9e5af5cf03efc5/specs/Shipment/1.0.0/asyncapi.yaml
freaz/eventcatalog-bug-reporting	asyncapi.yaml	https://github.com/freaz/eventcatalog-bug-reporting/blob/098ab47ad1576e5f402f7afebfba04da0d40dd3e/asyncapi.yaml
stardew-valley-dedicated-server/web	asyncapi.yaml	https://github.com/stardew-valley-dedicated-server/web/blob/37ec758b16d82d9dda2b842a1a33fb36aa8dbead/asyncapi.yaml
jhamill34/disney-gen-ai-takehome	api/asyncapi.yaml	https://github.com/jhamill34/disney-gen-ai-takehome/blob/b43c5e4793ed66b22e3d9f610f6d1437aeabff34/api/asyncapi.yaml
ChargeAndTrack/backend-spe	docs/assets/asyncapi.yaml	https://github.com/ChargeAndTrack/backend-spe/blob/836ca2290c549859ae8ad44301604fc0ee0e4f8d/docs/assets/asyncapi.yaml
ripple/rippled-api-spec	async_api/websocket_api_v2.yaml	https://github.com/ripple/rippled-api-spec/blob/e906cd8a70d25c764b6e3bc925fe215d9f477356/async_api/websocket_api_v2.yaml
adhitiad/quantsync	asyncapi.yaml	https://github.com/adhitiad/quantsync/blob/00b69f86f9bcc77c8b13b6531b4c3db4ac66b7d1/asyncapi.yaml
ir-kit/ir-kit	fixtures/user-events.yaml	https://github.com/ir-kit/ir-kit/blob/8c974399f54a741225c83bb63266b3085375e109/fixtures/user-events.yaml
alexandre-touret/api-first-workshop	src/main/resources/asyncapi/supplychain-with-examples-asyncapi.yaml	https://github.com/alexandre-touret/api-first-workshop/blob/8c2f168a0b0b626208a25c3cfe4684b41139ad43/src/main/resources/asyncapi/supplychain-with-examples-asyncapi.yaml
nguyenvinhhuy/microservice-platform	docs/services/product-view-service/events/product-view-events.yaml	https://github.com/nguyenvinhhuy/microservice-platform/blob/8a33b6ca891d551a21417ec7d69b31740e3955ab/docs/services/product-view-service/events/product-view-events.yaml
SwissDataScienceCenter/renku-schema	v2/project/asyncapi.yaml	https://github.com/SwissDataScienceCenter/renku-schema/blob/c7d74afc0668678955724c4b954a871919a634a7/v2/project/asyncapi.yaml
stojkovic-a/IOT-Project-2	EventInfoGo/asyncapi.yaml	https://github.com/stojkovic-a/IOT-Project-2/blob/ec9477f2b91b894a9acc511b7bf274869f4b72ae/EventInfoGo/asyncapi.yaml
mayankshouche/docs	asyncapi.yaml	https://github.com/mayankshouche/docs/blob/f906f6a12e7a98b745a4473ede3ea6db884bb739/asyncapi.yaml
Gulvan0/IntellectorServerV2	resources/asyncapi/document_base.yaml	https://github.com/Gulvan0/IntellectorServerV2/blob/cd491e0a83eb990d83d6b89182c204122804688b/resources/asyncapi/document_base.yaml
christopherblaisdell/continuous-architecture-platform-poc	architecture/events/svc-check-in.events.yaml	https://github.com/christopherblaisdell/continuous-architecture-platform-poc/blob/29264a06089efc6e3f00d7a6d15a46a486399033/architecture/events/svc-check-in.events.yaml
marle3003/mokapi-kafka-workflow	mocks/kafka.yaml	https://github.com/marle3003/mokapi-kafka-workflow/blob/102e4327682b0be6f24f141ebdb2234e4c2d456b/mocks/kafka.yaml
sfpostman/PokemonBrightbox	postman/collections/Postman API/Specs/.resources/Create a spec.resources/examples/Invalid type Parameter.example.yaml	https://github.com/sfpostman/PokemonBrightbox/blob/b602bac1f109e0aefa647a3fa7a33ac1555174f0/postman/collections/Postman%20API/Specs/.resources/Create%20a%20spec.resources/examples/Invalid%20type%20Parameter.example.yaml
specmatic/docs.specmatic.io	docs/supported_protocols/asyncapi/includes/index/order-service-sut/spec/order-service.yaml	https://github.com/specmatic/docs.specmatic.io/blob/0f4e720513e5e353e4c2c46a22eb0e2a571d5fa8/docs/supported_protocols/asyncapi/includes/index/order-service-sut/spec/order-service.yaml
CALLlA-74/bauman-poker	docs/api/game-server-ws-api.yaml	https://github.com/CALLlA-74/bauman-poker/blob/6754fb59a7ed991ae00efa240a238a7b83c5e371/docs/api/game-server-ws-api.yaml
pagopa/pn-paper-tracker	docs/asyncapi/internal-datalake-v1.yaml	https://github.com/pagopa/pn-paper-tracker/blob/aea7eb3d7bb33e9d18feec39bea94871656f6a4f/docs/asyncapi/internal-datalake-v1.yaml
dalsgaard/account-service-local	asyncapi/account.aas.yaml	https://github.com/dalsgaard/account-service-local/blob/70584b1d9859d96eec508a887a0cc418adfced68/asyncapi/account.aas.yaml
Khrisseh1995/event-catalogue-test-2	catalog/domains/Orders/services/OrdersService/order-service-asyncapi.yaml	https://github.com/Khrisseh1995/event-catalogue-test-2/blob/82bd5c23ddac53303068a6a357b875acd50c34b1/catalog/domains/Orders/services/OrdersService/order-service-asyncapi.yaml
rock-hu/architecture-catalog	.eventcatalog-core/public/generated/services/OrdersService/versioned/0.0.2/order-service-asyncapi.yaml	https://github.com/rock-hu/architecture-catalog/blob/08f57e31931e28e69b5ed595dda6e632b1bbcc08/.eventcatalog-core/public/generated/services/OrdersService/versioned/0.0.2/order-service-asyncapi.yaml
peterjaberau/mock-data	src/apps/eventcatalog/generated/services/OrdersService/order-service-asyncapi.yaml	https://github.com/peterjaberau/mock-data/blob/84714caf57b05402491b4ec23d20118b9789f24d/src/apps/eventcatalog/generated/services/OrdersService/order-service-asyncapi.yaml
Opzet/EFDesignerExamples	EDA_Core/Default Example/Order Inventory Management/Document/my-event-catalog/domains/Orders/services/OrdersService/versioned/0.0.2/order-service-asyncapi.yaml	https://github.com/Opzet/EFDesignerExamples/blob/240662a2d6947297ad6e2c77773162ee5bf0c939/EDA_Core/Default%20Example/Order%20Inventory%20Management/Document/my-event-catalog/domains/Orders/services/OrdersService/versioned/0.0.2/order-service-asyncapi.yaml
icanbwell/fhir-server	src/operations/export/asyncapi.yaml	https://github.com/icanbwell/fhir-server/blob/0ad698c060f5029a714948c42315df40bb0b4b5d/src/operations/export/asyncapi.yaml
Grinseteddy/DomainDrivenApiDesign	ApiDaysParis2025-12-05/AsyncSkeleton.yaml	https://github.com/Grinseteddy/DomainDrivenApiDesign/blob/9871ccda8aa410d19d3fd1189e12dd82068fb8e6/ApiDaysParis2025-12-05/AsyncSkeleton.yaml
dalsgaard/account-service	asyncapi/account.aas.yaml	https://github.com/dalsgaard/account-service/blob/62465daafbfd52684f897b8e84e6771b87b6fa44/asyncapi/account.aas.yaml
up1/workshop-asyncapi-services-2025	asyncapi/order.yaml	https://github.com/up1/workshop-asyncapi-services-2025/blob/badf0656a0fc98d7770560d0163b681363054cb2/asyncapi/order.yaml
siemendev/asyncapi-php	demo/demo-spec.yaml	https://github.com/siemendev/asyncapi-php/blob/70b7793fa6711bea7bb4f31b67e7495bc398c8e5/demo/demo-spec.yaml
specmatic/specmatic-kafka-avro-sample	api-specs/order-service-async-avro-v3_0_0.yaml	https://github.com/specmatic/specmatic-kafka-avro-sample/blob/7a642973ecd1adcef3c40ed5966b712f6425a34e/api-specs/order-service-async-avro-v3_0_0.yaml
edulucca/api-autenticacao	catalogo-info.yaml	https://github.com/edulucca/api-autenticacao/blob/959a4ca3d51aeb03ba11f38b2d2b28010f69683d/catalogo-info.yaml
CJovan02/iots	datamanager/data-manager-async-api.yaml	https://github.com/CJovan02/iots/blob/b3f30e9167e4c1f51628949be91ecb4b58bc6dd0/datamanager/data-manager-async-api.yaml
tachu2/transcendence	docs/ws_quick_play_matching.yaml	https://github.com/tachu2/transcendence/blob/be3ac5edb03966b334ad68bd6ead9a6405a4e2d7/docs/ws_quick_play_matching.yaml
Aarass/IOT	Analytics/asyncapi/asyncapi.yaml	https://github.com/Aarass/IOT/blob/b83899f709910ebe5fd7084a0967f7b5896fc3c1/Analytics/asyncapi/asyncapi.yaml
ff-fab/cosalette-apps	apps/gas2mqtt/docs/schema.yaml	https://github.com/ff-fab/cosalette-apps/blob/66582a29e834b55a672049aacb427fa5deca8e5c/apps/gas2mqtt/docs/schema.yaml
barrynauta/simpl-repo-tryout	administration/notification-and-messaging/notification/notification-service/api/asyncapi-v1.yaml	https://github.com/barrynauta/simpl-repo-tryout/blob/43757661440c2e2d822c9eea91b62fdefcbc201a/administration/notification-and-messaging/notification/notification-service/api/asyncapi-v1.yaml
microcks/microcks.io	content/documentation/tutorials/petstore-1.0.0-asyncapi.yaml	https://github.com/microcks/microcks.io/blob/733a9a8269e8da596355e01a3a070abf74e1608d/content/documentation/tutorials/petstore-1.0.0-asyncapi.yaml
amosproj/amos2025ws04-robot-visual-perception	src/backend/analyzer/asyncapi.yaml	https://github.com/amosproj/amos2025ws04-robot-visual-perception/blob/89da3aed1b16f8cfc867c8e2ce15956d3be2ae90/src/backend/analyzer/asyncapi.yaml
whitebit-exchange/docs	asyncapi/private/authorize.yaml	https://github.com/whitebit-exchange/docs/blob/5072a6eb16c85d54d0af1c58944030c06910c264/asyncapi/private/authorize.yaml
ducbrick/real-time-messaging-api	asyncapi.yaml	https://github.com/ducbrick/real-time-messaging-api/blob/a567bee1db9f1611c28f27dd747e042fc9c43b4e/asyncapi.yaml
Souvikns/pokemon-trade-api	asyncapi.yaml	https://github.com/Souvikns/pokemon-trade-api/blob/136f8dc429121e6008003632324a1c1c3b946f2d/asyncapi.yaml
WebSecDetectives/fluffy-plushies-webshop	Documentation/integration_contract_email_service.yaml	https://github.com/WebSecDetectives/fluffy-plushies-webshop/blob/ad2b272012808a3e459b45fc431dc80e95583b23/Documentation/integration_contract_email_service.yaml
openshift-hyperfleet/architecture	hyperfleet/components/broker/asyncapi.yaml	https://github.com/openshift-hyperfleet/architecture/blob/5a1b8ed388f4958d81c6c829587a1ec1963c4a3d/hyperfleet/components/broker/asyncapi.yaml
joemphilips/bitCaster	BitCaster.MatchingEngine.Contracts/specs/asyncapi.yaml	https://github.com/joemphilips/bitCaster/blob/58dbe1a7016fd6976433d678e247a0ca755dd5ac/BitCaster.MatchingEngine.Contracts/specs/asyncapi.yaml
JordanNoah/sync-student-hexagonal	asyncapi.yaml	https://github.com/JordanNoah/sync-student-hexagonal/blob/5b42979ba9ad21824effb63d0111e067f573134f/asyncapi.yaml
kakabisht/AsyncAPITemplate	asyncapi-three.yaml	https://github.com/kakabisht/AsyncAPITemplate/blob/b01b44c8752a1a9942766f12a62c6b8d8da20387/asyncapi-three.yaml
thomascarter613/aic-smb-copilot-codebase	contracts/asyncapi/orders.order.events.v1.yaml	https://github.com/thomascarter613/aic-smb-copilot-codebase/blob/9b201d5d00e5fab69b7b5e2ea347ca1bc782356b/contracts/asyncapi/orders.order.events.v1.yaml
gdg-garage/garage-trip-chores	docs/asyncapi.yaml	https://github.com/gdg-garage/garage-trip-chores/blob/5b81344206f09dd89e49200cf5ef4b70c2f404f7/docs/asyncapi.yaml
kinoh/Tsuki	api-specs/asyncapi.yaml	https://github.com/kinoh/Tsuki/blob/088d17f4082ec5c42d46884af4c71ce977374fa9/api-specs/asyncapi.yaml
heikkilamarko/todo-app	backend/todo-service/api/asyncapi.yaml	https://github.com/heikkilamarko/todo-app/blob/9faf702c16335970694528af00402fe3bcb982b8/backend/todo-service/api/asyncapi.yaml
Cirripide/local-rag-for-documents-be	src/routes/v1/docs/asyncapi.yaml	https://github.com/Cirripide/local-rag-for-documents-be/blob/a8c204c518f3584405b207f9078c55b1498005c9/src/routes/v1/docs/asyncapi.yaml
daniellmorris/EnvarynAI	backend/packages/services/transcriber-worker/asyncapi.yaml	https://github.com/daniellmorris/EnvarynAI/blob/8c1e2226754d8ac22dacbceffad4b2d84bef64c3/backend/packages/services/transcriber-worker/asyncapi.yaml
tassosgomes/poc-event-system	eventcatalog/specs/video-enricher/asyncapi.yaml	https://github.com/tassosgomes/poc-event-system/blob/0d9fc30fc67cb39b98c39be9e15a1a169f4dadf1/eventcatalog/specs/video-enricher/asyncapi.yaml
IMAGINARY/track-n-truck	specs/asyncapi.yaml	https://github.com/IMAGINARY/track-n-truck/blob/a5ae549ea00cfa7baaa714f0e963e0efcfd1b770/specs/asyncapi.yaml
salaboy/pizza	pizza-store/src/test/resources/third-parties/kitchen-asyncapi.yaml	https://github.com/salaboy/pizza/blob/90cc9ced3f6e948fe155c512a914bb52c5b9ce53/pizza-store/src/test/resources/third-parties/kitchen-asyncapi.yaml
apiaddicts/sonar-asyncapi	asyncapi-checks/src/test/resources/checks/v4/summary-capital-v3.yaml	https://github.com/apiaddicts/sonar-asyncapi/blob/c9bcd7a658b836fb8c570196bd2007df6c0a23e8/asyncapi-checks/src/test/resources/checks/v4/summary-capital-v3.yaml
microcks/microcks	minions/async/src/test/resources/io/github/microcks/minion/async/send-message-asyncapi-3.0.yaml	https://github.com/microcks/microcks/blob/aeaf66132d0fb6b7a4bdfec571d464d3384916a1/minions/async/src/test/resources/io/github/microcks/minion/async/send-message-asyncapi-3.0.yaml
qoretechnologies/qore	examples/test/qlib/AsyncApi/ChatApi.asyncapi.yaml	https://github.com/qoretechnologies/qore/blob/acf63e3562a5fec954fed8106ab435171262aa8b/examples/test/qlib/AsyncApi/ChatApi.asyncapi.yaml
yojo-generator/generator	src/test/resources/example/contract/spec-from-issue.yaml	https://github.com/yojo-generator/generator/blob/a272ab2f8e1c1a58c56d709e41d4ee2cb76e5fdd/src/test/resources/example/contract/spec-from-issue.yaml
codemonstersteam/pinout-asyncapi	testdata/contract_validator/provider_single_matching_channel.yaml	https://github.com/codemonstersteam/pinout-asyncapi/blob/d370f39e352b4a1a6a41c4f6e0ff56d9a14103dd/testdata/contract_validator/provider_single_matching_channel.yaml
specmatic/labs-contracts	common/asyncapi/product-audits/kafka.yaml	https://github.com/specmatic/labs-contracts/blob/cf10632ed113d1183c83d0d93b0353d95046ad9d/common/asyncapi/product-audits/kafka.yaml
darken33/connaissance-client	connaissance-client-event-adapter/src/main/resources/adresse-asyncapi-3.yaml	https://github.com/darken33/connaissance-client/blob/968377419210af80c45574f9fcee9e0ee6415578/connaissance-client-event-adapter/src/main/resources/adresse-asyncapi-3.yaml
microcks/microcks.github.io	documentation/tutorials/petstore-1.0.0-asyncapi.yaml	https://github.com/microcks/microcks.github.io/blob/f2d5af9f15a308dcb93c1053a64c1f7ed4cebe39/documentation/tutorials/petstore-1.0.0-asyncapi.yaml
DLShomies/FluffyPlushiesWebShop	Documentation/integration_contract_email_service.yaml	https://github.com/DLShomies/FluffyPlushiesWebShop/blob/e31e688eae303879bf26bfbbc5e62f1ccd4a9b46/Documentation/integration_contract_email_service.yaml
WebFuzzing/Dataset	jdk_21_maven/cs/rest-gui/microcks/minions/async/src/test/resources/io/github/microcks/minion/async/send-message-asyncapi-3.0.yaml	https://github.com/WebFuzzing/Dataset/blob/915859080da033fc36feae54bab3ad4a7b04e872/jdk_21_maven/cs/rest-gui/microcks/minions/async/src/test/resources/io/github/microcks/minion/async/send-message-asyncapi-3.0.yaml
codemonstersteam/mq-rest-sync-adapter	contract-tests-v2/testdata/contract_validator/provider_single_matching_channel.yaml	https://github.com/codemonstersteam/mq-rest-sync-adapter/blob/accc30f8d2f8cb97e4eff7d969bee81aacb58b2f/contract-tests-v2/testdata/contract_validator/provider_single_matching_channel.yaml
EVerest/EVerest	docs/source/reference/EVerest_API/auth_token_provider_API.yaml	https://github.com/EVerest/EVerest/blob/8e89f428380994d9781bc3add69effb4221a1719/docs/source/reference/EVerest_API/auth_token_provider_API.yaml
YOU54F/pact-asyncapi-comparator	tutorial/asyncapi.yaml	https://github.com/YOU54F/pact-asyncapi-comparator/blob/04743c162181c45c859e55ba41c6060f5a4736a3/tutorial/asyncapi.yaml
eclipse-symphony/symphony	api/pkg/apis/v1alpha1/providers/target/rust/rust_providers/uprotocol/uservice/asyncapi.yaml	https://github.com/eclipse-symphony/symphony/blob/bba8a11da0fe8f02662f6e15dc4c2e973383fe62/api/pkg/apis/v1alpha1/providers/target/rust/rust_providers/uprotocol/uservice/asyncapi.yaml
monghithub/serialplab	asyncapi/nats.asyncapi.yaml	https://github.com/monghithub/serialplab/blob/83eccdaa32fa41a3badbd5c40f497d5cc367f0c2/asyncapi/nats.asyncapi.yaml
dataGriff/outcome-app-pattern	contracts/api/behaviour-service.asyncapi.yaml	https://github.com/dataGriff/outcome-app-pattern/blob/b0aa235687c63e8668c98b16bcb447079258d020/contracts/api/behaviour-service.asyncapi.yaml
Kambolo/Picksy	backend/room-service/src/main/resources/asyncapi/room-service.yaml	https://github.com/Kambolo/Picksy/blob/5a1361ccce45342a2ed8eae8165d72b54b8f2418/backend/room-service/src/main/resources/asyncapi/room-service.yaml
ocampana-videotec/onvif-cloud	asyncapi.yaml	https://github.com/ocampana-videotec/onvif-cloud/blob/6f853a53a1494594529f9ca0d8e6c465745c3d01/asyncapi.yaml
DataDog/stickerlandia	user-management/docs/async_api.yaml	https://github.com/DataDog/stickerlandia/blob/ef2686550058215cba4189352b9289ff8acff8da/user-management/docs/async_api.yaml
cjjohansen/eventcatalog-examples	provider-role-example/asyncapi-files/logistics-delivery-tracking-service-async-api.yaml	https://github.com/cjjohansen/eventcatalog-examples/blob/8d1882219c097d7f15dab831101614ab3c507f96/provider-role-example/asyncapi-files/logistics-delivery-tracking-service-async-api.yaml
znsio/specmatic-async-order-api-kotlin	spec/order_service_async_v1.yaml	https://github.com/znsio/specmatic-async-order-api-kotlin/blob/ec541512970d7c29e9fc520539fb0cefc4901f35/spec/order_service_async_v1.yaml
Pakisan/jasyncapi-idea-plugin-demo	messages-broadcaster/asyncapi/messages-api.yaml	https://github.com/Pakisan/jasyncapi-idea-plugin-demo/blob/182188fd9d67a2b5a2bbdad16547cf4833c0d2cc/messages-broadcaster/asyncapi/messages-api.yaml
PacktPublishing/Software-Architecture-with-Cpp-2E	Chapter15/http/customer/src/customer/static/asyncapi.yaml	https://github.com/PacktPublishing/Software-Architecture-with-Cpp-2E/blob/6a257da5a493f71d442d591e9473a728cd99421b/Chapter15/http/customer/src/customer/static/asyncapi.yaml
Karfev/Product-base-Spec-Kit	initiatives/{INIT-YYYY-NNN-slug}/contracts/asyncapi.yaml	https://github.com/Karfev/Product-base-Spec-Kit/blob/d914c2278bf3b987c088f44d6bd75abdb0753de0/initiatives/%7BINIT-YYYY-NNN-slug%7D/contracts/asyncapi.yaml
kondoumh/asyncapi-study	serving-studio/example-consumer.yaml	https://github.com/kondoumh/asyncapi-study/blob/b3d2d37a4bf44984fee56db03ded3338761ddec6/serving-studio/example-consumer.yaml
specmatic/studio-demo	specs/workflow/asyncapi/order.yaml	https://github.com/specmatic/studio-demo/blob/9059d714cdcab99c1b44115f8e5fb18209b59838/specs/workflow/asyncapi/order.yaml
epieczko/betty	specs/user-service.asyncapi.yaml	https://github.com/epieczko/betty/blob/bd9e666a322a966b669658644727cef13ff4f2e7/specs/user-service.asyncapi.yaml
ppzxc/relaybox	internal/adapter/input/http/apidocs/asyncapi.yaml	https://github.com/ppzxc/relaybox/blob/03e75745301744c73898b12689cdb06889cd2e39/internal/adapter/input/http/apidocs/asyncapi.yaml
tanagraspace/ccsds-mo-to-asyncapi	yaml/Software-Management/CommandExecutor.yaml	https://github.com/tanagraspace/ccsds-mo-to-asyncapi/blob/85d0b9d36a0477b3d6d94f4c27e06d4c90b1cb5b/yaml/Software-Management/CommandExecutor.yaml
sillygod/scaffold	go-web/{{ cookiecutter.project_slug }}/asyncapi.yaml	https://github.com/sillygod/scaffold/blob/d6b153f62bd85883d6ae3554a92d61876ed44afe/go-web/%7B%7B%20cookiecutter.project_slug%20%7D%7D/asyncapi.yaml
CardinalWave/cw-mqtt-gateway	api.yaml	https://github.com/CardinalWave/cw-mqtt-gateway/blob/7aad1501b9a229e730863aeba1f180dbb82834ea/api.yaml
StepanNazar/city-report-ai-assistance-service	docs/asyncapi.yaml	https://github.com/StepanNazar/city-report-ai-assistance-service/blob/be0cfc1a91d827e1f10eac366de4959a1f242435/docs/asyncapi.yaml
openagents-org/openagents	sdk/examples/test_configs/mcp_tools_test/events/task_events.yaml	https://github.com/openagents-org/openagents/blob/6ca378be02b64cfcc9697ad448c034d283c35251/sdk/examples/test_configs/mcp_tools_test/events/task_events.yaml
siom79/jasyncapicmp	jasyncapicmp/src/test/resources/new_3.0.0.yaml	https://github.com/siom79/jasyncapicmp/blob/0f29b80cfd78db3acbc6dadc3dc0103c08962f9a/jasyncapicmp/src/test/resources/new_3.0.0.yaml
aml-org/amf	amf-cli/shared/src/test/resources/upanddown/cycle/async20/draft-7-schemas-output.yaml	https://github.com/aml-org/amf/blob/2a4acce06661e470fe419ae2918785f834bdb7eb/amf-cli/shared/src/test/resources/upanddown/cycle/async20/draft-7-schemas-output.yaml
KTCrisis/event7	backend/tests/fixtures/asyncapi_import/02_kafka_rns.yaml	https://github.com/KTCrisis/event7/blob/fe4a0dd68f515ee358c27bb53a043d0e97d6a733/backend/tests/fixtures/asyncapi_import/02_kafka_rns.yaml
stardew-valley-dedicated-server/asyncapi-generator-template-ts	test/fixtures/asyncapi.yaml	https://github.com/stardew-valley-dedicated-server/asyncapi-generator-template-ts/blob/22eba1f256290e4e151f0e918cc6d806fd82d0ff/test/fixtures/asyncapi.yaml
specmatic/specmatic-studio-playwright-ts-tests	specmatic-studio-demo/specs/workflow/asyncapi/order.yaml	https://github.com/specmatic/specmatic-studio-playwright-ts-tests/blob/c36b0772adfa1fc9d9635289f6a032c6eb52ff14/specmatic-studio-demo/specs/workflow/asyncapi/order.yaml
tenacious89/open_agent_hackathon	examples/test_configs/mcp_tools_test/events/task_events.yaml	https://github.com/tenacious89/open_agent_hackathon/blob/a5a120c37089430f1dd8988ebd42fd028eebb42f/examples/test_configs/mcp_tools_test/events/task_events.yaml
siom79/jopenapicmp	jopenapicmp/src/test/resources/new_3.0.0.yaml	https://github.com/siom79/jopenapicmp/blob/d050f2266c0994172bcfd709df0d27ac2a63f2ff/jopenapicmp/src/test/resources/new_3.0.0.yaml
jstoiko/amf	amf-client/shared/src/test/resources/upanddown/cycle/async20/draft-7-schemas-output.yaml	https://github.com/jstoiko/amf/blob/379b0a80eb2a2ecdf670a8f68ae60af01921513a/amf-client/shared/src/test/resources/upanddown/cycle/async20/draft-7-schemas-output.yaml
Sovereign-Labs/sovereign-sdk	crates/full-node/sov-ledger-apis/asyncapi.yaml	https://github.com/Sovereign-Labs/sovereign-sdk/blob/1e04b6fc9940a56a7ac49337f5b0581f2f9eaee9/crates/full-node/sov-ledger-apis/asyncapi.yaml
sarkr72/practice	src/main/resources/asyncapi.yaml	https://github.com/sarkr72/practice/blob/3cb1f7de346b441c3a82e7c7450980efeb7f37e2/src/main/resources/asyncapi.yaml
Leandroyyy/async-api-example	pet-shop-events-aws.yaml	https://github.com/Leandroyyy/async-api-example/blob/cdc2468e3d9697a5401ebfa9a7425f9abb919bf8/pet-shop-events-aws.yaml
specmatic/enterprise-sample	specs/inventory-asyncapi.yaml	https://github.com/specmatic/enterprise-sample/blob/3ca746877a5500c475edcf6305a43cf827a5465c/specs/inventory-asyncapi.yaml
ancoleman/ai-design-components	skills/designing-apis/examples/asyncapi/order-events.yaml	https://github.com/ancoleman/ai-design-components/blob/76551b7b19ebc667764ec75da14990d0aef8b6e5/skills/designing-apis/examples/asyncapi/order-events.yaml
AceTheCreator/eda-workshops	eda-workshops/canva-collaboration/server/asyncapi.yaml	https://github.com/AceTheCreator/eda-workshops/blob/49c321ac172ead36b736ae8fe93dd76271291237/eda-workshops/canva-collaboration/server/asyncapi.yaml
depsilon/shardloom	docs/api/shardloom-asyncapi-events-v1.yaml	https://github.com/depsilon/shardloom/blob/a7c0d79787033ce5865c231e41e14e33ffa56efc/docs/api/shardloom-asyncapi-events-v1.yaml
batterypass/BatteryPassDataModel	BatteryPass/io.BatteryPass.GeneralProductInformation/1.2.0/gen/GeneralProductInformation-async-api.yaml	https://github.com/batterypass/BatteryPassDataModel/blob/8722af2d15c981c63552e50b9cd71a39b213b9fc/BatteryPass/io.BatteryPass.GeneralProductInformation/1.2.0/gen/GeneralProductInformation-async-api.yaml
adheeshmishra/BitscrunchAssignment	bitscrunch.yaml	https://github.com/adheeshmishra/BitscrunchAssignment/blob/e81aac96440e991cdd27e21b2d71812c04425a18/bitscrunch.yaml
boyney123/my-eventcatalog	domains/Orders/services/OrdersService/order-service-asyncapi.yaml	https://github.com/boyney123/my-eventcatalog/blob/fdd2ea58888c6ab7c0e42996220ff64f46cda2c8/domains/Orders/services/OrdersService/order-service-asyncapi.yaml
specmatic/specmatic-arazzo-openapi-asyncapi-sample	specifications/asyncapi/order.yaml	https://github.com/specmatic/specmatic-arazzo-openapi-asyncapi-sample/blob/19f26094de2b1585803e9ae60bb3c660c7bebc57/specifications/asyncapi/order.yaml
d0u6ur45u/reminder	docs/asyncapi/asyncapi.yaml	https://github.com/d0u6ur45u/reminder/blob/1293b7a2192ff316d703820e2e18f1c5235da623/docs/asyncapi/asyncapi.yaml
Forsakringskassan/rimfrost-regel-rtf-manuell-asyncapi	kogito-cloudevent.yaml	https://github.com/Forsakringskassan/rimfrost-regel-rtf-manuell-asyncapi/blob/979ba10160fd7b671396dc74dbaeecc7a6645670/kogito-cloudevent.yaml
eclipse-uprotocol/symphony-target-example-rust	uservice/asyncapi.yaml	https://github.com/eclipse-uprotocol/symphony-target-example-rust/blob/b85a80477b9d7b8c6c2f8e483f426a2cc65be061/uservice/asyncapi.yaml
gopal45656/everest-core-release	doc/everest_api_specs/auth_token_provider_API/asyncapi.yaml	https://github.com/gopal45656/everest-core-release/blob/ae172981e2126608363a4c24c81679c8574d3417/doc/everest_api_specs/auth_token_provider_API/asyncapi.yaml
bpbpublications/Spring-Boot-3-API-Mastery	Chapter 08/order-service/asyncapi/asyncapi.yaml	https://github.com/bpbpublications/Spring-Boot-3-API-Mastery/blob/6b81049276961259ecb3d869c063f2e2c1b6a2d7/Chapter%2008/order-service/asyncapi/asyncapi.yaml
strukovsv/yclients-micro	docs/ru/asyncapi_events.yaml	https://github.com/strukovsv/yclients-micro/blob/51f8d045e7433f1deeb3fb790fb3b970e9e465d9/docs/ru/asyncapi_events.yaml
salaboy/spring-io-2026-workshop	shipping-asyncapi-1.0.0.yaml	https://github.com/salaboy/spring-io-2026-workshop/blob/efd006d9feee07198ba1c67ff7f9be322b48f5f3/shipping-asyncapi-1.0.0.yaml
Grinseteddy/AiCollections	Pulpocon2025/AsyncSkeleton.yaml	https://github.com/Grinseteddy/AiCollections/blob/aeacb2ba1a1acedd7735e9e625496bcdf02cbf7b/Pulpocon2025/AsyncSkeleton.yaml
bitsy-ai/printnanny-webapp	asyncapi/asyncapi.yaml	https://github.com/bitsy-ai/printnanny-webapp/blob/55618da0fcf12fa3ad9a91ed94fa4a005a4bd113/asyncapi/asyncapi.yaml
DocHubTeam/DocHub	public/documentation/docs/manual/docs/examples/asyncapi.yaml	https://github.com/DocHubTeam/DocHub/blob/5b97db466bcd59aa285a29a3053f0c97fcd6b835/public/documentation/docs/manual/docs/examples/asyncapi.yaml
pokerjocke70/cds-poc	src/main/resources/asyncapi.yaml	https://github.com/pokerjocke70/cds-poc/blob/1c8b5118a0e7136dadcb757fdc334ff3a269b8c3/src/main/resources/asyncapi.yaml
dlopezby93/digital-femsa-gaia	asyncapi.yaml	https://github.com/dlopezby93/digital-femsa-gaia/blob/0c839a4d6b3d84b9f287458ef9319c9a6a62bd14/asyncapi.yaml
jonathaneichenhofer/workshop-eric	Task/asyncapi.yaml	https://github.com/jonathaneichenhofer/workshop-eric/blob/5538d45fd3aee3f381953c5f1cfed8cc17bb87fb/Task/asyncapi.yaml
exploding-CATs-42/ft_transcendence	backend/docs/sockets/asyncapi.yaml	https://github.com/exploding-CATs-42/ft_transcendence/blob/c707cd28c588ae68b47f265b15621da2f617a5a4/backend/docs/sockets/asyncapi.yaml
ngscheurich/elixirconf-eu-2024	asyncapi.yaml	https://github.com/ngscheurich/elixirconf-eu-2024/blob/b3119d8a4534ebe937eeee968d68d06c06d5ffa8/asyncapi.yaml
resultakak/argos	templates/data-contracts/asyncapi-event.yaml	https://github.com/resultakak/argos/blob/95139c00f2a0c7cdc2f45919a77c99231bd4ccab/templates/data-contracts/asyncapi-event.yaml
grace88888884/respo	test.yaml	https://github.com/grace88888884/respo/blob/092ce584ba13e8d257b8caf53f62f944fd6e0ded/test.yaml
oracle-samples/websocket-client-template	test/streaming.yaml	https://github.com/oracle-samples/websocket-client-template/blob/8ceaf5f0cff82e635de17824ad5a46919393beae/test/streaming.yaml
fmvilas/meiac	packages/k8s-crd-template/test/fixtures/asyncapi.yaml	https://github.com/fmvilas/meiac/blob/3f22613f6ecf75ad832f79c242028a2994cd1670/packages/k8s-crd-template/test/fixtures/asyncapi.yaml
dcSpark/sovereign-sdk	crates/full-node/sov-ledger-apis/asyncapi.yaml	https://github.com/dcSpark/sovereign-sdk/blob/912b466dc4887b7a67b74d30b26cf6e7fdb2773e/crates/full-node/sov-ledger-apis/asyncapi.yaml
hongmaple0820/agent-academy	skills/design/designing-apis/examples/asyncapi/order-events.yaml	https://github.com/hongmaple0820/agent-academy/blob/1310a81f408946133f926ff9d3efe9cf9b92bf5c/skills/design/designing-apis/examples/asyncapi/order-events.yaml
piedraprog/unified-personal-skills	backend/designing-apis/examples/asyncapi/order-events.yaml	https://github.com/piedraprog/unified-personal-skills/blob/227a9c5b3ca6bbeb0d95d69743f0da8feb226e39/backend/designing-apis/examples/asyncapi/order-events.yaml
masermediagroup-stack/CursorSkills	skills-bundle/skills/community/ai-design-components/skills/designing-apis/examples/asyncapi/order-events.yaml	https://github.com/masermediagroup-stack/CursorSkills/blob/adf79c6cec723c9c1965b617e0ee38a6447218ba/skills-bundle/skills/community/ai-design-components/skills/designing-apis/examples/asyncapi/order-events.yaml
boyney123/starter-catalog	domains/Orders/services/OrdersService/order-service-asyncapi.yaml	https://github.com/boyney123/starter-catalog/blob/bcfa53e1beec8fcf71627a4b40c33011bc1573d2/domains/Orders/services/OrdersService/order-service-asyncapi.yaml
event-catalog/generators	packages/generator-ai/src/test/catalog/domains/Orders/services/OrdersService/order-service-asyncapi.yaml	https://github.com/event-catalog/generators/blob/50f91edd25971318e31e5b93968fe6593c8be781/packages/generator-ai/src/test/catalog/domains/Orders/services/OrdersService/order-service-asyncapi.yaml
Eclipse-SDV-Hackathon-Chapter-Three/Den-Team	symphony-target-connection-rust/uservice/asyncapi.yaml	https://github.com/Eclipse-SDV-Hackathon-Chapter-Three/Den-Team/blob/dee8cce8927704e2297f325699d664f42a183b62/symphony-target-connection-rust/uservice/asyncapi.yaml
mshogin/archctl	test-workspace/documentation/docs/manual/docs/examples/asyncapi.yaml	https://github.com/mshogin/archctl/blob/610ec94ffaf1dc3f2aed70d406ed11a1fed22185/test-workspace/documentation/docs/manual/docs/examples/asyncapi.yaml
salaboy/spring-ai-agentic-webinar	store/src/test/resources/shipping-asyncapi-1.0.0.yaml	https://github.com/salaboy/spring-ai-agentic-webinar/blob/88a0877c131ce3b5714adb68eef68ce00abe663e/store/src/test/resources/shipping-asyncapi-1.0.0.yaml
devone-demo/oracle-websocket-client-template	test/streaming.yaml	https://github.com/devone-demo/oracle-websocket-client-template/blob/8ceaf5f0cff82e635de17824ad5a46919393beae/test/streaming.yaml
ldynia/learning-api-styles	src/django/docs/api/websocket/v1-schema.yaml	https://github.com/ldynia/learning-api-styles/blob/dc8bbcfc00e3257ff65b9b3170cc573406223bfd/src/django/docs/api/websocket/v1-schema.yaml
seanchatmangpt/dslmodel	asyncapi.yaml	https://github.com/seanchatmangpt/dslmodel/blob/4196bb8b79e5decbe6fad3b1a74d06fba15c318e/asyncapi.yaml
takeruun/ws-ts-gen	example/example.yaml	https://github.com/takeruun/ws-ts-gen/blob/cb7b7a663e20c4b089df44f67fde57c7622fd9c8/example/example.yaml
Leandroyyy/async-api-translator	asyncapi_3.yaml	https://github.com/Leandroyyy/async-api-translator/blob/6aa7bd4c03c565ae61ba7d414417e8b720464cac/asyncapi_3.yaml
Kuestenlogik/Bowire.Samples	src/Kuestenlogik.Bowire.Samples.AsyncApi/harbor-events.asyncapi.yaml	https://github.com/Kuestenlogik/Bowire.Samples/blob/083576a68b6e9d8cf3fa85751e1c9d8482927f8e/src/Kuestenlogik.Bowire.Samples.AsyncApi/harbor-events.asyncapi.yaml
fedykvitalik2004/library-notification-service	src/main/resources/notification-asyncapi.yaml	https://github.com/fedykvitalik2004/library-notification-service/blob/7f0500a45344251a942ff69d76f65dc9f4803b2f/src/main/resources/notification-asyncapi.yaml
mishasdk/mipt-ml-async	async.yaml	https://github.com/mishasdk/mipt-ml-async/blob/072e1725683f337393f8b018f99c1f4b85c8618b/async.yaml
mtturner57/AsyncApiGenerator	async-yaml-3_0.yaml	https://github.com/mtturner57/AsyncApiGenerator/blob/d65d1f49e85f8486051e864d4943d82f2eba2174/async-yaml-3_0.yaml
Yeusepe/cdngine	contracts/asyncapi/lifecycle.asyncapi.yaml	https://github.com/Yeusepe/cdngine/blob/611944c33ba05b6ea86521b452e60b58ed252da7/contracts/asyncapi/lifecycle.asyncapi.yaml
specmatic/labs	arazzo-workflow-testing/specs/asyncapi/order.yaml	https://github.com/specmatic/labs/blob/3fe85346d0c5babc7ebec35dc37fffe1817b5705/arazzo-workflow-testing/specs/asyncapi/order.yaml
mmussett/flogo-hello-world-event-driven	api-spec/asyncapi.yaml	https://github.com/mmussett/flogo-hello-world-event-driven/blob/2bcd47afc506aca50d6872478c399310c4fc7681/api-spec/asyncapi.yaml
c-plus-plus-equals-c-plus-one/sovereign-sdk-wip	crates/full-node/sov-ledger-apis/asyncapi.yaml	https://github.com/c-plus-plus-equals-c-plus-one/sovereign-sdk-wip/blob/5fe09524193cf42b483602672626603483e9ecce/crates/full-node/sov-ledger-apis/asyncapi.yaml
cajias/syncnode	docs/asyncapi/schema.yaml	https://github.com/cajias/syncnode/blob/7bd588fb0c68b57ed571e3c5e3b15ed31c595f7e/docs/asyncapi/schema.yaml
OpenDonationAssistant/docs	api-reference/asyncapi.yaml	https://github.com/OpenDonationAssistant/docs/blob/c459c97c1b413e0b14673ad7224a8fc8feb1400e/api-reference/asyncapi.yaml
joserprieto/ai-skills	skills/contract-first-clean-arch/examples/contracts/specs/asyncapi.yaml	https://github.com/joserprieto/ai-skills/blob/7530aed9493a1983d50f840575df76b326cbeb53/skills/contract-first-clean-arch/examples/contracts/specs/asyncapi.yaml
qbem-repos/standards	async/examples/user-created.asyncapi.yaml	https://github.com/qbem-repos/standards/blob/1db6d4a27bf38396b43519d3bda89c4119f64970/async/examples/user-created.asyncapi.yaml
lgonzalezrouco/sensareal-backend	asyncapi.yaml	https://github.com/lgonzalezrouco/sensareal-backend/blob/f91d6ec40cd878687734576f6ea591626fabc676/asyncapi.yaml
quub-fi/quub-exchange-docs	openapi/async/realtime.asyncapi.yaml	https://github.com/quub-fi/quub-exchange-docs/blob/198dcaa8b86175d87c6f15ef5af65b9987a4450b/openapi/async/realtime.asyncapi.yaml
Forsakringskassan/template-asyncapi	asyncapi.yaml	https://github.com/Forsakringskassan/template-asyncapi/blob/8dba0b5adfc0ad57ef4d77668f32d99fe6a2f520/asyncapi.yaml
specmatic/aws-lambda-kafka-with-localstack	api-specifications/order-service-async-v3_0_0.yaml	https://github.com/specmatic/aws-lambda-kafka-with-localstack/blob/01879eb346a4671dd0c2bce227050ff18a22ff41/api-specifications/order-service-async-v3_0_0.yaml
nezia1/missive-documentation	docs/assets/asyncapi.yaml	https://github.com/nezia1/missive-documentation/blob/8da6b79590a6154c8799ec3ac6412e97e72a797a/docs/assets/asyncapi.yaml
vivekjava/Spring-Boot-Rest	docs/async.yaml	https://github.com/vivekjava/Spring-Boot-Rest/blob/f15174ef539db73a903c42a23818363c77de4de0/docs/async.yaml
Pinit-Scheduler/pinit-auth	src/main/resources/async-api.yaml	https://github.com/Pinit-Scheduler/pinit-auth/blob/011a918b6b95b95e999df884f5ca8b84a8bbe333/src/main/resources/async-api.yaml
asyncapi/avro-schema-parser	test/documents/asyncapi-with-reused-enums.yaml	https://github.com/asyncapi/avro-schema-parser/blob/529e04585af5ab88f2fd975a62703c20643ae4fd/test/documents/asyncapi-with-reused-enums.yaml
ingka-group/asyncapi-payload-validator	tests/test-files/asyncapi-3.0-spec.yaml	https://github.com/ingka-group/asyncapi-payload-validator/blob/81e83261ed17a5bd6fa9342e142c3c3bdeb63a85/tests/test-files/asyncapi-3.0-spec.yaml
specmatic/specmatic	application/src/test/resources/specifications/asyncapi.yaml	https://github.com/specmatic/specmatic/blob/6dd9a517e80808328aa21d215dc13a481e1c986f/application/src/test/resources/specifications/asyncapi.yaml
Matusko/flea	libs/flea/asyncapi-generator-typescript-cdk-event-bridge/src/lib/test-fixtures/test-payment-asyncapi.yaml	https://github.com/Matusko/flea/blob/aa2ee94afeb14ebe06b9ff83f5fb8e1610bbb7ae/libs/flea/asyncapi-generator-typescript-cdk-event-bridge/src/lib/test-fixtures/test-payment-asyncapi.yaml
ImadSai/asyncAPI-POC	asyncapi.yaml	https://github.com/ImadSai/asyncAPI-POC/blob/21a46af1aef48afc0d8097d943b650c694bc65c9/asyncapi.yaml
fedykvitalik2004/library-user-service	src/main/resources/notification-asyncapi.yaml	https://github.com/fedykvitalik2004/library-user-service/blob/1476f6fb4ff42083b5d52f5b26e57574540a301b/src/main/resources/notification-asyncapi.yaml
fedykvitalik2004/library-book-service	src/main/resources/notification-asyncapi.yaml	https://github.com/fedykvitalik2004/library-book-service/blob/d23222b6da383edf411e823ff80386db041b8deb/src/main/resources/notification-asyncapi.yaml
codertjay/solax-audit	sovereign-sdk-wip/crates/full-node/sov-ledger-apis/asyncapi.yaml	https://github.com/codertjay/solax-audit/blob/ad82b7fb02dbccfbbec61adcb190f91bb10b226a/sovereign-sdk-wip/crates/full-node/sov-ledger-apis/asyncapi.yaml
Turisas/solaxy	sovereign-sdk-wip/crates/full-node/sov-ledger-apis/asyncapi.yaml	https://github.com/Turisas/solaxy/blob/a3dcdd891f4ff5ae4f8821b2e49eb451f3657199/sovereign-sdk-wip/crates/full-node/sov-ledger-apis/asyncapi.yaml
stojkovic-a/IOT-project-3	Sensor/sensor/asyncapi.yaml	https://github.com/stojkovic-a/IOT-project-3/blob/11f006e92273b712bf86b86961867089fbbd2f12/Sensor/sensor/asyncapi.yaml
navikt/dp-soknad-orkestrator	asyncapi/src/main/resources/async-api.yaml	https://github.com/navikt/dp-soknad-orkestrator/blob/8c52561df0e3823541e6e8d7500199a57d0293ac/asyncapi/src/main/resources/async-api.yaml
geekatron/jerry	skills/contract-design/templates/asyncapi-template.yaml	https://github.com/geekatron/jerry/blob/750af52d033dcb7fdb8a6172461523d17d9e9bec/skills/contract-design/templates/asyncapi-template.yaml
higorsnt/ansible-workshop	notification_service/notification_service/api_specification/specification.yaml	https://github.com/higorsnt/ansible-workshop/blob/fd88de1041c3b4cd568378fe21e998b026ff5723/notification_service/notification_service/api_specification/specification.yaml
herostrat/arcturus	packages/contracts/asyncapi.yaml	https://github.com/herostrat/arcturus/blob/23993ddfc581e8543785ed47bd94009fbee881df/packages/contracts/asyncapi.yaml
CruelAddict/ori	libs/contract/events.asyncapi.yaml	https://github.com/CruelAddict/ori/blob/9645c60c6cfd00178ad290bc20a476852dafee2d/libs/contract/events.asyncapi.yaml
AndreiBacs/EchipaMea	docs/websockets-asyncapi-draft.yaml	https://github.com/AndreiBacs/EchipaMea/blob/b915f6bb86075ad72f542177a26daf5ff9ec598a/docs/websockets-asyncapi-draft.yaml
Harmelodic/init-microservice	api-specs/asyncapi.yaml	https://github.com/Harmelodic/init-microservice/blob/d84cf333f3fd362310280a768f02043218b72dd1/api-specs/asyncapi.yaml
intent-driven-dev/openspec-schemas	openspec/schemas/event-driven/templates/asyncapi.yaml	https://github.com/intent-driven-dev/openspec-schemas/blob/7cff0a6210714631baceee1e8effc58c18d5f107/openspec/schemas/event-driven/templates/asyncapi.yaml
hahnbeelee/docs-michal	asyncapi.yaml	https://github.com/hahnbeelee/docs-michal/blob/80399667acac67f0b2aa031db7fa770390ca695e/asyncapi.yaml
codebricks-tech/taskbricks	Taskbricks/Task/asyncapi.yaml	https://github.com/codebricks-tech/taskbricks/blob/e2dcafb5aea01a49d3a8cdfb57a521ae0a2887c8/Taskbricks/Task/asyncapi.yaml
belgif/openapi-cloudevents	src/test/resources/meeting-asyncapi.yaml	https://github.com/belgif/openapi-cloudevents/blob/f4e1056de08807e0c5e06728e9ba303c1036a9bd/src/test/resources/meeting-asyncapi.yaml
AcidicSoil/lms-llmsTxt	.agents/skills/CORE/contract-design/templates/asyncapi-template.yaml	https://github.com/AcidicSoil/lms-llmsTxt/blob/292960686c82eb8ce5fe68bd85c1b7dc27dbdd9b/.agents/skills/CORE/contract-design/templates/asyncapi-template.yaml
AcidicSoil/DSPyTeach	.agents/skills/CORE/contract-design/templates/asyncapi-template.yaml	https://github.com/AcidicSoil/DSPyTeach/blob/f47bf49e15bb499c09ea849b85c2785f7e574812/.agents/skills/CORE/contract-design/templates/asyncapi-template.yaml
akash-mondal/mintlify-docs	.agents/skills/mintlify/asyncapi.yaml	https://github.com/akash-mondal/mintlify-docs/blob/a79181a6968c4db07ea057b8c44e97d4635c947c/.agents/skills/mintlify/asyncapi.yaml
socrateasehq/autoproctor-mintlify-docs	.agents/skills/mintlify/asyncapi.yaml	https://github.com/socrateasehq/autoproctor-mintlify-docs/blob/69abf5e7e940c6ec3c0755af17a128c321515373/.agents/skills/mintlify/asyncapi.yaml
CryptoSmartNow/bizmarket-docs	.agents/skills/mintlify/asyncapi.yaml	https://github.com/CryptoSmartNow/bizmarket-docs/blob/3deaa3f46b18445903f0fbd6415a1140034f3bb7/.agents/skills/mintlify/asyncapi.yaml
gocobalt/mintlify-docs	.agents/skills/mintlify/asyncapi.yaml	https://github.com/gocobalt/mintlify-docs/blob/a353603ff2709cbe5d0ec34ed4121735bd3f004d/.agents/skills/mintlify/asyncapi.yaml
fern-api/docs-starter	fern/asyncapi.yaml	https://github.com/fern-api/docs-starter/blob/9e4cb5c2444a8e85a6f69c141e9bc1bc7898cddc/fern/asyncapi.yaml
Goldziher/spikard	testing_data/asyncapi_schemas/sse_events.yaml	https://github.com/Goldziher/spikard/blob/c1a858bf1d34b455332192db4b7f4cf20f9f4c41/testing_data/asyncapi_schemas/sse_events.yaml
rabbytesoftware/quiver.core	docs/asyncapi/asyncapi.yaml	https://github.com/rabbytesoftware/quiver.core/blob/ec65cb9ca076e7714999cb893b23c29c0d26a244/docs/asyncapi/asyncapi.yaml
maximilianoPizarro/platform-hub-spoke-config	catalog/industrial-edge-system.yaml	https://github.com/maximilianoPizarro/platform-hub-spoke-config/blob/c4bbec571176eae889b7ebbdf3edf8f51de7e248/catalog/industrial-edge-system.yaml
smallest-inc/smallest-ai-documentation	fern/apis/waves/asyncapi/lightning-v3.1-ws.yaml	https://github.com/smallest-inc/smallest-ai-documentation/blob/65de0c680141cada4a172bb71d836b16eaab6ea0/fern/apis/waves/asyncapi/lightning-v3.1-ws.yaml
certifieddata/certifieddata-agent-commerce-public	asyncapi/certifieddata-agent-commerce-events-v1.asyncapi.yaml	https://github.com/certifieddata/certifieddata-agent-commerce-public/blob/069c6fcbf86b860adeb9df3cace6e7f00f7c2086/asyncapi/certifieddata-agent-commerce-events-v1.asyncapi.yaml
CodeBeast357/webosapi-asyncapi	webosapi-asyncapi-v3.yaml	https://github.com/CodeBeast357/webosapi-asyncapi/blob/994ef6dd1c0da3a9abfd8f6965dc6f314a17b5fe/webosapi-asyncapi-v3.yaml
E2RD0/digital-resources-transcription-service	docs/AsyncAPI/asyncapy.yaml	https://github.com/E2RD0/digital-resources-transcription-service/blob/394c4c3bebea0db041f6ec8cf76b648cf47b7902/docs/AsyncAPI/asyncapy.yaml
lg-labs/blank-service	blank-message/blank-message-model/src/main/resources/spec/asyncapi.yaml	https://github.com/lg-labs/blank-service/blob/647512bdbf4113391f33db41acef8e82e92b4a40/blank-message/blank-message-model/src/main/resources/spec/asyncapi.yaml
quenbyako/asyncapi-example	asyncapi.3.yaml	https://github.com/quenbyako/asyncapi-example/blob/9e65471924f5374ac4d1ab078925214038e2ae2c/asyncapi.3.yaml
knowmadmood-poc-rhdevhub/backstage	packages/catalog-model/examples/apis/streetlights-api.yaml	https://github.com/knowmadmood-poc-rhdevhub/backstage/blob/8bafb9221fb5214fd71ddde3a8616d4872e50d24/packages/catalog-model/examples/apis/streetlights-api.yaml
viktorSrk/quartogether	specifications.yaml	https://github.com/viktorSrk/quartogether/blob/d71bda1a25eeb3d399b5837e29a2e79b1c9e0985/specifications.yaml
ODS-IS-UASL/safety-management	safety-management/src/main/resources/generator/mqtt_api_uasl_reservation.yaml	https://github.com/ODS-IS-UASL/safety-management/blob/fc31f349af609674a3cfea6885d44f21df0de1b9/safety-management/src/main/resources/generator/mqtt_api_uasl_reservation.yaml
eduardotourinho/candlesticks-hexagonal-architecture	catalog-info.yaml	https://github.com/eduardotourinho/candlesticks-hexagonal-architecture/blob/a2a0fa099e299c7e5b748283508e31ed0a389197/catalog-info.yaml
newstack-cloud/celerity	libs/runtime/api-docs/workflow-api/workflow-stream-api-v1.yaml	https://github.com/newstack-cloud/celerity/blob/ecfea0f10aee870eecb4b70a57f01c82ada5e2b7/libs/runtime/api-docs/workflow-api/workflow-stream-api-v1.yaml
bpbpublications/DDD-Toolbox	Chapter 06/ApiDesign/ApiDesignWithContextMap/CatalogManagement.yaml	https://github.com/bpbpublications/DDD-Toolbox/blob/31e14e23ea857965c3b5557606009d42743955b6/Chapter%2006/ApiDesign/ApiDesignWithContextMap/CatalogManagement.yaml
solacecommunity/spring-cloud-stream-request-reply	doc/spec.yaml	https://github.com/solacecommunity/spring-cloud-stream-request-reply/blob/f08a05b5f42c665e2bfdbfd7e7f5ddf72a369c43/doc/spec.yaml
raphaeldelio/springwolf-demo-spring-io-2024	docs-3.yaml	https://github.com/raphaeldelio/springwolf-demo-spring-io-2024/blob/e2b6f9910e329ddbbf18f1c46f166635a4bac19f/docs-3.yaml
MikeMDV/riden	docs/api/asynapi.yaml	https://github.com/MikeMDV/riden/blob/bbbf51be7d3ccdec4d82f8182e81e5ec55f5a29a/docs/api/asynapi.yaml
Insightpulseai/agents	specs/asyncapi/events.yaml	https://github.com/Insightpulseai/agents/blob/10ad450e7d469b772f556bb1a76f7d07b8d3d83e/specs/asyncapi/events.yaml
latamteks-cmyk/SmartEdify_app	smartedify_app/contracts/asyncapi/governance-events.v1.yaml	https://github.com/latamteks-cmyk/SmartEdify_app/blob/4f9fc6bc24d027d99db11e6edffce481fa15c147/smartedify_app/contracts/asyncapi/governance-events.v1.yaml
ODS-IS-UASL/asset	docs/ポート離着陸準備指示API及びポート離着陸準備受付・準備完了通知API.yaml	https://github.com/ODS-IS-UASL/asset/blob/60a060c8b560f851edee17658fa0de1dcd1dbda4/docs/%E3%83%9D%E3%83%BC%E3%83%88%E9%9B%A2%E7%9D%80%E9%99%B8%E6%BA%96%E5%82%99%E6%8C%87%E7%A4%BAAPI%E5%8F%8A%E3%81%B3%E3%83%9D%E3%83%BC%E3%83%88%E9%9B%A2%E7%9D%80%E9%99%B8%E6%BA%96%E5%82%99%E5%8F%97%E4%BB%98%E3%83%BB%E6%BA%96%E5%82%99%E5%AE%8C%E4%BA%86%E9%80%9A%E7%9F%A5API.yaml
parmendes/API_Doc	apis/subsystem-foxtrot/minimal_rabbitmq/asyncapi.yaml	https://github.com/parmendes/API_Doc/blob/10e1875557a8391e842b1feaddb7c46f6cb198d3/apis/subsystem-foxtrot/minimal_rabbitmq/asyncapi.yaml
NHSDigital/nhs-notify-supplier-config	packages/events/schemas/supplier-config.yaml	https://github.com/NHSDigital/nhs-notify-supplier-config/blob/2a886ccaa59dfc46657a41cc642ed4b327b56d1f/packages/events/schemas/supplier-config.yaml
RobinTail/zod-sockets	example/example-documentation.yaml	https://github.com/RobinTail/zod-sockets/blob/ca15aaae54018e49db97496eccacf488731ae78b/example/example-documentation.yaml
mindwm/mindwm-api	asyncapi_base.yaml	https://github.com/mindwm/mindwm-api/blob/48c5781d55887df2bbda0a0c77b6b273ba160b2a/asyncapi_base.yaml
bmf-san/go-bitflyer-api-client	api/asyncapi/realtime_api.yaml	https://github.com/bmf-san/go-bitflyer-api-client/blob/e2527021d0fdfcd10aa0a6f00afa3b948400dcd7/api/asyncapi/realtime_api.yaml
fern-demo/postman-quickstart	fern/asyncapi.yaml	https://github.com/fern-demo/postman-quickstart/blob/f133127beea6e9404410821b1626bec11a660c9e/fern/asyncapi.yaml
fern-api/docs-examples	docs-starter/fern/asyncapi.yaml	https://github.com/fern-api/docs-examples/blob/6f2fa30fe98b4a5d2166a2a1dd8980bc17873766/docs-starter/fern/asyncapi.yaml
OKArc/backstage	packages/catalog-model/examples/apis/streetlights-api.yaml	https://github.com/OKArc/backstage/blob/3102a99f48def3f64602dca60f5cf7f2ab5460b9/packages/catalog-model/examples/apis/streetlights-api.yaml
daksh0702/first-backstage-app	packages/catalog-model/examples/apis/streetlights-api.yaml	https://github.com/daksh0702/first-backstage-app/blob/9bd3db2a18a8ff775317aafe4bf7d663e2ad89ff/packages/catalog-model/examples/apis/streetlights-api.yaml
clecioantao/platform-state-repo	backstage/packages/catalog-model/examples/apis/streetlights-api.yaml	https://github.com/clecioantao/platform-state-repo/blob/0e24690d2f99fd795b7236eef49abaabf7951ff2/backstage/packages/catalog-model/examples/apis/streetlights-api.yaml
apakhbari/backstage	core-components/1-1-software-catalog/examples/apis/streetlights-api.yaml	https://github.com/apakhbari/backstage/blob/9f097cb859b29a4646de384620fdcf4e25464ef1/core-components/1-1-software-catalog/examples/apis/streetlights-api.yaml
NeatGuyCoding/spring-io	2024/AsyncAPI & Springwolf - Automated documentation (and more) by Raphael De Lio/springwolf-demo-spring-io-2024-main/docs-3.yaml	https://github.com/NeatGuyCoding/spring-io/blob/b81620018fd373b31214c8e997b613841ddbd1a7/2024/AsyncAPI%20&%20Springwolf%20-%20Automated%20documentation%20(and%20more)%20by%20Raphael%20De%20Lio/springwolf-demo-spring-io-2024-main/docs-3.yaml
ajevans99/swift-asyncapi	Tests/AsyncAPIGeneratorTests/Resources/streetlights.yaml	https://github.com/ajevans99/swift-asyncapi/blob/2ed4c448a78d881f2b4f6ecffe13b89cbf6af7d7/Tests/AsyncAPIGeneratorTests/Resources/streetlights.yaml
asyncapi/website	public/resources/casestudies/hdi/asyncapi.yaml	https://github.com/asyncapi/website/blob/5d2d0f83d35c506453f9859ee44f18f765d46a3f/public/resources/casestudies/hdi/asyncapi.yaml
JannikAlx/kafkaProducer	asyncapi/mine-asyncapi.yaml	https://github.com/JannikAlx/kafkaProducer/blob/268cdc7e344a5ab2c1556e2d0d417adfc07b5e3f/asyncapi/mine-asyncapi.yaml
maxkrv/uchat	server/docs/async-api.yaml	https://github.com/maxkrv/uchat/blob/11282ca2a011013a88af31f9cf81709a05b12e99/server/docs/async-api.yaml
Kamuyin/schachroboter	asyncapi.yaml	https://github.com/Kamuyin/schachroboter/blob/645ad03b900492b1851d84fff0ce835801bd9164/asyncapi.yaml
zimoch84/HaggisProject	haggis-platform/docs/asyncApi/HaggisAPI.yaml	https://github.com/zimoch84/HaggisProject/blob/90e347632fb3209d2cb0adfe6cee6c76277e791f/haggis-platform/docs/asyncApi/HaggisAPI.yaml
Jonas-du-bois/phenom	backend/src/config/asyncapi.yaml	https://github.com/Jonas-du-bois/phenom/blob/f43649bcb3dedf25cf2c353e5e6156d389c7c045/backend/src/config/asyncapi.yaml
Tomeku-Development/AgentMesh	fern/asyncapi/websocket-gateway.yaml	https://github.com/Tomeku-Development/AgentMesh/blob/bb96635a64cbebc328217f629d9cb1548705be95/fern/asyncapi/websocket-gateway.yaml
nemirlev/async-api-example	asyncapi.yaml	https://github.com/nemirlev/async-api-example/blob/7e136019864182754612aaf6bf985da5654f87ad/asyncapi.yaml
yaccob/teds	demo/sample_schemas.yaml	https://github.com/yaccob/teds/blob/cbc1d7005017fec1f6f22501864f7c7a068abf9c/demo/sample_schemas.yaml
jordancrombie/bsim	docs/asyncapi.yaml	https://github.com/jordancrombie/bsim/blob/4af35051079b040061939a871545131476e0c2d6/docs/asyncapi.yaml
nitu01019/weelobackend	packages/contracts/events.asyncapi.yaml	https://github.com/nitu01019/weelobackend/blob/c608bc0c9e41fcc6dee89a9b83e2b7b92bb37ab6/packages/contracts/events.asyncapi.yaml
Remake1/GrokOA	api/asyncapi.yaml	https://github.com/Remake1/GrokOA/blob/7f323a3cb81c76259e025f2343e64761ac02147f/api/asyncapi.yaml
ranchat-kr/ranchat-api	src/main/resources/static/websocket-spec.yaml	https://github.com/ranchat-kr/ranchat-api/blob/ca6950208000a112608860a3200eccae04a6cf64/src/main/resources/static/websocket-spec.yaml
gonewton/newton	openapi/newton-realtime.asyncapi.yaml	https://github.com/gonewton/newton/blob/a18a36485b5df2d9fd487154a8b19b434d81475f/openapi/newton-realtime.asyncapi.yaml
nstsai/SAproject	my-website/API_specs/asyncapi.yaml	https://github.com/nstsai/SAproject/blob/5c21b347e16885cf46768b8142c3b993e8713013/my-website/API_specs/asyncapi.yaml
BackendFans83/Taxi	ride_service/docs/asyncapi.yaml	https://github.com/BackendFans83/Taxi/blob/c359adf707189ced976bbfe279cbefbd4307c781/ride_service/docs/asyncapi.yaml
DigKick/DigKick	backend/asyncapi.yaml	https://github.com/DigKick/DigKick/blob/7fdacc8d4449c884c9124596da01d8a5d4332602/backend/asyncapi.yaml
romdj/tempsdarret.studio	packages/events/asyncapi.yaml	https://github.com/romdj/tempsdarret.studio/blob/4530b851da8444012b4733a4d53d371f9e4d1b8b/packages/events/asyncapi.yaml
Malmo-Skyttegille-Pistolsektionen/rotation_target_backend_resources	sse/asyncapi.yaml	https://github.com/Malmo-Skyttegille-Pistolsektionen/rotation_target_backend_resources/blob/0fcd49eeac2436fad8f9332a30c19c039d1b4026/sse/asyncapi.yaml
0xHoneyJar/loa-hounfour	specs/asyncapi.yaml	https://github.com/0xHoneyJar/loa-hounfour/blob/c06ef1ba89cb16e4feec58f568e029d219918f67/specs/asyncapi.yaml
murithigeo/ogc-edr-api	asyncapi.yaml	https://github.com/murithigeo/ogc-edr-api/blob/13a8c28ed2dd5d169ec4b1afea0bb08f8325ded0/asyncapi.yaml
ugaemi/gyeongdohalsaram-server	asyncapi.yaml	https://github.com/ugaemi/gyeongdohalsaram-server/blob/e9c7d2093aec45283d45e6594ec0fc884fbb685b/asyncapi.yaml
jimfil/raspberryPiProject	labs/lab08/asyncapi.yaml	https://github.com/jimfil/raspberryPiProject/blob/8b933058163334535f2a144b38c3d8b34a3d316a/labs/lab08/asyncapi.yaml
aescanero/dago	specs/asyncapi.yaml	https://github.com/aescanero/dago/blob/d0539d308cc50d0ddd7fc5b4e6199cb3cb344a56/specs/asyncapi.yaml
yoshioterada/Spec-Driven-Dev	projects/08-ai-advise-service/docs/api/asyncapi.yaml	https://github.com/yoshioterada/Spec-Driven-Dev/blob/72645a91cacd495eb417c42dd3532945ae83dc3b/projects/08-ai-advise-service/docs/api/asyncapi.yaml
pb33f/libasyncapi	test_fixtures/streetlights-kafka.yaml	https://github.com/pb33f/libasyncapi/blob/1e291829f9219cb6dbf4214a11fd07b5c83e561d/test_fixtures/streetlights-kafka.yaml
timonback/springwolf-demo	src/test/resources/asyncapi.yaml	https://github.com/timonback/springwolf-demo/blob/68cb2261498b5e673f5c771b9bcbddc9ed9ec4b5/src/test/resources/asyncapi.yaml
WaYdotNET/zen-generator	tests/async_api_test.yaml	https://github.com/WaYdotNET/zen-generator/blob/af3d5e851ce68f12845285a9d653ca64426f2163/tests/async_api_test.yaml
4g3nt4333/Ascy-website	public/resources/casestudies/hdi/asyncapi.yaml	https://github.com/4g3nt4333/Ascy-website/blob/837f12dc594d46f69b049667836fdf7e85b75d2f/public/resources/casestudies/hdi/asyncapi.yaml
45ck/Portarium	docs/spec/asyncapi/portarium-events.v1.yaml	https://github.com/45ck/Portarium/blob/df231bcc90e37c60638a5a5f66c81c9f9670cd0e/docs/spec/asyncapi/portarium-events.v1.yaml
MrS1lentcz/protobridge	example/taskboard/gen/protobridge/schema/asyncapi.yaml	https://github.com/MrS1lentcz/protobridge/blob/909a4e9b5736f3e5f2e5df46d6f407792f897c0f/example/taskboard/gen/protobridge/schema/asyncapi.yaml
yousuf7474/meerkat	specs/asyncapi.yaml	https://github.com/yousuf7474/meerkat/blob/30d346ed3abf00d8fa6371730bee854eb376762d/specs/asyncapi.yaml
yonatangross/orchestkit	src/skills/api-design/assets/asyncapi-template.yaml	https://github.com/yonatangross/orchestkit/blob/cb7113f7e2f783f59730a121cf2e1449dd69060a/src/skills/api-design/assets/asyncapi-template.yaml
l3wi/fumadocs-async	example/asyncapi-v3.yaml	https://github.com/l3wi/fumadocs-async/blob/172b8942de3afe9ab223e7d8648a41cc8f0ea091/example/asyncapi-v3.yaml
parmendes/MessageBrokerExample	Example/samples/StreetLightsApi/asyncapi/light-measurement-api-v3_1.0.0.yaml	https://github.com/parmendes/MessageBrokerExample/blob/dd96699f729358958ce57c8075d79d3bac3ca0d0/Example/samples/StreetLightsApi/asyncapi/light-measurement-api-v3_1.0.0.yaml
helius-labs/docs	asyncapi/laserstream-websocket.yaml	https://github.com/helius-labs/docs/blob/43cd5babd7804a23e4394c82ba0277dd400c9a81/asyncapi/laserstream-websocket.yaml
escrivivir-co/aleph-scriptorium	ARCHIVO/PLUGINS/OPENASYNCAPI_EDITOR/specs/PrologEditor/dramaturgo-signals.asyncapi.yaml	https://github.com/escrivivir-co/aleph-scriptorium/blob/c5e18cda12ee902eba8d5479b30ed6b999ed9b2e/ARCHIVO/PLUGINS/OPENASYNCAPI_EDITOR/specs/PrologEditor/dramaturgo-signals.asyncapi.yaml
acdgbrasil/contracts	services/social-care/asyncapi/asyncapi.yaml	https://github.com/acdgbrasil/contracts/blob/b3df049310b90144a1b0e6181ec0f5f8650f6de8/services/social-care/asyncapi/asyncapi.yaml
andreaseger/homelab-tools	specs/example-asyncapi-3-0-0-streetlights.yaml	https://github.com/andreaseger/homelab-tools/blob/6ece0bda98502da798ad74963e471f3fc8c3f148/specs/example-asyncapi-3-0-0-streetlights.yaml
pardeike/GABP	asyncapi.yaml	https://github.com/pardeike/GABP/blob/0a97d7dd2d90385344ce4409b2f98bcd3f60b2a8/asyncapi.yaml
doemefu/very-cool-karaoke-server	src/main/resources/karaokee-asyncapi.yaml	https://github.com/doemefu/very-cool-karaoke-server/blob/197acac08dc08e7a0625b130b933ab7423340717/src/main/resources/karaokee-asyncapi.yaml
Andersonfrfilho/backend-websocket	asyncapi.yaml	https://github.com/Andersonfrfilho/backend-websocket/blob/924857e057a22b5ade6a496384006754bad1655d/asyncapi.yaml
motor-screwdriver/mts-true-tech-hack-26	contracts/specs/collab-websocket.asyncapi.yaml	https://github.com/motor-screwdriver/mts-true-tech-hack-26/blob/5aa5ce84367358f91bd7935198f3612a9a0dfd13/contracts/specs/collab-websocket.asyncapi.yaml
otto-de/api-guidelines	decisions/dev-context/async/04-asyncapi-example/asyncapi.yaml	https://github.com/otto-de/api-guidelines/blob/afb0c7f4cea5268df4f4aecceecd6a58b1ffc66d/decisions/dev-context/async/04-asyncapi-example/asyncapi.yaml
TristanDeLil/ms-microservice-movies	config/asyncapi.yaml	https://github.com/TristanDeLil/ms-microservice-movies/blob/02cc1d2948bf087e75488c4603329bc9b9b29446/config/asyncapi.yaml
MindGainsLabs/Stratus_Relayer	asyncapi.yaml	https://github.com/MindGainsLabs/Stratus_Relayer/blob/3376213353b2cceca6dfb07aad8365f183ac409c/asyncapi.yaml
DEFRA/ffc-doc-statement-publisher	docs/asyncapi.yaml	https://github.com/DEFRA/ffc-doc-statement-publisher/blob/a506ce766016fa9379aa25c9ed0b08a531823ebe/docs/asyncapi.yaml
gpdeoli/revit-api	asyncapi.yaml	https://github.com/gpdeoli/revit-api/blob/5889dece4cd57d70528523583e3bdb2a34845bf3/asyncapi.yaml
holydocs/messageflow	pkg/schema/source/asyncapi/testdata/user.yaml	https://github.com/holydocs/messageflow/blob/e70c6767d8d310a62554f52eb6eddd136da52a79/pkg/schema/source/asyncapi/testdata/user.yaml
aiskillstore/marketplace	skills/ariegoldkin/api-design-framework/templates/asyncapi-template.yaml	https://github.com/aiskillstore/marketplace/blob/9eeeea2b7d016fcfaecf55fac19601973747ab1b/skills/ariegoldkin/api-design-framework/templates/asyncapi-template.yaml
ArieGoldkin/ai-agent-hub	skills/api-design-framework/templates/asyncapi-template.yaml	https://github.com/ArieGoldkin/ai-agent-hub/blob/758a7f745314ca184e6b1b927224013f0d8afb95/skills/api-design-framework/templates/asyncapi-template.yaml
ComeOnOliver/skillshub	skills/aiskillstore/marketplace/ariegoldkin/api-design-framework/templates/asyncapi-template.yaml	https://github.com/ComeOnOliver/skillshub/blob/db216d3a3d5eef365d1ff27ef240f644e918f05a/skills/aiskillstore/marketplace/ariegoldkin/api-design-framework/templates/asyncapi-template.yaml
TristanDeLil/ms-client-backoffice	config/asyncapi.yaml	https://github.com/TristanDeLil/ms-client-backoffice/blob/08a9e5203101be17d5305921c57e3db7290ab666/config/asyncapi.yaml
NUWCDIVNPT/stig-manager	api/source/specification/log-socket.yaml	https://github.com/NUWCDIVNPT/stig-manager/blob/9d4f2989b867b1f76ef0a7f3ba76bfebe8df4904/api/source/specification/log-socket.yaml
opengeospatial/ogcapi-environmental-data-retrieval	extensions/pubsub/standard/examples/yaml/asyncapi.yaml	https://github.com/opengeospatial/ogcapi-environmental-data-retrieval/blob/1f470637d1e45d3f1b8b9d3f39b3e852be0b4ffb/extensions/pubsub/standard/examples/yaml/asyncapi.yaml
neosun100/VibeVoice	asyncapi.yaml	https://github.com/neosun100/VibeVoice/blob/7e980e205db45b47678b888ac978487919697247/asyncapi.yaml
Vellum-IO/keeper-api-contracts	asyncAPI/keeper.asyncapi.yaml	https://github.com/Vellum-IO/keeper-api-contracts/blob/b9bc018c4a46023a5c2118f94f13a87c7f10c46e/asyncAPI/keeper.asyncapi.yaml
PolyAI-LDN/polyai-mintlify-doc	api-reference/webrtc-gateway/asyncapi.yaml	https://github.com/PolyAI-LDN/polyai-mintlify-doc/blob/0f27c08e8eeaa1ae00525fb1bd620ced2d3c9bcc/api-reference/webrtc-gateway/asyncapi.yaml
taonaben/grupus-frontend	lib/features/chat/documentation/asyncapi.yaml	https://github.com/taonaben/grupus-frontend/blob/ab2915b8252126aa6a48771479a9d1bd8f712b0b/lib/features/chat/documentation/asyncapi.yaml
UNIZAR-30226-2026-07/BombaVa-Backend	docs/asyncapi/asyncapi.yaml	https://github.com/UNIZAR-30226-2026-07/BombaVa-Backend/blob/3db14c5bf5d6622bc61f8815e66182624584070e/docs/asyncapi/asyncapi.yaml
underpass-ai/underpass-runtime	api/asyncapi/workspace-events.v1.yaml	https://github.com/underpass-ai/underpass-runtime/blob/08c3d923a6043eed057ed8231f56f8348e2695b3/api/asyncapi/workspace-events.v1.yaml
aperim/production-city-web	apps/backend/src/asyncapi.yaml	https://github.com/aperim/production-city-web/blob/94d601f81ef64828c42a3dcc8ee81b5cbb5b5422/apps/backend/src/asyncapi.yaml
Floffah/echoform	backend/asyncapi.yaml	https://github.com/Floffah/echoform/blob/feea6ce85df58873e0c62d18ffceeca186869220/backend/asyncapi.yaml
asklokesh/NEXT-Portal	backstage/packages/catalog-model/examples/apis/streetlights-api.yaml	https://github.com/asklokesh/NEXT-Portal/blob/9d899b6c62f2dddcb8fdb06fc80ed4c3c3fda077/backstage/packages/catalog-model/examples/apis/streetlights-api.yaml
simliai/docs	api-reference/asyncapi.yaml	https://github.com/simliai/docs/blob/5b82e19c53e1ce04569d525dc892156400e2b98a/api-reference/asyncapi.yaml
ahelme/mcp-claude-code-browser-tools	chrome-extension/contracts/websocket.asyncapi.yaml	https://github.com/ahelme/mcp-claude-code-browser-tools/blob/42364401ff0a60a115669465fd195c2c20f17e4d/chrome-extension/contracts/websocket.asyncapi.yaml
Kiloforge/kiloforge	backend/api/asyncapi.yaml	https://github.com/Kiloforge/kiloforge/blob/79ac48351a44ab73b242ca194163c9b6234cfe50/backend/api/asyncapi.yaml
luistrigueiros/simple-asyncapi-codegen	src/main/resources/member.asyncapi.yaml	https://github.com/luistrigueiros/simple-asyncapi-codegen/blob/a42f12acb3668e7c88a74e7d741233bb7e6af65b/src/main/resources/member.asyncapi.yaml
Instaconct/instaconct-api	asyncapi.yaml	https://github.com/Instaconct/instaconct-api/blob/290694c257efcdde1dcd78ea42b92a63c735f2ef/asyncapi.yaml
OptimalMatch/clode	claude-workflow-manager/backend/asyncapi.yaml	https://github.com/OptimalMatch/clode/blob/4f3a9c9c10875499bfd812aae426da72dd6aff46/claude-workflow-manager/backend/asyncapi.yaml
gematik/api-ehcl	ehcl/asyncapi.yaml	https://github.com/gematik/api-ehcl/blob/f1a9db9e564227cba7d2b91fa572aeab9dbf8d5f/ehcl/asyncapi.yaml
Bombatomica64/42-matcha	api-schema/asyncapi.yaml	https://github.com/Bombatomica64/42-matcha/blob/b0b4ac19177d3504323ce4b2f5a6684b78aa4b18/api-schema/asyncapi.yaml
Syed1012/kesselops	contracts/asyncapi/websocket-events.yaml	https://github.com/Syed1012/kesselops/blob/c040b0db19f93fed9fbb613a6c6c4d12a3b0fc4c/contracts/asyncapi/websocket-events.yaml
postman-cs/postman-aws-spec-discovery-action	tests/live/test-resources.yaml	https://github.com/postman-cs/postman-aws-spec-discovery-action/blob/fef5397b0fe270fc3f377d2cffb18a2041c465e3/tests/live/test-resources.yaml
ArneVcrs/howestprime-microservice-ticketing	config/asyncapi.yaml	https://github.com/ArneVcrs/howestprime-microservice-ticketing/blob/60756f4555f09ae790642fa4909460381b087cd6/config/asyncapi.yaml
XplorodoX/ITS	docs/asyncapi.yaml	https://github.com/XplorodoX/ITS/blob/0d0b71e7fdd2393d07d1e4807c2f4a8a69075ea5/docs/asyncapi.yaml
factory-x-contributions/async-aas-helm	specs/asyncapi_spec_aas.yaml	https://github.com/factory-x-contributions/async-aas-helm/blob/ce53ef310bfb000de4651a659feebb44435789cf/specs/asyncapi_spec_aas.yaml
dduartee/sigaa-socket-api	asyncapi/asyncapi.yaml	https://github.com/dduartee/sigaa-socket-api/blob/6726d2632b7969db20412dca6f231ccd35d8b229/asyncapi/asyncapi.yaml
jmanhype/speckit	neon-compliance-demo/contracts/asyncapi.yaml	https://github.com/jmanhype/speckit/blob/87df8c41b315d7be157b9988283f6f806971e295/neon-compliance-demo/contracts/asyncapi.yaml
AdanHdzF/event-flow	eventflow/asyncapi.yaml	https://github.com/AdanHdzF/event-flow/blob/1c9deb2eab24410c1023ba08f0ae2ca4eb66b3d2/eventflow/asyncapi.yaml
SolaceLabs/sol-ep-asyncapi-importer	asyncapi-accessor-v3/src/test/resources/asyncapi/GG_ORDERS.yaml	https://github.com/SolaceLabs/sol-ep-asyncapi-importer/blob/d0b65b2ba59744c8da11a098deedd1845458dbc5/asyncapi-accessor-v3/src/test/resources/asyncapi/GG_ORDERS.yaml
MehdiMaachi/tp-xml-meteo	yaml/asyncapi/gitter-streaming3.x.yaml	https://github.com/MehdiMaachi/tp-xml-meteo/blob/98c5963a5e6336dd0dba99eac2a7014f1470e32d/yaml/asyncapi/gitter-streaming3.x.yaml
NawafSwe/go-service-starter-kit	docs/asyncapi/asyncapi.yaml	https://github.com/NawafSwe/go-service-starter-kit/blob/19ca9d925139a355ede1097b4a2b1e3dbc0f2024/docs/asyncapi/asyncapi.yaml
NalinDalal/modheshwari	asyncapi.yaml	https://github.com/NalinDalal/modheshwari/blob/e20599503f9cb9b1bbcf407b83c502af739e3d97/asyncapi.yaml
Thomas-More-Digital-Innovation/2526-DI-004-GoStrategy	code/backend/docs/asyncapi.yaml	https://github.com/Thomas-More-Digital-Innovation/2526-DI-004-GoStrategy/blob/d7e072c18152dbac1d997c2540764444baa6dcb4/code/backend/docs/asyncapi.yaml
forepath/agenstra	libs/domains/framework/backend/feature-billing-manager/spec/asyncapi.yaml	https://github.com/forepath/agenstra/blob/ac59983b7c25a23d04d1b8b9fe80b9fe42896bae/libs/domains/framework/backend/feature-billing-manager/spec/asyncapi.yaml
manav-1/expense-ai-be	asyncapi.yaml	https://github.com/manav-1/expense-ai-be/blob/ea6df007a795d4745b2697c7b8e669b4d76df79a/asyncapi.yaml
taonaben/grupus	backend/apps/chat/documentation/asyncapi.yaml	https://github.com/taonaben/grupus/blob/6719d98dd7431ce1fdb0b5efa06eb33c5f68cd8d/backend/apps/chat/documentation/asyncapi.yaml
eHealthCardLink/Spezifikation	cardlink-communication.yaml	https://github.com/eHealthCardLink/Spezifikation/blob/83a9f3dc8e87eda616f20d947ff3fe65953ca594/cardlink-communication.yaml
med-united/popp-smartphone-konnektor	ehcl-api/src/main/resources/asyncapi/asyncapi.yaml	https://github.com/med-united/popp-smartphone-konnektor/blob/48beee87cab6d13d6ca98501659575bcc245dae7/ehcl-api/src/main/resources/asyncapi/asyncapi.yaml
nandinimukherjeeblr/testing_dita	yaml/asyncapi/gitter-streaming3.x.yaml	https://github.com/nandinimukherjeeblr/testing_dita/blob/dc7b610f1d23cfbf13aacd9d01c652b5e65c55b9/yaml/asyncapi/gitter-streaming3.x.yaml
flamewow/nestjs-asyncapi	misc/references/ref.yaml	https://github.com/flamewow/nestjs-asyncapi/blob/5c140a8e2a3c6219c1d745571b97fa2d1f9a1f0b/misc/references/ref.yaml
AlbertKellner/ClaudeDotNetPlayground	Instructions/contracts/asyncapi.yaml	https://github.com/AlbertKellner/ClaudeDotNetPlayground/blob/42874853789877dd8c32f1d6b3a21594a9806532/Instructions/contracts/asyncapi.yaml
nivoragit/authord-mkdocs	specs/001-mkdocs-topic-tree/contracts/topic-tree-events.asyncapi.yaml	https://github.com/nivoragit/authord-mkdocs/blob/ea8f20da3787052811c5bb7a5cce6ad8add14218/specs/001-mkdocs-topic-tree/contracts/topic-tree-events.asyncapi.yaml
letya999/support_rag	asyncapi.yaml	https://github.com/letya999/support_rag/blob/68f69b44c8a4a3830d1b4dd677f4a28222e9d3ef/asyncapi.yaml
cjjohansen/drone-web	design/catalog-management-v2/addr/refine/integration-events.yaml	https://github.com/cjjohansen/drone-web/blob/179b320a1e7303b67a040bdf1ef481199351f171/design/catalog-management-v2/addr/refine/integration-events.yaml
Aetherium-Syndicate-Inspectra/SpectraCall	contracts/asyncapi/decision-events.asyncapi.yaml	https://github.com/Aetherium-Syndicate-Inspectra/SpectraCall/blob/d5c6a9665955b1c93d3520a20187dcc4c118edfb/contracts/asyncapi/decision-events.asyncapi.yaml
ArneVcrs/howestprime-microservice-movies	config/asyncapi.yaml	https://github.com/ArneVcrs/howestprime-microservice-movies/blob/76232141722865cf3b5af1837fed5fe3243cb243/config/asyncapi.yaml
specmatic/specmatic-kafka-sample-asyncapi3	specs/async-order-service.yaml	https://github.com/specmatic/specmatic-kafka-sample-asyncapi3/blob/d65fc410ad7cd8d780426b788324663a551b97b2/specs/async-order-service.yaml
ministryofjustice/curious-API	integration/integration-events-asyncapi.yaml	https://github.com/ministryofjustice/curious-API/blob/29217a65872c32fb9c5dcbd291fa4b5a95fd8f6f/integration/integration-events-asyncapi.yaml
KevinShabanaj386/SmartGridAnalytics	SmartGrid_Project_Devops/standards-best-practices/asyncapi/asyncapi.yaml	https://github.com/KevinShabanaj386/SmartGridAnalytics/blob/16d59605cabc08940d287f25050222a734fb43f8/SmartGrid_Project_Devops/standards-best-practices/asyncapi/asyncapi.yaml
RafaelAlmeida00/Plant-Simulador	src/adapters/http/asyncapi.yaml	https://github.com/RafaelAlmeida00/Plant-Simulador/blob/520e6551ff2adba74411c54887ce29fd383f9616/src/adapters/http/asyncapi.yaml
tudor-upt/urban-pulse-ada	spec/internal-events.asyncapi.yaml	https://github.com/tudor-upt/urban-pulse-ada/blob/fd069591b0570aedbfb576ae6b59f60075042885/spec/internal-events.asyncapi.yaml
CodingFlow/rating-service-dotnet	RequestDecoratorGenerator/TestLibrary/asyncapi.yaml	https://github.com/CodingFlow/rating-service-dotnet/blob/3e2c779f8b129e585af09c0c54dd52bb80188299/RequestDecoratorGenerator/TestLibrary/asyncapi.yaml
johnmarios/advanced-programming-techniques-lab	labs/lab08/asyncapi.yaml	https://github.com/johnmarios/advanced-programming-techniques-lab/blob/680b6e3116811b47b014558e660bf9b6b3e0a689/labs/lab08/asyncapi.yaml
rajeshrsinha/template	api/streetlights-api.yaml	https://github.com/rajeshrsinha/template/blob/bac2c05c23df9860cbadce502ea84ddc8aa5e78b/api/streetlights-api.yaml
almashooq1/alawael-erp	docs/api/asyncapi-blockchain.yaml	https://github.com/almashooq1/alawael-erp/blob/da1fb3180fe9997e7f116f1d340a1faff3266437/docs/api/asyncapi-blockchain.yaml
mattys1/raptorChat	asyncapi/asyncapi.yaml	https://github.com/mattys1/raptorChat/blob/cd8560268fc738ec6cca2f0cce1ed4b634d1c55e/asyncapi/asyncapi.yaml
TristanDeLil/ms-microservice-ticketing	config/asyncapi.yaml	https://github.com/TristanDeLil/ms-microservice-ticketing/blob/cb01ab6521f82cbb4275d7d9515f8195472eb57f/config/asyncapi.yaml
cryptoxdog/Enrichment.Inference.Engine	docs/contracts/events/asyncapi.yaml	https://github.com/cryptoxdog/Enrichment.Inference.Engine/blob/343cc62cba90713f1d289a71a52143ffdd7dd445/docs/contracts/events/asyncapi.yaml
codex-k8s/kodex	specs/asyncapi/provider-hub.v1.yaml	https://github.com/codex-k8s/kodex/blob/6ee7c5062210d06e893448e4196c62cf7739f17a/specs/asyncapi/provider-hub.v1.yaml
ProsusAI/agentic-services-protocol	spec/services/live_services/asyncapi.yaml	https://github.com/ProsusAI/agentic-services-protocol/blob/9f4c889e55d71d5270ea1037e09e65a283dbbd94/spec/services/live_services/asyncapi.yaml
BenediktusG/task-manager	docs/asyncapi.yaml	https://github.com/BenediktusG/task-manager/blob/3fae083c71199f8d531beea473e4613c4d66de22/docs/asyncapi.yaml
loulou123546/kenshiata-shared	docs/asyncapi.yaml	https://github.com/loulou123546/kenshiata-shared/blob/6f69ec8714e1b5c3452ac9123c14507af0ae7240/docs/asyncapi.yaml
droso-hass/openab	docs/asyncapi.yaml	https://github.com/droso-hass/openab/blob/5f687e983c3fb9e2bb1f871f4a7cf02891d428bb/docs/asyncapi.yaml
encypher-studio/newsware-docs	asyncapi/asyncapi.yaml	https://github.com/encypher-studio/newsware-docs/blob/d79795a7c4f9d9ce6fef80311233de5fcfa8d92c/asyncapi/asyncapi.yaml
gokerDEV/node-chat-server	asyncapi.yaml	https://github.com/gokerDEV/node-chat-server/blob/07dcd68e352e03bac7175ab90f26b9ff3beeb68a/asyncapi.yaml
hungvo2010/free-note-service	asyncapi.yaml	https://github.com/hungvo2010/free-note-service/blob/d0eb828c87e874fef4ae376fbd49448cba6f228b/asyncapi.yaml
c2siorg/genie	docs/asyncapi.yaml	https://github.com/c2siorg/genie/blob/18b3cd11f8434af0e4372daa993e880e50137615/docs/asyncapi.yaml
maxime-aube/ollama	src/asyncapi/asyncapi.yaml	https://github.com/maxime-aube/ollama/blob/9166d4363cb8befbca5fff59da13486b8650a139/src/asyncapi/asyncapi.yaml
GregTag/TheSpreadGame	async_api.yaml	https://github.com/GregTag/TheSpreadGame/blob/ee12ce7e70ecca08e1d63e0754590aaab68239c0/async_api.yaml
RafaelAlmeida00/Simulador-UI	documentation/asyncapi.yaml	https://github.com/RafaelAlmeida00/Simulador-UI/blob/2a9da2a8dd871b988ab321e661e88362187eb60d/documentation/asyncapi.yaml
Wavix/wavix-openapi	docs/wavix-asyncapi.yaml	https://github.com/Wavix/wavix-openapi/blob/9d2f8830f2a415442874a0ede72d1f6518e65774/docs/wavix-asyncapi.yaml
indiealexh/quarkus-json-rpc-ws-next-example	asyncapi.yaml	https://github.com/indiealexh/quarkus-json-rpc-ws-next-example/blob/684d509fd6560bbfb86255fa2f7456f849c4c4fe/asyncapi.yaml
Or3nges/howestprime-microservice-ticketing	config/asyncapi.yaml	https://github.com/Or3nges/howestprime-microservice-ticketing/blob/b031ae27cf87b548f2bee2e487beb161795ebc9f/config/asyncapi.yaml
GopiR17/backstage-prod	plugins/api-docs/dev/asyncapi-example-api.yaml	https://github.com/GopiR17/backstage-prod/blob/024b530575d5d9d4d28d53db56d245d81a8c413c/plugins/api-docs/dev/asyncapi-example-api.yaml
Matse-DD/HowestPrime-microservice-movies	config/asyncapi.yaml	https://github.com/Matse-DD/HowestPrime-microservice-movies/blob/7a35bc2c644cdf7e36cf331b85c98690a1cf78c7/config/asyncapi.yaml
Or3nges/howestprime-microservice-movies	config/asyncapi.yaml	https://github.com/Or3nges/howestprime-microservice-movies/blob/7b48fd8d173e90c17f0ac31531cc169f76b2bfcc/config/asyncapi.yaml
LaurenCattoor/st-microservice-movies	config/asyncapi.yaml	https://github.com/LaurenCattoor/st-microservice-movies/blob/fe5bd410c91932c2a60c85da23e559649c2bfbc7/config/asyncapi.yaml
ssstijn/movies-backend-sem4	config/asyncapi.yaml	https://github.com/ssstijn/movies-backend-sem4/blob/8217af2048fb427c395e32404629fbdbe511d9bd/config/asyncapi.yaml
RafaelAlmeida00/Plant-Simulador-Huggy	src/adapters/http/asyncapi.yaml	https://github.com/RafaelAlmeida00/Plant-Simulador-Huggy/blob/2cb25f844a835c89bc9bb085503ab86a0f8714df/src/adapters/http/asyncapi.yaml
Jacksonspencerd/tcss559-project	node/asyncapi.yaml	https://github.com/Jacksonspencerd/tcss559-project/blob/d05a379b313a73bbc73d6a152a989bc0bf3ac4bb/node/asyncapi.yaml
specmatic/specmatic-async-sample	spec/spec.yaml	https://github.com/specmatic/specmatic-async-sample/blob/f0691289f49bd970074f6f248423fe57a40f2db9/spec/spec.yaml
DevashishBoini/attendanceSystem	src/swagger/asyncapi.yaml	https://github.com/DevashishBoini/attendanceSystem/blob/d3c4cbbc05918babd762945f7c22057c96dc7a5e/src/swagger/asyncapi.yaml
ai-digital-architect/asyncapi_discovery	examples/payment-service.yaml	https://github.com/ai-digital-architect/asyncapi_discovery/blob/6a3ac26a0f67ce5bd183a3ab5baa7207fc3e5e91/examples/payment-service.yaml
kdwras/node-red-async-api-plugin	nodered/nodes/async-api-node/specs/smarthome.yaml	https://github.com/kdwras/node-red-async-api-plugin/blob/b339c4bf252812fac608ef955c45e3f703f508f7/nodered/nodes/async-api-node/specs/smarthome.yaml
Emersondll/promotion-service	consumer/src/main/resources/contracts/personalization-consumer-asyncapi.yaml	https://github.com/Emersondll/promotion-service/blob/2cc0fb5e0df07e6a17d24a222e7797924db5656f/consumer/src/main/resources/contracts/personalization-consumer-asyncapi.yaml
BattMoTeam/BattMoAPI	docs/asyncapi.yaml	https://github.com/BattMoTeam/BattMoAPI/blob/3c9ee84d9055ba3235416f4e796269ddc0473d6d/docs/asyncapi.yaml
NHSDigital/nhs-notify-supplier-api	internal/events/schemas/supplier-api.yaml	https://github.com/NHSDigital/nhs-notify-supplier-api/blob/0abcdcac5617db59c33c76e3e7aa4708e34c4402/internal/events/schemas/supplier-api.yaml
nandorsilva/eda-fia-th	asyncapi-demo.yaml	https://github.com/nandorsilva/eda-fia-th/blob/84d971b5c345518fabc400145dce805bc024d581/asyncapi-demo.yaml
calvinlee999/AI-Platform-for-FinTech-Evolution	backend/microservices/user-service/src/main/resources/api/user-service-asyncapi.yaml	https://github.com/calvinlee999/AI-Platform-for-FinTech-Evolution/blob/57a7fa623fdfbb30921960a36ff2ce9adde77428/backend/microservices/user-service/src/main/resources/api/user-service-asyncapi.yaml
Pinit-Scheduler/pinit-notification	docs/task-async-api.yaml	https://github.com/Pinit-Scheduler/pinit-notification/blob/9ed3287cbf3ba8acb4a05ae3fd8b69e0c87249c8/docs/task-async-api.yaml
AlexandrePh/flywheel-starter-kit	product/contracts/asyncapi.yaml	https://github.com/AlexandrePh/flywheel-starter-kit/blob/985e97a701480ed7e0ad40b5eb46f3715d32506d/product/contracts/asyncapi.yaml
marcopaga/config_api	spec/asyncapi/config-events-v1.yaml	https://github.com/marcopaga/config_api/blob/ac9a3cec0975a107206700fb9efb710ac608d480/spec/asyncapi/config-events-v1.yaml
thelonggoodbuy/cryptowallet	asyncapi.yaml	https://github.com/thelonggoodbuy/cryptowallet/blob/3322a8841786f32d5c7ba124943dc8f0d239c2cb/asyncapi.yaml
kelnishi/SatMouse	specs/asyncapi.yaml	https://github.com/kelnishi/SatMouse/blob/b98539f369562b108e31e6f295e55372f71aac29/specs/asyncapi.yaml
nicolas-codemate/esp32-pixelcast	docs/api/asyncapi.yaml	https://github.com/nicolas-codemate/esp32-pixelcast/blob/2e20a02629cec16e2d51e65bc9c1c8fce2105130/docs/api/asyncapi.yaml
DigitalFemsa-Genesys/test-backstage-asynapi	schemas/asyncapi/asyncapi.yaml	https://github.com/DigitalFemsa-Genesys/test-backstage-asynapi/blob/b55974ae4f65252f524048cc9aaf27100f867f1c/schemas/asyncapi/asyncapi.yaml
ahadify/VDL-gg	specs/draft-websocket.yaml	https://github.com/ahadify/VDL-gg/blob/e0dcaebdd52cba8b4abddbbcda1aef144967d206/specs/draft-websocket.yaml
MathTrail/contracts	asyncapi/mathtrail-events.yaml	https://github.com/MathTrail/contracts/blob/b2be31ecc0c6e79f8466e1c98f3fe0df06356524/asyncapi/mathtrail-events.yaml
jijingkun-commits/fastapi	contracts/api/streaming-events.asyncapi.yaml	https://github.com/jijingkun-commits/fastapi/blob/21d03858f4c4be97b1feaa9e948ca3c5bf3e8357/contracts/api/streaming-events.asyncapi.yaml
V-ivek/workflow-engine	asyncapi.yaml	https://github.com/V-ivek/workflow-engine/blob/3b35282719f6eca4459ad7396a12f098cac2c640/asyncapi.yaml
jamescarr/jetstream-messaging	docs/asyncapi.yaml	https://github.com/jamescarr/jetstream-messaging/blob/eba0156fbc9c9a3f5c12685c50ab0d2449389fb2/docs/asyncapi.yaml
rafaelgpimenta/go-base-project	docs/asyncapi/spec.yaml	https://github.com/rafaelgpimenta/go-base-project/blob/f2b58757c6be52275edd9d0d9f09fc7996f83670/docs/asyncapi/spec.yaml
Pinit-Scheduler/pinit-task	src/main/resources/async-api.yaml	https://github.com/Pinit-Scheduler/pinit-task/blob/8668e4551d6fa55dd101b13b3956f940d5eb180b/src/main/resources/async-api.yaml
fsgeek/lares	specs/001-data-wrangler/contracts/transport-api.yaml	https://github.com/fsgeek/lares/blob/1edab9e9ca57bd513778d08520d293b570835fa7/specs/001-data-wrangler/contracts/transport-api.yaml
paranoideed/webster	docs/async/canvas.yaml	https://github.com/paranoideed/webster/blob/3be0c7d6a786f635c20e95a183a84b3614481694/docs/async/canvas.yaml
lg-labs/food-ordering-system	order-service/order-message/order-message-model/src/main/resources/spec/asyncapi.yaml	https://github.com/lg-labs/food-ordering-system/blob/78087d5cff747e0a48af046bd187b28b4ffa4fff/order-service/order-message/order-message-model/src/main/resources/spec/asyncapi.yaml
devmentors/Mikroserwisy-Revisited	developers/ticketflow-developer-portal/catalog/apis.yaml	https://github.com/devmentors/Mikroserwisy-Revisited/blob/e49ecb2b90e2d324c0000fe288699636895d71d3/developers/ticketflow-developer-portal/catalog/apis.yaml
remidosol/real-time-trade-api	asyncapi.yaml	https://github.com/remidosol/real-time-trade-api/blob/07e32763a34334ac05d70243503e14582ff423bc/asyncapi.yaml
asyncapi/optimizer	examples/input.yaml	https://github.com/asyncapi/optimizer/blob/ff937d38812bc3b00c4592ee695d94c83b55cbf2/examples/input.yaml
danabrams/m	api/contract/websocket.yaml	https://github.com/danabrams/m/blob/226b44c8351ca0abe7d2a369ad9211005ca68a70/api/contract/websocket.yaml
jonathan-prout/tic-tac-toe	docs/asyncapi.yaml	https://github.com/jonathan-prout/tic-tac-toe/blob/a63c104ff5f4d3c471f942cabb9450495c4f1e9a/docs/asyncapi.yaml
Joaopdiasventura/Modularis	platform/contracts/asyncapi/modularis.yaml	https://github.com/Joaopdiasventura/Modularis/blob/107e3ce4560dd1284eea652fa07b954877e6682d/platform/contracts/asyncapi/modularis.yaml
StableCoinTF/StableCoinBC_Adapter_Docs	asyncapi.yaml	https://github.com/StableCoinTF/StableCoinBC_Adapter_Docs/blob/daec9c8f30c8e7c6df6d5184c19aa25c574bf9e9/asyncapi.yaml
brainsnorkel/hourstats-bsky	asyncapi.yaml	https://github.com/brainsnorkel/hourstats-bsky/blob/0fe46e6af5ed8786aa0ceeebaf99c23eb9cc891c/asyncapi.yaml
DafeCpp/product_dev_course	projects/backend/services/telemetry-ingest-service/asyncapi.yaml	https://github.com/DafeCpp/product_dev_course/blob/21cf3bd361d27cddf6751b62e0772e4b3bd383cb/projects/backend/services/telemetry-ingest-service/asyncapi.yaml
livestorm/frontend-engineer-hiring-test	backend/asyncapi.yaml	https://github.com/livestorm/frontend-engineer-hiring-test/blob/380217121bbb1e52df5e6038f4140ecd94147e7b/backend/asyncapi.yaml
adimail/rocket-landing-rl	asyncapi.yaml	https://github.com/adimail/rocket-landing-rl/blob/491ddd714077a70b7f374b453c1b60f452677a57/asyncapi.yaml
pmxt-dev/pmxt	core/specs/polymarket/Polymarket_Websockets.yaml	https://github.com/pmxt-dev/pmxt/blob/1cf43c380e32ae8d15bca638ce56501d5ddf7dbd/core/specs/polymarket/Polymarket_Websockets.yaml
Sejsel/ksplang-programs	debugger/asyncapi.yaml	https://github.com/Sejsel/ksplang-programs/blob/29c8319c390f3e94e9c0efc6d10cd59e2d2b53b5/debugger/asyncapi.yaml
mnemitz/webpack-asyncapi-schema-loader	examples/basic-usage/schemas/streetlight.yaml	https://github.com/mnemitz/webpack-asyncapi-schema-loader/blob/99c72158aa1c8023460b9404e6a4c962928893c7/examples/basic-usage/schemas/streetlight.yaml
ekhodzitsky/gigastt	docs/asyncapi.yaml	https://github.com/ekhodzitsky/gigastt/blob/29670e4ab4715b415f59558c68cd07c8a84e3f93/docs/asyncapi.yaml
Deutsche-FayTech-Korea/bridge_socket_server	asyncapi.yaml	https://github.com/Deutsche-FayTech-Korea/bridge_socket_server/blob/a5e521a546e793d4201676e94256e4dc9babdf30/asyncapi.yaml
chem-gl/chemistry-apps	backend/asyncapi/jobs-stream.yaml	https://github.com/chem-gl/chemistry-apps/blob/48ba4ef9540fbc9d09d14c53e7715b0ce90799f3/backend/asyncapi/jobs-stream.yaml
underpass-ai/underpass-choreographer	specs/asyncapi/choreographer.asyncapi.yaml	https://github.com/underpass-ai/underpass-choreographer/blob/c74aac2cf0634ac11c1927983ead0668ed0fa191/specs/asyncapi/choreographer.asyncapi.yaml
zikratski/LinguaConnect	my-website/api_specs/asyncapi.yaml	https://github.com/zikratski/LinguaConnect/blob/3f890598abe7fb10162866a8bac2087c76d9a41d/my-website/api_specs/asyncapi.yaml
sap-2025-2026/lab-activity-10	ttt-game-service/doc/async-api-spec.yaml	https://github.com/sap-2025-2026/lab-activity-10/blob/fbc9d3a076ddf7645de3dd0874b41f1f21a153b7/ttt-game-service/doc/async-api-spec.yaml
webitel/im-delivery-service	api/asyncapi/asyncapi.yaml	https://github.com/webitel/im-delivery-service/blob/2ee592e8cdf9a87218c6a835f3b1778209dea53b/api/asyncapi/asyncapi.yaml
Amazon-Cloud-Club-for-KWU/3th-chat-api-demo	AsyncApiDocument.yaml	https://github.com/Amazon-Cloud-Club-for-KWU/3th-chat-api-demo/blob/f88196b44d47fb9512765b40ecc728f0917d035e/AsyncApiDocument.yaml
DEFRA/fcp-sfd-object-processor	docs/asyncapi/v1.yaml	https://github.com/DEFRA/fcp-sfd-object-processor/blob/f2173ab095b2e6de4532494abd94e41f4cd673e8/docs/asyncapi/v1.yaml
juniorcmauricio/INF332_SOA	aula_04/Pratica4_Grupo06.yaml	https://github.com/juniorcmauricio/INF332_SOA/blob/dd5c2c374c5cdb8d01aff542bcc62afbf33992b8/aula_04/Pratica4_Grupo06.yaml
FreeTAKTeam/Reticulum_AsyncAPI_rs	contracts/retasyncapi-v1.asyncapi.yaml	https://github.com/FreeTAKTeam/Reticulum_AsyncAPI_rs/blob/713ccaf76c9d1da5813835b165a3e6ed68c6ea9c/contracts/retasyncapi-v1.asyncapi.yaml
xraph/forge	extensions/discovery/examples/farp-mdns.yaml	https://github.com/xraph/forge/blob/253de3c040dec2ec289fa2d08dd1bba6214c0cc8/extensions/discovery/examples/farp-mdns.yaml
JonathanGrocott/A2A-MQTT	asyncapi.yaml	https://github.com/JonathanGrocott/A2A-MQTT/blob/aa725e68a16bdbb6ddd8f78224edf93f9842a753/asyncapi.yaml
daniellmorris/spechero	packages/services/worker/asyncapi.yaml	https://github.com/daniellmorris/spechero/blob/28060857b08b6c0fe3925a707c691fec9541130a/packages/services/worker/asyncapi.yaml
Matse-DD/HowestPrime-microservice-ticketing	config/asyncapi.yaml	https://github.com/Matse-DD/HowestPrime-microservice-ticketing/blob/a9e82320f8e5c9e95b79179f23e9951e5b770fd2/config/asyncapi.yaml
Order-of-Hospitallers/gru_emoney_token-factory	api/packages/asyncapi/asyncapi.yaml	https://github.com/Order-of-Hospitallers/gru_emoney_token-factory/blob/227f4df62b7d676099249234c04636d8e1ddd26d/api/packages/asyncapi/asyncapi.yaml
mmmnt/mmmnt	examples/ticketwave/facet/asyncapi.yaml	https://github.com/mmmnt/mmmnt/blob/560b5ddbce4a9bcbdbb96bef5458ac90df60bc52/examples/ticketwave/facet/asyncapi.yaml
MatiasNAmendola/real-time-risk-lab	poc/vertx-monolith-inprocess/src/main/resources/asyncapi.yaml	https://github.com/MatiasNAmendola/real-time-risk-lab/blob/959b77b9fbe44c58521c91cf7bbc09fcd943baa6/poc/vertx-monolith-inprocess/src/main/resources/asyncapi.yaml
LaurenCattoor/st-microservice-ticketing	config/asyncapi.yaml	https://github.com/LaurenCattoor/st-microservice-ticketing/blob/00a2367b4e1cefab9d1a0f72ace02dbd8357eaa8/config/asyncapi.yaml
21MokseM12/DevPulse	scrapper/contracts/asyncapi.yaml	https://github.com/21MokseM12/DevPulse/blob/d46f2bc7b9c5debe7fe51b8540392d8ca7928dd1/scrapper/contracts/asyncapi.yaml
AltairaLabs/Omnia	api/websocket/asyncapi.yaml	https://github.com/AltairaLabs/Omnia/blob/c32c5205eb6d3b1fe41eb294301b04d1f8ddac32/api/websocket/asyncapi.yaml
OpenSourceAGI/ai-broker-investing-agent	packages/python/polymarket-exec-api/core/specs/polymarket/Polymarket_Websockets.yaml	https://github.com/OpenSourceAGI/ai-broker-investing-agent/blob/88b5e5a55a26d9e1289e0b861cbaf79f660c2982/packages/python/polymarket-exec-api/core/specs/polymarket/Polymarket_Websockets.yaml
pixel-agents-hq/pixel-agents	core/asyncapi.yaml	https://github.com/pixel-agents-hq/pixel-agents/blob/17ad25ddbfad3392628a2d91b5303335cc5c4923/core/asyncapi.yaml
KibbeWater/wfm-openapi	asyncapi/websockets.yaml	https://github.com/KibbeWater/wfm-openapi/blob/f8307620648360480a5076a5464055ca1fea7f7d/asyncapi/websockets.yaml
asyncapi/cli	openapi.yaml	https://github.com/asyncapi/cli/blob/28de806a8659341bed91b1414805fa65bff0e5b9/openapi.yaml
CEhresmann/Redocly-api-specificatons	asyncapi-kafka.yaml	https://github.com/CEhresmann/Redocly-api-specificatons/blob/fd34861143a96d17d3ec756ac8a8a0ce49d2b09f/asyncapi-kafka.yaml
joserprieto/practice-desk	docs/architecture/api/asyncapi.yaml	https://github.com/joserprieto/practice-desk/blob/3d5ef6750e9a7849d48e6ef79c5593c7d1532ed8/docs/architecture/api/asyncapi.yaml
juvi07/bs-templates	examples/api.yaml	https://github.com/juvi07/bs-templates/blob/5b0e3da519d51ecb3559b7aa5c1afcaf03b08e9b/examples/api.yaml
wohnheim/stueble	packages/frontend/static/api-spec/asyncapi.yaml	https://github.com/wohnheim/stueble/blob/eb9da02955db914eebb9234b741787bad78a8add/packages/frontend/static/api-spec/asyncapi.yaml
Tadonkeng/project1	base/kafka/repository-asyncapi.yaml	https://github.com/Tadonkeng/project1/blob/3d7e628398fe846889c6ed9b08da097e1385a097/base/kafka/repository-asyncapi.yaml
Gradient-DS/AGORA	docs/hai-contract/asyncapi.yaml	https://github.com/Gradient-DS/AGORA/blob/6d1dd2f17947fc6bfe37255f03c23d6feeea6a2c/docs/hai-contract/asyncapi.yaml
FinamWeb/finam-trade-api	specs/asyncapi/asyncapi-v1.0.0.yaml	https://github.com/FinamWeb/finam-trade-api/blob/48d0c249ba30fe36c1059d08a53230d076660720/specs/asyncapi/asyncapi-v1.0.0.yaml
bishoy-alhanna/frightflow	docs/asyncapi/events.yaml	https://github.com/bishoy-alhanna/frightflow/blob/33ecc00591fcec793f7dd1719150ccd397504584/docs/asyncapi/events.yaml
GabrielAderaldo/Merma_a_musica	handbook/doc/30-specs/04-websocket.yaml	https://github.com/GabrielAderaldo/Merma_a_musica/blob/c8a1b285f05630bf6ba2867d1260a4d23fd97966/handbook/doc/30-specs/04-websocket.yaml
inputlayer/inputlayer	docs/spec/asyncapi.yaml	https://github.com/inputlayer/inputlayer/blob/d955fc00cfba48c15d665529ba24b54de977bac7/docs/spec/asyncapi.yaml
justaksi7/b2b-sap-payment-bridge	asyncapi.yaml	https://github.com/justaksi7/b2b-sap-payment-bridge/blob/afcc6ffdda73d559c67c62041a49aa9c3501250b/asyncapi.yaml
kardasz/skipper-club-android	docs/api/asyncapi.yaml	https://github.com/kardasz/skipper-club-android/blob/e62f47079b29e92d8c0a2fe6eefd2890ad76a580/docs/api/asyncapi.yaml
David-Parry/server-agents	agent-message-protocol/asyncapi.yaml	https://github.com/David-Parry/server-agents/blob/116e3fd2c0a1efac1b407cf557d03b0f9c1e8485/agent-message-protocol/asyncapi.yaml
scalar/scalar	packages/galaxy/src/documents/asyncapi/3.0.yaml	https://github.com/scalar/scalar/blob/817f4ae59e4685387239bf0a2cb4d7395361ba9a/packages/galaxy/src/documents/asyncapi/3.0.yaml
slng-ai/sdks	specs/bridges-unmute/bridges-unmute.asyncapi.yaml	https://github.com/slng-ai/sdks/blob/fc251e35b88626d42f594b7f78b36d8b6f437fc0/specs/bridges-unmute/bridges-unmute.asyncapi.yaml
dotnet/maui-labs	docs/DevFlow/spec/asyncapi.yaml	https://github.com/dotnet/maui-labs/blob/b0268d07a24e8a3a88a53a2a3603e962b6b56776/docs/DevFlow/spec/asyncapi.yaml
kakao-tech-campus-3rd-step3/Team8_BE	asyncapi.yaml	https://github.com/kakao-tech-campus-3rd-step3/Team8_BE/blob/43cccbda9bb885a1b248a79bad336e5801b8420d/asyncapi.yaml
mjones3/interface-exception-collector-service	infrastructure.yaml	https://github.com/mjones3/interface-exception-collector-service/blob/6681c44e789a7504ca2bbb9e712ec8fd0031a6ab/infrastructure.yaml
Reya-Labs/reya-api-specs	asyncapi-trading-v2.yaml	https://github.com/Reya-Labs/reya-api-specs/blob/eb0937921bd939a8e858ce2707fcb101a2aa4bab/asyncapi-trading-v2.yaml
manuschillerdev/esphome-elero	components/elero_web/frontend/app/asyncapi.yaml	https://github.com/manuschillerdev/esphome-elero/blob/4ded05b35257076810c5c4f337acf3ec6ba7dd61/components/elero_web/frontend/app/asyncapi.yaml
TemplateMechanics/tilt	backstage/app/service-docs/catalog.yaml	https://github.com/TemplateMechanics/tilt/blob/4a81281da6b57d46f5e73c9859d7a0f222739441/backstage/app/service-docs/catalog.yaml
call-sofia/callsofia-webhooks-docs	asyncapi/webhooks.yaml	https://github.com/call-sofia/callsofia-webhooks-docs/blob/26197a64187576da454d5a42bbc0f3b11d47907c/asyncapi/webhooks.yaml
ScrKiddie/AtoiTalkAPI	docs/asyncapi.yaml	https://github.com/ScrKiddie/AtoiTalkAPI/blob/82406766b8d7199364ffa9c873f897da522662ed/docs/asyncapi.yaml
myrobotaxi/telemetry	docs/contracts/specs/websocket.asyncapi.yaml	https://github.com/myrobotaxi/telemetry/blob/99db779b72290ab1bd4dbde494b86746fc61eb0b/docs/contracts/specs/websocket.asyncapi.yaml
mattmeye/payara-6-ibm-queue	src/main/resources/asyncapi.yaml	https://github.com/mattmeye/payara-6-ibm-queue/blob/933b385a1042ef5de2eca2498f92451a55f4ca14/src/main/resources/asyncapi.yaml
pmdartus/mintlify-docs	core-api/asyncapi/transcribe-ws.yaml	https://github.com/pmdartus/mintlify-docs/blob/cd544f2e2e6409f47821da5b8003671cceda446d/core-api/asyncapi/transcribe-ws.yaml
DevFranzen/dethroned	backend/api/asyncapi.yaml	https://github.com/DevFranzen/dethroned/blob/730ae821712ddd79538cfd4e63137154f1eb11d4/backend/api/asyncapi.yaml
InkbridgeNetworks/SubMan-API-schema	reference/ldap-subscriber-api-stream.yaml	https://github.com/InkbridgeNetworks/SubMan-API-schema/blob/0cc51969720b9863e9b00442959f11d064da7051/reference/ldap-subscriber-api-stream.yaml
DEFRA/ffc-pay-enrichment	docs/asyncapi.yaml	https://github.com/DEFRA/ffc-pay-enrichment/blob/87d3722a4c09f79a8533ae240cfcb1e1ab87157f/docs/asyncapi.yaml
lafette21/smart-gardening	api/asyncapi.yaml	https://github.com/lafette21/smart-gardening/blob/b894febfe3fdb44c51032afe106a03aedd340a7a/api/asyncapi.yaml
linkkotech/scalar	packages/galaxy/src/documents/asyncapi/3.0.yaml	https://github.com/linkkotech/scalar/blob/94ceb2c012cabaef159ebe0a5fcc878c90e7ceb9/packages/galaxy/src/documents/asyncapi/3.0.yaml
aidansunbury/docs-agent	resources/scalar/packages/galaxy/src/documents/asyncapi/3.0.yaml	https://github.com/aidansunbury/docs-agent/blob/f7725845997cad33bf3052027dc2c17d056055ff/resources/scalar/packages/galaxy/src/documents/asyncapi/3.0.yaml
PeterAlaks/lyric-display-app	docs/asyncapi.yaml	https://github.com/PeterAlaks/lyric-display-app/blob/13331b0f8391a15b696e70cc3a01843ff0d2673d/docs/asyncapi.yaml
tornado80/collaborative-whiteboard	api/api-ws.yaml	https://github.com/tornado80/collaborative-whiteboard/blob/d77f5081dff0d4ff9652b9784a6d91db53920f01/api/api-ws.yaml
SpecterOps/SpecterOpsDocs	mythic-docs/mythicrpc/mythicrpc-asyncapi.yaml	https://github.com/SpecterOps/SpecterOpsDocs/blob/2090ebc64da6492cc14e1ec38e88adc87cef2aa6/mythic-docs/mythicrpc/mythicrpc-asyncapi.yaml
netbarros/Production-MagicSaas-Sofia-IA-Software-Lotus	asyncapi-schema.yaml	https://github.com/netbarros/Production-MagicSaas-Sofia-IA-Software-Lotus/blob/d38faff6ac782da96d4e58db4941e4e49a580b89/asyncapi-schema.yaml
Notaduck/settlers-from-catan	schema/asyncapi.yaml	https://github.com/Notaduck/settlers-from-catan/blob/645a61860a4dd7f1b20c3671e39e3a687f22cfd8/schema/asyncapi.yaml
acvigue/casa-bonita	shared/homeassistant-websocket-asyncapi.yaml	https://github.com/acvigue/casa-bonita/blob/d2e525601094357fdec2d4b5526381c22e83124d/shared/homeassistant-websocket-asyncapi.yaml
ShuVeriDa/distahilar-back	asyncapi.yaml	https://github.com/ShuVeriDa/distahilar-back/blob/57c19c7c31e6d5e073c6e896be270dcb2e163c3a/asyncapi.yaml
ElementAstro/lithium-next	docs/asyncapi-spec.yaml	https://github.com/ElementAstro/lithium-next/blob/2c3e2efe3e369174f0f374b766995f514cf8f3f4/docs/asyncapi-spec.yaml
graviteeqa/testrepo	asyncapi.yaml	https://github.com/graviteeqa/testrepo/blob/5d824d02572ebaa7c03364aa4bc331a514dd1bfe/asyncapi.yaml
jamesenki/vehicle-to-cloud-communications-architecture	asyncapi.yaml	https://github.com/jamesenki/vehicle-to-cloud-communications-architecture/blob/9d035362d918107d506f74bc164a9980c4c7b636/asyncapi.yaml
ToweringDragoon/mintlify-docs	mythic-docs/mythicrpc/mythicrpc-asyncapi.yaml	https://github.com/ToweringDragoon/mintlify-docs/blob/586062b217f5139da7a70dd828eccbd25de88496/mythic-docs/mythicrpc/mythicrpc-asyncapi.yaml
agiopen-org/lux-desktop	asyncapi/asyncapi.yaml	https://github.com/agiopen-org/lux-desktop/blob/d326cf3f3e75f92b4f90592e7ce2ab19a72358b2/asyncapi/asyncapi.yaml
yuvraj-chouhan-dev/ready-now-server	docs/asyncapi.yaml	https://github.com/yuvraj-chouhan-dev/ready-now-server/blob/7c8b6f3c173f51a9d563b9abb23b05627c6e7881/docs/asyncapi.yaml
EcoHub-AG/Api-Specs	SAF-Message-Broker/asyncApi-saf-message-broker.yaml	https://github.com/EcoHub-AG/Api-Specs/blob/dfb16455c5dea1b7e80e0e28915b2a9ea5877b47/SAF-Message-Broker/asyncApi-saf-message-broker.yaml
jimfil/smartWasteBinProject	docs/asyncapi.yaml	https://github.com/jimfil/smartWasteBinProject/blob/0194b8b6b1929ebabb4a86c1214e1993d9981a7c/docs/asyncapi.yaml
ayointegral/cloud-sandbox-backstage	catalog/apis-and-resources.yaml	https://github.com/ayointegral/cloud-sandbox-backstage/blob/95e9e83b1c9b982495a827fc835e622729a57d35/catalog/apis-and-resources.yaml
ravecat/moda	apps/ash_framework/priv/specs/asyncapi.yaml	https://github.com/ravecat/moda/blob/b885687c6c0824b901a2c18954594a6f89afff26/apps/ash_framework/priv/specs/asyncapi.yaml
bian-official/staging	release12.0.0/semantic-apis/async/yamls/AccountReconciliationBOM.yaml	https://github.com/bian-official/staging/blob/34d46874bf0f3ba237fc21589f1bf2e1471a10bc/release12.0.0/semantic-apis/async/yamls/AccountReconciliationBOM.yaml
ekidenfi/ekiden-docs	api-reference/websocket/asyncapi.yaml	https://github.com/ekidenfi/ekiden-docs/blob/5470461083a8713fbadb4d3da4cebb9f0ef39c43/api-reference/websocket/asyncapi.yaml
Aidin1998/finalex	docs/api/asyncapi.yaml	https://github.com/Aidin1998/finalex/blob/4f4f474e6fe4a384313f800373e69f5e09e0ea32/docs/api/asyncapi.yaml
ak125/nestjs-remix-monorepo	.spec/asyncapi.yaml	https://github.com/ak125/nestjs-remix-monorepo/blob/34f31bae2321cf09e28e6ceaa654785b0c155ad8/.spec/asyncapi.yaml
prajwalaher33/feeshr	docs/contracts/asyncapi.v1.yaml	https://github.com/prajwalaher33/feeshr/blob/2ae0a98d4cadc5753a17366a8d22d24a25c15c08/docs/contracts/asyncapi.v1.yaml
l3wi/docs	websockets/asyncapi.yaml	https://github.com/l3wi/docs/blob/9d65763c59cedc2bf58e7af3166ba959f283a3ab/websockets/asyncapi.yaml
2025tf20/KTB-LoadTest-team-20	apps/backend/src/main/resources/static/api/docs/socketio/asyncapi.yaml	https://github.com/2025tf20/KTB-LoadTest-team-20/blob/34cd2301c4acb89d08a9aeef25d16d6dd6e19450/apps/backend/src/main/resources/static/api/docs/socketio/asyncapi.yaml
tanishy7777/Joined_Words	asyncapi.yaml	https://github.com/tanishy7777/Joined_Words/blob/c2a75c93b0c02b4b8e1c99abccb58252d2f764f9/asyncapi.yaml
ktb3-team5/ktb-BootcampChat	apps/backend/src/main/resources/static/api/docs/socketio/asyncapi.yaml	https://github.com/ktb3-team5/ktb-BootcampChat/blob/1810c49157ed98a07145e96e6b791d9fd1d4cd1b/apps/backend/src/main/resources/static/api/docs/socketio/asyncapi.yaml
kakaoboot-19/19-load-test	apps/backend/src/main/resources/static/api/docs/socketio/asyncapi.yaml	https://github.com/kakaoboot-19/19-load-test/blob/73b845e18b055417b93337eb9b383a6a6105c114/apps/backend/src/main/resources/static/api/docs/socketio/asyncapi.yaml
Team-Nyong/KTB-Chat-Load-Testing	apps/backend/src/main/resources/static/api/docs/socketio/asyncapi.yaml	https://github.com/Team-Nyong/KTB-Chat-Load-Testing/blob/2be095a35cb07d24ee6ef75934d0a12aed6366e1/apps/backend/src/main/resources/static/api/docs/socketio/asyncapi.yaml
ktbloadtest-03/ktb-BootcampChat	apps/backend/src/main/resources/static/api/docs/socketio/asyncapi.yaml	https://github.com/ktbloadtest-03/ktb-BootcampChat/blob/4d1bf359cfd6cb34385ce489bf1bfa8de3ad207c/apps/backend/src/main/resources/static/api/docs/socketio/asyncapi.yaml
DeepLcom/openapi	voice.asyncapi.yaml	https://github.com/DeepLcom/openapi/blob/11ca44c4c104a80da97b7d07501f7fffb8bc836d/voice.asyncapi.yaml
gladiaio/docs	asyncapi.yaml	https://github.com/gladiaio/docs/blob/f290e0c10c408da849f4de68bd5fc500352b23b5/asyncapi.yaml
justynroberts/emea-backstage-demo	catalog/apis/asyncapi-apis.yaml	https://github.com/justynroberts/emea-backstage-demo/blob/276776815a7f8b2907d079073a92b91d3a02cedb/catalog/apis/asyncapi-apis.yaml
Itshalffull/Concept-Oriented-Programming-Framework	generated/interfaces/specs/asyncapi.yaml	https://github.com/Itshalffull/Concept-Oriented-Programming-Framework/blob/152e3f95f8e2cc1660be0d9c6c9e9bd431751f69/generated/interfaces/specs/asyncapi.yaml
rainbow-mobile/web_robot_server	asyncapi.yaml	https://github.com/rainbow-mobile/web_robot_server/blob/83a6d67aaa3ae27c1b557863b46d6c8cdae39466/asyncapi.yaml
VistA-Evolved/vista-evolved-platform	packages/contracts/asyncapi/control-plane-provisioning-events.asyncapi.yaml	https://github.com/VistA-Evolved/vista-evolved-platform/blob/64c7518506f87ca81c57b9d1e222c378876005fa/packages/contracts/asyncapi/control-plane-provisioning-events.asyncapi.yaml
hmajid2301/banterbus	docs/asyncapi.yaml	https://github.com/hmajid2301/banterbus/blob/3089fca9340746decfe3964ceb68d46eb94dd90f/docs/asyncapi.yaml
alliander-opensource/lsis-api-specs	lsis-asyncapi.yaml	https://github.com/alliander-opensource/lsis-api-specs/blob/530700d0cb3a389593faa15a6261ba7aca4005d7/lsis-asyncapi.yaml
codeboltai/codeboltjs	asyncapi.yaml	https://github.com/codeboltai/codeboltjs/blob/2d5b9a80fb31bfa1249033ea978fdd673d6deac9/asyncapi.yaml
CardanoSolutions/ogmios	docs/static/api/v5.6/specification.yaml	https://github.com/CardanoSolutions/ogmios/blob/bdb1bad58506e9ac470796c5e1406cde49aebc1a/docs/static/api/v5.6/specification.yaml
huynguyengl99/chanx	sandbox_fastapi/tests/test_results/asyncapi_schema.yaml	https://github.com/huynguyengl99/chanx/blob/decfb4808c1ef4997fe4c4c3104f63d60e9e347f/sandbox_fastapi/tests/test_results/asyncapi_schema.yaml
mcavicchiaUADE/desapps2	asyncapi-backoffice.yaml	https://github.com/mcavicchiaUADE/desapps2/blob/92fa49045051afd8049de28cb16a2783a5045f1e/asyncapi-backoffice.yaml
Bikxs/Skafu	design/contracts/events/skafu-events.yaml	https://github.com/Bikxs/Skafu/blob/f93f03d189e63844b529140ee728afde33ab3310/design/contracts/events/skafu-events.yaml
speechmatics/docs	spec/realtime.yaml	https://github.com/speechmatics/docs/blob/0b3127398bdf4b1a07d4cb1a36f34fa4c619e9ac/spec/realtime.yaml
ETI-Software-Solutions/api-specifications	Triad/async/location/location-api-1.0.yaml	https://github.com/ETI-Software-Solutions/api-specifications/blob/b1dd00465639e36951ca4332279b87a9faab5dd1/Triad/async/location/location-api-1.0.yaml
Owen-Richards/ai-nutritionist	docs/api-reference/asyncapi/ai-nutritionist-events.yaml	https://github.com/Owen-Richards/ai-nutritionist/blob/8eb8fd1f2689fd564133c41c850ade2e59a99771/docs/api-reference/asyncapi/ai-nutritionist-events.yaml
ccradle/finding-a-bed-tonight	docs/asyncapi.yaml	https://github.com/ccradle/finding-a-bed-tonight/blob/b62e895c7a653dbc5be65f2654d648b2840d8ccb/docs/asyncapi.yaml
MALIEV-Co-Ltd/Maliev.MessagingContracts	asyncapi/asyncapi.yaml	https://github.com/MALIEV-Co-Ltd/Maliev.MessagingContracts/blob/93483b0b3c2dc5ac384b336d0f7e48f9227d3fc6/asyncapi/asyncapi.yaml
DEFRA/ffc-pay-data-hub	app/docs/asyncapi.yaml	https://github.com/DEFRA/ffc-pay-data-hub/blob/acea9aba4254be0128eee9463db28659fb1e656a/app/docs/asyncapi.yaml
filipepacheco/the-jam-app-frontend	asyncapi.yaml	https://github.com/filipepacheco/the-jam-app-frontend/blob/6934265cb0ca5577bb8d60176b5ad820442d245a/asyncapi.yaml
DEFRA/ffc-doc-statement-data	docs/asyncapi.yaml	https://github.com/DEFRA/ffc-doc-statement-data/blob/c2f764f14a6c937f5e8440c2a23b529a6e627072/docs/asyncapi.yaml
DeepLcom/api-docs	api-reference/voice/voice.asyncapi.yaml	https://github.com/DeepLcom/api-docs/blob/8ac654dc6d61bd45a6890d7870586dd33641b530/api-reference/voice/voice.asyncapi.yaml
DEFRA/ffc-doc-statement-generator	docs/asyncapi.yaml	https://github.com/DEFRA/ffc-doc-statement-generator/blob/325f18821539d8c47d4fc3747d931f77c6d5363e/docs/asyncapi.yaml
arc-framework/arc-platform	specs/013-sherlock-rag-api/contracts/asyncapi.yaml	https://github.com/arc-framework/arc-platform/blob/a4f97ee9771e79fabb3d4680893e9ac0bc3b5150/specs/013-sherlock-rag-api/contracts/asyncapi.yaml
straylight-archive/render-api	api/render.asyncapi.yaml	https://github.com/straylight-archive/render-api/blob/36d9366b2c0be6bbc3c51d8e3d80e7e8403e7ec3/api/render.asyncapi.yaml
klurvio/sukko	ws/docs/asyncapi/client-ws.asyncapi.yaml	https://github.com/klurvio/sukko/blob/d610184bbbccd0d3ea89bb84fed75027646bc5e8/ws/docs/asyncapi/client-ws.asyncapi.yaml
metalalive/e_commerce	services/order/doc/api/asyncapi.yaml	https://github.com/metalalive/e_commerce/blob/beef0586e80da301377157f728aded831e36f204/services/order/doc/api/asyncapi.yaml
ravecat/songy	priv/specs/asyncapi.yaml	https://github.com/ravecat/songy/blob/0812625432c6d63e8fcc188be64d071f2859c1ad/priv/specs/asyncapi.yaml
huynguyengl99/chanx-fastapi-tutorial	src/tests/test_results/asyncapi_schema.yaml	https://github.com/huynguyengl99/chanx-fastapi-tutorial/blob/8ba18c349dedea7bdebd23eb382c21ca893bb005/src/tests/test_results/asyncapi_schema.yaml
interruping/upbeat	specs/websocket.yaml	https://github.com/interruping/upbeat/blob/4bfc42df1574deebefde24aca06baf52bd45a54b/specs/websocket.yaml
DEFRA/ffc-doc-statement-constructor	docs/asyncapi.yaml	https://github.com/DEFRA/ffc-doc-statement-constructor/blob/c7da3581ca98d894163331d3cd45181640ed5509/docs/asyncapi.yaml
dnonakolesax/cccad-locks	docs/asyncapi.yaml	https://github.com/dnonakolesax/cccad-locks/blob/859e7c93e64135cb9474faab022034a837772976/docs/asyncapi.yaml
Tafseerhussain/zillabase_portal	public/asyncapi_REST_APIs.yaml	https://github.com/Tafseerhussain/zillabase_portal/blob/244f8ac207bc543124ed93ab566c97e89364ff9e/public/asyncapi_REST_APIs.yaml
EDI-Energy/api-directory-service	api/webSocketV1.yaml	https://github.com/EDI-Energy/api-directory-service/blob/74a01c6be19041e944665d860c90d3c27921d822/api/webSocketV1.yaml
babelforce/rtvbp-spec	asyncapi.yaml	https://github.com/babelforce/rtvbp-spec/blob/a11ce6c718895c0b75badcda24669151b8dc3d9b/asyncapi.yaml
aerdman1/aerdman1.github.io	asyncapi.yaml	https://github.com/aerdman1/aerdman1.github.io/blob/5a3bdb4d141aee9b34d9b9a42dc7c3be1435fedc/asyncapi.yaml
delokoseni/apigateway	apigateway.yaml	https://github.com/delokoseni/apigateway/blob/1ebbe4e1cb6181da721034721384da7d4ff6cee7/apigateway.yaml
zachariep/spring-petclinic-saga-refactor	model_2/api-contracts/asyncapi/petclinic-events.yaml	https://github.com/zachariep/spring-petclinic-saga-refactor/blob/3dae354e5cd2345aa27c22a62639c9b4d3a95a93/model_2/api-contracts/asyncapi/petclinic-events.yaml
hongkongkiwi/yorked-docs	docs/technical/contracts/asyncapi.yaml	https://github.com/hongkongkiwi/yorked-docs/blob/851e2ede32f4807cc3382222105ea49e24494f23/docs/technical/contracts/asyncapi.yaml
lufyxz7/xpogo	packages/backend/CHATBOT_ASYNCAPI.yaml	https://github.com/lufyxz7/xpogo/blob/7ca7f273e1f2236c346624930ed1d6ff3df4e49d/packages/backend/CHATBOT_ASYNCAPI.yaml
HexRohit/cardano	docs/static/api/specification.yaml	https://github.com/HexRohit/cardano/blob/c7005e747547a640251fe69ce666bb6d262c3db1/docs/static/api/specification.yaml
saujasn/accelerator	api/asyncapi.yaml	https://github.com/saujasn/accelerator/blob/1afe8ff9e03b04aa03419e1c60ba6de88882f6ee/api/asyncapi.yaml
UTXOnly/oddrip	asyncapi.yaml	https://github.com/UTXOnly/oddrip/blob/dcbfcb06e7561dd1b1dc710a883232f279c9661c/asyncapi.yaml
opencaps/mqttcomms	asyncapi.yaml	https://github.com/opencaps/mqttcomms/blob/ae0923ba193c9da86779c8eb490510ce7d99b0bc/asyncapi.yaml
openpx-trade/openpx	docs/openpx.asyncapi.yaml	https://github.com/openpx-trade/openpx/blob/2004eb07fa5d61c5262617389e30a77922d052b1/docs/openpx.asyncapi.yaml
HyPolDev/Bot	agents/docs/kalshi_asyncapi.yaml	https://github.com/HyPolDev/Bot/blob/765f4aa4d1e7be9a4a0fe22829e6f720478443a8/agents/docs/kalshi_asyncapi.yaml
ammario/kalshi-docs	asyncapi.yaml	https://github.com/ammario/kalshi-docs/blob/609be7dc37fd265f6010ae89cefd7c52eea21ed3/asyncapi.yaml
btravers/amqp-contract	pnpm-lock.yaml	https://github.com/btravers/amqp-contract/blob/038421cfa3a0c5b7c249f373f5798076c22c467c/pnpm-lock.yaml
pingxin403/platform-console	app-config.yaml	https://github.com/pingxin403/platform-console/blob/19052f274a84da1f5500f910291aa2e048bd4003/app-config.yaml
delano/postman-mcp-server	docs/api/references/postman-api-responsessonly.yaml	https://github.com/delano/postman-mcp-server/blob/d29c2df5dedbb4f3384ebc0a71e8d256e04671a2/docs/api/references/postman-api-responsessonly.yaml
nikescar/dure	docs/asyncapi.yaml	https://github.com/nikescar/dure/blob/58ab7e82f4a200adadf92ed4a223986831b81f98/docs/asyncapi.yaml
solace-cto-labs/solace-amplify-discovery-agent	codegen/connector.yaml	https://github.com/solace-cto-labs/solace-amplify-discovery-agent/blob/4ae4e4c5cede3163ceaa9be2cb47b88e68e0025c/codegen/connector.yaml
it-incubator/nestjs	examples/nestjs/microservices/async-api-ms/pnpm-lock.yaml	https://github.com/it-incubator/nestjs/blob/023534f7b50f8f0720b6f4570e4ac7597339bf91/examples/nestjs/microservices/async-api-ms/pnpm-lock.yaml
dhanisetti/Tenderlink	specs/events/tenderlink-events.yaml	https://github.com/dhanisetti/Tenderlink/blob/62c41d83c5cac7a0c8ea65ca7b86c07b58d1888f/specs/events/tenderlink-events.yaml
worried-networking/uptrakit	crates/shared/wire/asyncapi.yaml	https://github.com/worried-networking/uptrakit/blob/2974ccf350495be1411f748b226d1c24cf42a93f/crates/shared/wire/asyncapi.yaml
yourbourse/trade-server-trading-view-js	src/schema/asyncapi.yaml	https://github.com/yourbourse/trade-server-trading-view-js/blob/82b66a3748b47e12d16669af6ae64a898d06375d/src/schema/asyncapi.yaml
xavisavvy/scrum-monsters	specs/asyncapi.yaml	https://github.com/xavisavvy/scrum-monsters/blob/69bf286c8730bbb41af33d4af0d8eed151481c0c/specs/asyncapi.yaml
christianrowlands/network-survey-messaging	src/main/asyncapi/network_survey_messaging.yaml	https://github.com/christianrowlands/network-survey-messaging/blob/60f266c0c0e7373cc212c781c61779c28bac1a97/src/main/asyncapi/network_survey_messaging.yaml
solace-cto-labs/solace-axway-agent	specs/connector.yaml	https://github.com/solace-cto-labs/solace-axway-agent/blob/b7afd239c485976fef32bf44f2459fefc90cd55f/specs/connector.yaml
VoiceBlender/voiceblender	asyncapi.yaml	https://github.com/VoiceBlender/voiceblender/blob/b406333f4900adb9a3407e4075bcc58cc4f5127b/asyncapi.yaml
Xen0Xys/N2I-2024-API	pnpm-lock.yaml	https://github.com/Xen0Xys/N2I-2024-API/blob/6795a743215e7d1e15e3843300086a5a594821d5/pnpm-lock.yaml
SchwarzIT/api-linter-rules	pnpm-lock.yaml	https://github.com/SchwarzIT/api-linter-rules/blob/b9512841d70820648974e8e35430b8374708ca57/pnpm-lock.yaml
Netcracker/qubership-apihub-test-service	qubership-apihub-test-service/static/asyncapi.yaml	https://github.com/Netcracker/qubership-apihub-test-service/blob/200e2cc4f7e01591fe77c4a741d613963bd4880b/qubership-apihub-test-service/static/asyncapi.yaml
pascal-audio/px-api	asyncapi/px-api.yaml	https://github.com/pascal-audio/px-api/blob/90ec21307fa1fae84e15aa90c011d9bcd3207e5a/asyncapi/px-api.yaml
kanekoshoyu/asyncapi-rust-ws-template	test/input/v3.yaml	https://github.com/kanekoshoyu/asyncapi-rust-ws-template/blob/d6c4082bd58a58a2c2f254d4d2ec3d7d6d7530ad/test/input/v3.yaml
yukihito-jokyu/postman-mcp-server	docs/api/references/postman-api-responsessonly.yaml	https://github.com/yukihito-jokyu/postman-mcp-server/blob/090576a83cddc8a8353c308e7c4cd9fe5b8d5516/docs/api/references/postman-api-responsessonly.yaml
